index,credit_rating
0,Хороший
1,Хороший
2,Хороший
3,Хороший
4,Хороший
5,Хороший
6,Хороший
7,Хороший
16,Обычный
17,Хороший
18,Хороший
19,Хороший
20,Хороший
21,Хороший
22,Хороший
23,Хороший
48,Хороший
49,Хороший
50,Хороший
51,Хороший
52,Хороший
53,Хороший
54,Хороший
55,Хороший
64,Обычный
65,Хороший
66,Хороший
67,Обычный
68,Хороший
69,Обычный
70,Хороший
71,Хороший
72,Хороший
73,Хороший
74,Хороший
75,Хороший
76,Хороший
77,Хороший
78,Обычный
79,Хороший
80,Обычный
81,Обычный
82,Обычный
83,Обычный
84,Обычный
85,Обычный
86,Обычный
87,Обычный
120,Обычный
121,Обычный
122,Обычный
123,Обычный
124,Обычный
125,Обычный
126,Обычный
127,Обычный
136,Обычный
137,Обычный
138,Обычный
139,Обычный
140,Плохой
141,Плохой
142,Обычный
143,Плохой
144,Обычный
145,Обычный
146,Обычный
147,Обычный
148,Обычный
149,Обычный
150,Обычный
151,Обычный
168,Плохой
169,Плохой
170,Плохой
171,Плохой
172,Плохой
173,Плохой
174,Плохой
175,Плохой
176,Хороший
177,Хороший
178,Хороший
179,Хороший
180,Хороший
181,Хороший
182,Хороший
183,Хороший
192,Плохой
193,Плохой
194,Плохой
195,Плохой
196,Плохой
197,Плохой
198,Плохой
199,Плохой
200,Обычный
201,Обычный
202,Обычный
203,Обычный
204,Обычный
205,Обычный
206,Обычный
207,Обычный
224,Обычный
225,Обычный
226,Обычный
227,Обычный
228,Обычный
229,Обычный
230,Обычный
231,Обычный
240,Хороший
241,Хороший
242,Хороший
243,Хороший
244,Обычный
245,Хороший
246,Хороший
247,Хороший
248,Плохой
249,Плохой
250,Плохой
251,Плохой
252,Плохой
253,Плохой
254,Плохой
255,Плохой
256,Обычный
257,Обычный
258,Обычный
259,Обычный
260,Обычный
261,Обычный
262,Обычный
263,Обычный
264,Обычный
265,Обычный
266,Обычный
267,Обычный
268,Обычный
269,Обычный
270,Обычный
271,Обычный
288,Обычный
289,Обычный
290,Обычный
291,Плохой
292,Плохой
293,Плохой
294,Плохой
295,Плохой
304,Плохой
305,Плохой
306,Плохой
307,Плохой
308,Плохой
309,Плохой
310,Плохой
311,Плохой
312,Обычный
313,Обычный
314,Обычный
315,Обычный
316,Обычный
317,Обычный
318,Обычный
319,Обычный
320,Обычный
321,Обычный
322,Обычный
323,Обычный
324,Обычный
325,Обычный
326,Обычный
327,Обычный
368,Плохой
369,Плохой
370,Плохой
371,Плохой
372,Обычный
373,Плохой
374,Плохой
375,Плохой
400,Плохой
401,Плохой
402,Плохой
403,Плохой
404,Плохой
405,Плохой
406,Плохой
407,Плохой
416,Обычный
417,Обычный
418,Обычный
419,Обычный
420,Обычный
421,Обычный
422,Обычный
423,Обычный
424,Обычный
425,Хороший
426,Хороший
427,Обычный
428,Обычный
429,Обычный
430,Обычный
431,Обычный
448,Обычный
449,Обычный
450,Обычный
451,Обычный
452,Обычный
453,Обычный
454,Обычный
455,Обычный
504,Хороший
505,Хороший
506,Хороший
507,Хороший
508,Хороший
509,Хороший
510,Хороший
511,Обычный
536,Плохой
537,Плохой
538,Плохой
539,Плохой
540,Плохой
541,Плохой
542,Плохой
543,Плохой
600,Плохой
601,Плохой
602,Плохой
603,Плохой
604,Плохой
605,Плохой
606,Плохой
607,Плохой
640,Обычный
641,Обычный
642,Обычный
643,Обычный
644,Обычный
645,Обычный
646,Обычный
647,Обычный
672,Обычный
673,Обычный
674,Обычный
675,Обычный
676,Обычный
677,Обычный
678,Обычный
679,Обычный
704,Обычный
705,Обычный
706,Обычный
707,Обычный
708,Обычный
709,Обычный
710,Обычный
711,Обычный
712,Хороший
713,Обычный
714,Хороший
715,Хороший
716,Хороший
717,Хороший
718,Хороший
719,Обычный
760,Обычный
761,Обычный
762,Обычный
763,Плохой
764,Плохой
765,Плохой
766,Плохой
767,Плохой
784,Обычный
785,Обычный
786,Обычный
787,Обычный
788,Обычный
789,Обычный
790,Обычный
791,Обычный
808,Обычный
809,Обычный
810,Обычный
811,Обычный
812,Обычный
813,Обычный
814,Обычный
815,Обычный
816,Плохой
817,Плохой
818,Плохой
819,Плохой
820,Плохой
821,Плохой
822,Плохой
823,Плохой
824,Обычный
825,Обычный
826,Обычный
827,Обычный
828,Обычный
829,Обычный
830,Обычный
831,Обычный
848,Обычный
849,Обычный
850,Обычный
851,Обычный
852,Обычный
853,Обычный
854,Обычный
855,Обычный
856,Хороший
857,Обычный
858,Обычный
859,Хороший
860,Хороший
861,Хороший
862,Обычный
863,Обычный
888,Обычный
889,Обычный
890,Обычный
891,Обычный
892,Обычный
893,Обычный
894,Хороший
895,Хороший
896,Хороший
897,Хороший
898,Обычный
899,Хороший
900,Хороший
901,Хороший
902,Хороший
903,Хороший
912,Обычный
913,Обычный
914,Обычный
915,Обычный
916,Обычный
917,Обычный
918,Обычный
919,Обычный
920,Хороший
921,Хороший
922,Хороший
923,Хороший
924,Хороший
925,Хороший
926,Хороший
927,Хороший
960,Плохой
961,Обычный
962,Обычный
963,Обычный
964,Обычный
965,Обычный
966,Обычный
967,Обычный
992,Обычный
993,Обычный
994,Обычный
995,Обычный
996,Обычный
997,Обычный
998,Обычный
999,Обычный
1000,Плохой
1001,Плохой
1002,Плохой
1003,Плохой
1004,Плохой
1005,Плохой
1006,Плохой
1007,Плохой
1016,Хороший
1017,Хороший
1018,Хороший
1019,Хороший
1020,Обычный
1021,Обычный
1022,Хороший
1023,Хороший
1080,Обычный
1081,Обычный
1082,Обычный
1083,Обычный
1084,Обычный
1085,Обычный
1086,Обычный
1087,Обычный
1096,Обычный
1097,Обычный
1098,Обычный
1099,Обычный
1100,Обычный
1101,Обычный
1102,Обычный
1103,Обычный
1112,Обычный
1113,Обычный
1114,Обычный
1115,Обычный
1116,Обычный
1117,Обычный
1118,Обычный
1119,Обычный
1144,Обычный
1145,Обычный
1146,Обычный
1147,Обычный
1148,Обычный
1149,Обычный
1150,Обычный
1151,Обычный
1152,Плохой
1153,Плохой
1154,Обычный
1155,Обычный
1156,Обычный
1157,Обычный
1158,Плохой
1159,Плохой
1176,Плохой
1177,Плохой
1178,Плохой
1179,Плохой
1180,Плохой
1181,Плохой
1182,Плохой
1183,Плохой
1216,Хороший
1217,Хороший
1218,Хороший
1219,Хороший
1220,Хороший
1221,Хороший
1222,Хороший
1223,Хороший
1224,Хороший
1225,Хороший
1226,Хороший
1227,Обычный
1228,Хороший
1229,Плохой
1230,Хороший
1231,Плохой
1240,Обычный
1241,Обычный
1242,Обычный
1243,Обычный
1244,Обычный
1245,Обычный
1246,Обычный
1247,Обычный
1256,Обычный
1257,Обычный
1258,Обычный
1259,Обычный
1260,Обычный
1261,Обычный
1262,Обычный
1263,Обычный
1264,Плохой
1265,Хороший
1266,Плохой
1267,Плохой
1268,Плохой
1269,Плохой
1270,Плохой
1271,Плохой
1272,Обычный
1273,Обычный
1274,Обычный
1275,Обычный
1276,Обычный
1277,Обычный
1278,Обычный
1279,Обычный
1280,Плохой
1281,Плохой
1282,Плохой
1283,Плохой
1284,Обычный
1285,Обычный
1286,Плохой
1287,Плохой
1288,Плохой
1289,Обычный
1290,Обычный
1291,Обычный
1292,Обычный
1293,Обычный
1294,Обычный
1295,Обычный
1304,Плохой
1305,Плохой
1306,Плохой
1307,Плохой
1308,Плохой
1309,Плохой
1310,Плохой
1311,Плохой
1336,Плохой
1337,Хороший
1338,Хороший
1339,Хороший
1340,Плохой
1341,Хороший
1342,Хороший
1343,Хороший
1360,Плохой
1361,Плохой
1362,Обычный
1363,Плохой
1364,Плохой
1365,Обычный
1366,Обычный
1367,Плохой
1408,Обычный
1409,Обычный
1410,Обычный
1411,Обычный
1412,Обычный
1413,Обычный
1414,Обычный
1415,Обычный
1416,Обычный
1417,Обычный
1418,Обычный
1419,Обычный
1420,Обычный
1421,Обычный
1422,Обычный
1423,Обычный
1440,Плохой
1441,Хороший
1442,Обычный
1443,Хороший
1444,Хороший
1445,Хороший
1446,Хороший
1447,Плохой
1472,Плохой
1473,Обычный
1474,Обычный
1475,Обычный
1476,Плохой
1477,Плохой
1478,Плохой
1479,Плохой
1480,Обычный
1481,Обычный
1482,Обычный
1483,Обычный
1484,Обычный
1485,Обычный
1486,Обычный
1487,Обычный
1528,Хороший
1529,Хороший
1530,Плохой
1531,Хороший
1532,Хороший
1533,Хороший
1534,Хороший
1535,Хороший
1584,Обычный
1585,Хороший
1586,Хороший
1587,Хороший
1588,Хороший
1589,Хороший
1590,Хороший
1591,Хороший
1616,Плохой
1617,Обычный
1618,Обычный
1619,Плохой
1620,Обычный
1621,Плохой
1622,Обычный
1623,Обычный
1656,Хороший
1657,Хороший
1658,Хороший
1659,Хороший
1660,Хороший
1661,Хороший
1662,Хороший
1663,Хороший
1664,Обычный
1665,Обычный
1666,Обычный
1667,Обычный
1668,Обычный
1669,Обычный
1670,Обычный
1671,Обычный
1712,Плохой
1713,Плохой
1714,Плохой
1715,Плохой
1716,Плохой
1717,Плохой
1718,Плохой
1719,Плохой
1720,Обычный
1721,Обычный
1722,Обычный
1723,Обычный
1724,Обычный
1725,Обычный
1726,Обычный
1727,Обычный
1728,Обычный
1729,Обычный
1730,Обычный
1731,Обычный
1732,Обычный
1733,Обычный
1734,Обычный
1735,Обычный
1744,Плохой
1745,Плохой
1746,Плохой
1747,Плохой
1748,Плохой
1749,Плохой
1750,Плохой
1751,Плохой
1824,Обычный
1825,Обычный
1826,Обычный
1827,Обычный
1828,Обычный
1829,Обычный
1830,Обычный
1831,Обычный
1832,Обычный
1833,Обычный
1834,Обычный
1835,Обычный
1836,Обычный
1837,Обычный
1838,Обычный
1839,Обычный
1856,Хороший
1857,Хороший
1858,Хороший
1859,Хороший
1860,Обычный
1861,Хороший
1862,Хороший
1863,Хороший
1880,Плохой
1881,Плохой
1882,Плохой
1883,Плохой
1884,Плохой
1885,Плохой
1886,Плохой
1887,Плохой
1912,Обычный
1913,Обычный
1914,Обычный
1915,Обычный
1916,Обычный
1917,Обычный
1918,Обычный
1919,Обычный
1944,Обычный
1945,Обычный
1946,Обычный
1947,Обычный
1948,Обычный
1949,Обычный
1950,Обычный
1951,Обычный
1968,Хороший
1969,Хороший
1970,Хороший
1971,Хороший
1972,Хороший
1973,Хороший
1974,Хороший
1975,Хороший
1976,Плохой
1977,Плохой
1978,Плохой
1979,Плохой
1980,Плохой
1981,Плохой
1982,Плохой
1983,Плохой
1992,Обычный
1993,Обычный
1994,Обычный
1995,Обычный
1996,Обычный
1997,Обычный
1998,Обычный
1999,Обычный
2000,Обычный
2001,Обычный
2002,Обычный
2003,Обычный
2004,Обычный
2005,Обычный
2006,Обычный
2007,Обычный
2016,Хороший
2017,Обычный
2018,Обычный
2019,Обычный
2020,Обычный
2021,Обычный
2022,Обычный
2023,Обычный
2024,Плохой
2025,Плохой
2026,Плохой
2027,Плохой
2028,Плохой
2029,Плохой
2030,Плохой
2031,Плохой
2032,Хороший
2033,Хороший
2034,Хороший
2035,Хороший
2036,Хороший
2037,Хороший
2038,Хороший
2039,Хороший
2048,Плохой
2049,Плохой
2050,Плохой
2051,Плохой
2052,Плохой
2053,Плохой
2054,Плохой
2055,Плохой
2064,Обычный
2065,Обычный
2066,Обычный
2067,Обычный
2068,Обычный
2069,Обычный
2070,Обычный
2071,Обычный
2112,Обычный
2113,Обычный
2114,Обычный
2115,Обычный
2116,Обычный
2117,Обычный
2118,Обычный
2119,Обычный
2144,Плохой
2145,Плохой
2146,Обычный
2147,Плохой
2148,Плохой
2149,Плохой
2150,Плохой
2151,Плохой
2168,Плохой
2169,Плохой
2170,Плохой
2171,Плохой
2172,Плохой
2173,Плохой
2174,Плохой
2175,Плохой
2200,Обычный
2201,Обычный
2202,Хороший
2203,Обычный
2204,Обычный
2205,Хороший
2206,Хороший
2207,Обычный
2224,Хороший
2225,Хороший
2226,Хороший
2227,Хороший
2228,Хороший
2229,Хороший
2230,Хороший
2231,Хороший
2232,Плохой
2233,Плохой
2234,Плохой
2235,Плохой
2236,Плохой
2237,Плохой
2238,Плохой
2239,Обычный
2256,Обычный
2257,Обычный
2258,Обычный
2259,Обычный
2260,Обычный
2261,Плохой
2262,Плохой
2263,Обычный
2312,Плохой
2313,Плохой
2314,Плохой
2315,Плохой
2316,Плохой
2317,Плохой
2318,Плохой
2319,Плохой
2328,Плохой
2329,Плохой
2330,Плохой
2331,Плохой
2332,Плохой
2333,Плохой
2334,Плохой
2335,Плохой
2336,Обычный
2337,Обычный
2338,Обычный
2339,Обычный
2340,Обычный
2341,Обычный
2342,Обычный
2343,Обычный
2448,Плохой
2449,Плохой
2450,Плохой
2451,Плохой
2452,Плохой
2453,Плохой
2454,Плохой
2455,Плохой
2520,Плохой
2521,Плохой
2522,Плохой
2523,Обычный
2524,Плохой
2525,Плохой
2526,Плохой
2527,Плохой
2552,Плохой
2553,Плохой
2554,Плохой
2555,Плохой
2556,Плохой
2557,Плохой
2558,Плохой
2559,Плохой
2592,Обычный
2593,Обычный
2594,Обычный
2595,Обычный
2596,Обычный
2597,Обычный
2598,Обычный
2599,Обычный
2632,Обычный
2633,Обычный
2634,Обычный
2635,Обычный
2636,Обычный
2637,Обычный
2638,Обычный
2639,Обычный
2640,Плохой
2641,Обычный
2642,Обычный
2643,Плохой
2644,Обычный
2645,Обычный
2646,Плохой
2647,Обычный
2648,Обычный
2649,Обычный
2650,Обычный
2651,Обычный
2652,Обычный
2653,Обычный
2654,Обычный
2655,Обычный
2656,Обычный
2657,Обычный
2658,Обычный
2659,Обычный
2660,Обычный
2661,Обычный
2662,Обычный
2663,Обычный
2664,Обычный
2665,Обычный
2666,Обычный
2667,Обычный
2668,Обычный
2669,Обычный
2670,Обычный
2671,Обычный
2688,Обычный
2689,Обычный
2690,Обычный
2691,Обычный
2692,Обычный
2693,Обычный
2694,Обычный
2695,Обычный
2744,Обычный
2745,Обычный
2746,Обычный
2747,Обычный
2748,Обычный
2749,Обычный
2750,Обычный
2751,Обычный
2752,Обычный
2753,Плохой
2754,Плохой
2755,Плохой
2756,Плохой
2757,Плохой
2758,Плохой
2759,Обычный
2760,Плохой
2761,Плохой
2762,Плохой
2763,Плохой
2764,Плохой
2765,Плохой
2766,Плохой
2767,Плохой
2784,Обычный
2785,Обычный
2786,Обычный
2787,Обычный
2788,Обычный
2789,Обычный
2790,Обычный
2791,Обычный
2808,Обычный
2809,Обычный
2810,Обычный
2811,Обычный
2812,Обычный
2813,Обычный
2814,Обычный
2815,Обычный
2816,Хороший
2817,Хороший
2818,Хороший
2819,Хороший
2820,Хороший
2821,Хороший
2822,Хороший
2823,Хороший
2824,Хороший
2825,Хороший
2826,Обычный
2827,Хороший
2828,Хороший
2829,Хороший
2830,Хороший
2831,Хороший
2832,Обычный
2833,Обычный
2834,Обычный
2835,Обычный
2836,Обычный
2837,Обычный
2838,Обычный
2839,Обычный
2848,Обычный
2849,Обычный
2850,Обычный
2851,Обычный
2852,Обычный
2853,Обычный
2854,Обычный
2855,Обычный
2864,Обычный
2865,Обычный
2866,Обычный
2867,Плохой
2868,Плохой
2869,Обычный
2870,Плохой
2871,Плохой
2880,Плохой
2881,Плохой
2882,Плохой
2883,Плохой
2884,Плохой
2885,Плохой
2886,Плохой
2887,Плохой
2888,Хороший
2889,Хороший
2890,Хороший
2891,Хороший
2892,Хороший
2893,Хороший
2894,Хороший
2895,Хороший
2904,Обычный
2905,Обычный
2906,Обычный
2907,Обычный
2908,Обычный
2909,Обычный
2910,Обычный
2911,Обычный
2936,Обычный
2937,Обычный
2938,Обычный
2939,Обычный
2940,Обычный
2941,Обычный
2942,Обычный
2943,Обычный
2952,Обычный
2953,Обычный
2954,Обычный
2955,Обычный
2956,Обычный
2957,Обычный
2958,Обычный
2959,Обычный
2984,Хороший
2985,Хороший
2986,Хороший
2987,Хороший
2988,Хороший
2989,Хороший
2990,Хороший
2991,Хороший
3008,Обычный
3009,Обычный
3010,Обычный
3011,Обычный
3012,Обычный
3013,Обычный
3014,Обычный
3015,Хороший
3016,Обычный
3017,Обычный
3018,Обычный
3019,Обычный
3020,Обычный
3021,Обычный
3022,Обычный
3023,Обычный
3072,Плохой
3073,Плохой
3074,Плохой
3075,Плохой
3076,Плохой
3077,Плохой
3078,Плохой
3079,Плохой
3080,Обычный
3081,Обычный
3082,Обычный
3083,Обычный
3084,Обычный
3085,Обычный
3086,Обычный
3087,Обычный
3128,Обычный
3129,Обычный
3130,Обычный
3131,Обычный
3132,Обычный
3133,Обычный
3134,Обычный
3135,Обычный
3160,Обычный
3161,Обычный
3162,Обычный
3163,Обычный
3164,Обычный
3165,Обычный
3166,Обычный
3167,Обычный
3168,Плохой
3169,Плохой
3170,Плохой
3171,Плохой
3172,Плохой
3173,Плохой
3174,Плохой
3175,Плохой
3184,Обычный
3185,Обычный
3186,Обычный
3187,Обычный
3188,Обычный
3189,Обычный
3190,Обычный
3191,Обычный
3192,Обычный
3193,Обычный
3194,Обычный
3195,Обычный
3196,Обычный
3197,Обычный
3198,Обычный
3199,Обычный
3200,Плохой
3201,Плохой
3202,Плохой
3203,Плохой
3204,Плохой
3205,Плохой
3206,Плохой
3207,Плохой
3216,Хороший
3217,Хороший
3218,Хороший
3219,Хороший
3220,Хороший
3221,Хороший
3222,Хороший
3223,Хороший
3224,Обычный
3225,Обычный
3226,Обычный
3227,Обычный
3228,Обычный
3229,Обычный
3230,Обычный
3231,Обычный
3232,Обычный
3233,Обычный
3234,Обычный
3235,Обычный
3236,Обычный
3237,Обычный
3238,Обычный
3239,Обычный
3240,Обычный
3241,Обычный
3242,Обычный
3243,Обычный
3244,Обычный
3245,Обычный
3246,Обычный
3247,Обычный
3248,Плохой
3249,Плохой
3250,Плохой
3251,Плохой
3252,Плохой
3253,Плохой
3254,Плохой
3255,Плохой
3288,Обычный
3289,Обычный
3290,Обычный
3291,Обычный
3292,Обычный
3293,Обычный
3294,Обычный
3295,Обычный
3304,Плохой
3305,Плохой
3306,Плохой
3307,Плохой
3308,Плохой
3309,Плохой
3310,Плохой
3311,Плохой
3320,Обычный
3321,Обычный
3322,Обычный
3323,Обычный
3324,Обычный
3325,Обычный
3326,Обычный
3327,Обычный
3344,Хороший
3345,Хороший
3346,Хороший
3347,Хороший
3348,Хороший
3349,Обычный
3350,Хороший
3351,Хороший
3360,Хороший
3361,Хороший
3362,Хороший
3363,Обычный
3364,Хороший
3365,Хороший
3366,Хороший
3367,Хороший
3408,Обычный
3409,Обычный
3410,Обычный
3411,Обычный
3412,Обычный
3413,Обычный
3414,Обычный
3415,Обычный
3424,Плохой
3425,Плохой
3426,Плохой
3427,Плохой
3428,Плохой
3429,Плохой
3430,Плохой
3431,Плохой
3432,Хороший
3433,Хороший
3434,Хороший
3435,Хороший
3436,Хороший
3437,Хороший
3438,Хороший
3439,Хороший
3472,Обычный
3473,Обычный
3474,Обычный
3475,Обычный
3476,Обычный
3477,Обычный
3478,Обычный
3479,Обычный
3480,Обычный
3481,Обычный
3482,Обычный
3483,Обычный
3484,Обычный
3485,Обычный
3486,Обычный
3487,Обычный
3488,Хороший
3489,Обычный
3490,Хороший
3491,Хороший
3492,Хороший
3493,Хороший
3494,Хороший
3495,Хороший
3512,Хороший
3513,Хороший
3514,Хороший
3515,Хороший
3516,Хороший
3517,Хороший
3518,Хороший
3519,Хороший
3584,Плохой
3585,Плохой
3586,Плохой
3587,Плохой
3588,Плохой
3589,Плохой
3590,Плохой
3591,Плохой
3600,Обычный
3601,Обычный
3602,Обычный
3603,Обычный
3604,Обычный
3605,Обычный
3606,Обычный
3607,Обычный
3608,Обычный
3609,Обычный
3610,Обычный
3611,Обычный
3612,Обычный
3613,Обычный
3614,Обычный
3615,Обычный
3616,Обычный
3617,Обычный
3618,Обычный
3619,Обычный
3620,Обычный
3621,Обычный
3622,Обычный
3623,Обычный
3632,Обычный
3633,Обычный
3634,Обычный
3635,Обычный
3636,Обычный
3637,Обычный
3638,Обычный
3639,Плохой
3664,Обычный
3665,Обычный
3666,Обычный
3667,Обычный
3668,Обычный
3669,Обычный
3670,Обычный
3671,Обычный
3680,Обычный
3681,Обычный
3682,Обычный
3683,Обычный
3684,Обычный
3685,Обычный
3686,Обычный
3687,Обычный
3688,Обычный
3689,Обычный
3690,Обычный
3691,Обычный
3692,Обычный
3693,Плохой
3694,Обычный
3695,Обычный
3712,Плохой
3713,Плохой
3714,Плохой
3715,Плохой
3716,Плохой
3717,Плохой
3718,Плохой
3719,Плохой
3744,Обычный
3745,Обычный
3746,Обычный
3747,Обычный
3748,Обычный
3749,Обычный
3750,Обычный
3751,Обычный
3752,Обычный
3753,Обычный
3754,Обычный
3755,Обычный
3756,Обычный
3757,Обычный
3758,Обычный
3759,Плохой
3776,Плохой
3777,Плохой
3778,Плохой
3779,Плохой
3780,Плохой
3781,Плохой
3782,Плохой
3783,Плохой
3784,Хороший
3785,Хороший
3786,Хороший
3787,Плохой
3788,Плохой
3789,Хороший
3790,Хороший
3791,Хороший
3800,Обычный
3801,Обычный
3802,Обычный
3803,Обычный
3804,Обычный
3805,Обычный
3806,Обычный
3807,Обычный
3856,Плохой
3857,Плохой
3858,Плохой
3859,Плохой
3860,Обычный
3861,Плохой
3862,Обычный
3863,Плохой
3864,Плохой
3865,Плохой
3866,Плохой
3867,Плохой
3868,Плохой
3869,Обычный
3870,Обычный
3871,Обычный
3896,Хороший
3897,Хороший
3898,Хороший
3899,Хороший
3900,Хороший
3901,Хороший
3902,Хороший
3903,Хороший
3904,Плохой
3905,Плохой
3906,Плохой
3907,Плохой
3908,Плохой
3909,Плохой
3910,Плохой
3911,Плохой
3920,Обычный
3921,Обычный
3922,Обычный
3923,Обычный
3924,Обычный
3925,Обычный
3926,Обычный
3927,Обычный
3936,Обычный
3937,Обычный
3938,Обычный
3939,Обычный
3940,Обычный
3941,Обычный
3942,Обычный
3943,Обычный
3944,Обычный
3945,Обычный
3946,Обычный
3947,Обычный
3948,Обычный
3949,Обычный
3950,Обычный
3951,Обычный
3952,Обычный
3953,Обычный
3954,Обычный
3955,Обычный
3956,Обычный
3957,Обычный
3958,Обычный
3959,Обычный
3968,Обычный
3969,Обычный
3970,Обычный
3971,Плохой
3972,Обычный
3973,Обычный
3974,Плохой
3975,Обычный
4024,Обычный
4025,Обычный
4026,Обычный
4027,Плохой
4028,Обычный
4029,Плохой
4030,Обычный
4031,Плохой
4048,Плохой
4049,Плохой
4050,Плохой
4051,Плохой
4052,Плохой
4053,Плохой
4054,Плохой
4055,Плохой
4064,Плохой
4065,Плохой
4066,Плохой
4067,Плохой
4068,Плохой
4069,Плохой
4070,Плохой
4071,Плохой
4112,Обычный
4113,Обычный
4114,Обычный
4115,Обычный
4116,Обычный
4117,Обычный
4118,Обычный
4119,Обычный
4120,Хороший
4121,Обычный
4122,Хороший
4123,Обычный
4124,Хороший
4125,Хороший
4126,Обычный
4127,Хороший
4128,Плохой
4129,Плохой
4130,Плохой
4131,Плохой
4132,Плохой
4133,Плохой
4134,Плохой
4135,Плохой
4160,Хороший
4161,Хороший
4162,Хороший
4163,Хороший
4164,Хороший
4165,Хороший
4166,Хороший
4167,Хороший
4168,Обычный
4169,Обычный
4170,Обычный
4171,Обычный
4172,Обычный
4173,Обычный
4174,Обычный
4175,Обычный
4192,Плохой
4193,Плохой
4194,Плохой
4195,Плохой
4196,Плохой
4197,Плохой
4198,Плохой
4199,Плохой
4200,Обычный
4201,Обычный
4202,Обычный
4203,Обычный
4204,Обычный
4205,Обычный
4206,Обычный
4207,Обычный
4224,Хороший
4225,Хороший
4226,Хороший
4227,Хороший
4228,Хороший
4229,Хороший
4230,Хороший
4231,Хороший
4232,Обычный
4233,Обычный
4234,Обычный
4235,Обычный
4236,Обычный
4237,Обычный
4238,Обычный
4239,Обычный
4240,Обычный
4241,Хороший
4242,Хороший
4243,Хороший
4244,Хороший
4245,Хороший
4246,Хороший
4247,Хороший
4296,Хороший
4297,Хороший
4298,Хороший
4299,Хороший
4300,Хороший
4301,Обычный
4302,Хороший
4303,Хороший
4304,Обычный
4305,Обычный
4306,Обычный
4307,Обычный
4308,Обычный
4309,Обычный
4310,Обычный
4311,Обычный
4320,Обычный
4321,Обычный
4322,Обычный
4323,Плохой
4324,Плохой
4325,Обычный
4326,Плохой
4327,Плохой
4360,Обычный
4361,Обычный
4362,Обычный
4363,Обычный
4364,Обычный
4365,Обычный
4366,Обычный
4367,Обычный
4384,Обычный
4385,Обычный
4386,Обычный
4387,Обычный
4388,Плохой
4389,Плохой
4390,Плохой
4391,Плохой
4408,Обычный
4409,Обычный
4410,Хороший
4411,Обычный
4412,Обычный
4413,Обычный
4414,Обычный
4415,Хороший
4424,Обычный
4425,Обычный
4426,Обычный
4427,Обычный
4428,Обычный
4429,Обычный
4430,Обычный
4431,Обычный
4440,Плохой
4441,Плохой
4442,Плохой
4443,Плохой
4444,Плохой
4445,Плохой
4446,Плохой
4447,Плохой
4456,Хороший
4457,Хороший
4458,Хороший
4459,Хороший
4460,Обычный
4461,Обычный
4462,Хороший
4463,Хороший
4472,Обычный
4473,Обычный
4474,Обычный
4475,Обычный
4476,Обычный
4477,Обычный
4478,Обычный
4479,Обычный
4480,Обычный
4481,Обычный
4482,Обычный
4483,Обычный
4484,Обычный
4485,Обычный
4486,Обычный
4487,Обычный
4488,Обычный
4489,Обычный
4490,Обычный
4491,Обычный
4492,Обычный
4493,Обычный
4494,Обычный
4495,Обычный
4552,Обычный
4553,Обычный
4554,Обычный
4555,Обычный
4556,Обычный
4557,Обычный
4558,Обычный
4559,Обычный
4576,Хороший
4577,Хороший
4578,Хороший
4579,Плохой
4580,Хороший
4581,Плохой
4582,Обычный
4583,Хороший
4592,Хороший
4593,Хороший
4594,Хороший
4595,Хороший
4596,Обычный
4597,Обычный
4598,Обычный
4599,Обычный
4608,Обычный
4609,Обычный
4610,Обычный
4611,Обычный
4612,Обычный
4613,Обычный
4614,Обычный
4615,Обычный
4616,Плохой
4617,Обычный
4618,Плохой
4619,Плохой
4620,Плохой
4621,Обычный
4622,Плохой
4623,Плохой
4648,Плохой
4649,Обычный
4650,Обычный
4651,Плохой
4652,Обычный
4653,Плохой
4654,Обычный
4655,Плохой
4656,Плохой
4657,Плохой
4658,Плохой
4659,Плохой
4660,Плохой
4661,Плохой
4662,Плохой
4663,Плохой
4688,Плохой
4689,Плохой
4690,Плохой
4691,Плохой
4692,Плохой
4693,Плохой
4694,Плохой
4695,Плохой
4696,Обычный
4697,Обычный
4698,Обычный
4699,Обычный
4700,Обычный
4701,Обычный
4702,Обычный
4703,Обычный
4704,Обычный
4705,Обычный
4706,Обычный
4707,Обычный
4708,Обычный
4709,Обычный
4710,Обычный
4711,Обычный
4712,Хороший
4713,Хороший
4714,Хороший
4715,Хороший
4716,Хороший
4717,Хороший
4718,Хороший
4719,Хороший
4736,Хороший
4737,Хороший
4738,Хороший
4739,Хороший
4740,Обычный
4741,Хороший
4742,Хороший
4743,Хороший
4808,Обычный
4809,Плохой
4810,Обычный
4811,Обычный
4812,Обычный
4813,Обычный
4814,Обычный
4815,Обычный
4824,Хороший
4825,Хороший
4826,Хороший
4827,Хороший
4828,Хороший
4829,Хороший
4830,Хороший
4831,Хороший
4864,Плохой
4865,Плохой
4866,Плохой
4867,Плохой
4868,Плохой
4869,Плохой
4870,Плохой
4871,Плохой
4880,Хороший
4881,Хороший
4882,Хороший
4883,Хороший
4884,Хороший
4885,Хороший
4886,Хороший
4887,Хороший
4904,Плохой
4905,Плохой
4906,Плохой
4907,Плохой
4908,Плохой
4909,Плохой
4910,Плохой
4911,Плохой
4952,Обычный
4953,Обычный
4954,Обычный
4955,Обычный
4956,Обычный
4957,Обычный
4958,Обычный
4959,Обычный
4960,Обычный
4961,Обычный
4962,Обычный
4963,Обычный
4964,Обычный
4965,Обычный
4966,Обычный
4967,Обычный
4984,Обычный
4985,Плохой
4986,Плохой
4987,Плохой
4988,Обычный
4989,Плохой
4990,Плохой
4991,Обычный
5024,Хороший
5025,Хороший
5026,Хороший
5027,Хороший
5028,Обычный
5029,Обычный
5030,Обычный
5031,Обычный
5040,Обычный
5041,Обычный
5042,Обычный
5043,Обычный
5044,Обычный
5045,Обычный
5046,Обычный
5047,Обычный
5048,Плохой
5049,Плохой
5050,Плохой
5051,Плохой
5052,Плохой
5053,Плохой
5054,Плохой
5055,Плохой
5056,Хороший
5057,Хороший
5058,Хороший
5059,Хороший
5060,Хороший
5061,Хороший
5062,Хороший
5063,Хороший
5064,Обычный
5065,Обычный
5066,Обычный
5067,Обычный
5068,Обычный
5069,Обычный
5070,Обычный
5071,Обычный
5088,Обычный
5089,Обычный
5090,Обычный
5091,Обычный
5092,Обычный
5093,Хороший
5094,Хороший
5095,Обычный
5120,Обычный
5121,Обычный
5122,Обычный
5123,Обычный
5124,Обычный
5125,Обычный
5126,Обычный
5127,Обычный
5128,Обычный
5129,Обычный
5130,Обычный
5131,Обычный
5132,Обычный
5133,Обычный
5134,Обычный
5135,Обычный
5136,Плохой
5137,Плохой
5138,Обычный
5139,Плохой
5140,Плохой
5141,Плохой
5142,Плохой
5143,Плохой
5200,Обычный
5201,Обычный
5202,Обычный
5203,Обычный
5204,Обычный
5205,Обычный
5206,Обычный
5207,Обычный
5240,Обычный
5241,Обычный
5242,Обычный
5243,Обычный
5244,Обычный
5245,Обычный
5246,Обычный
5247,Обычный
5288,Плохой
5289,Плохой
5290,Плохой
5291,Обычный
5292,Обычный
5293,Обычный
5294,Обычный
5295,Обычный
5296,Обычный
5297,Обычный
5298,Обычный
5299,Обычный
5300,Обычный
5301,Обычный
5302,Обычный
5303,Обычный
5304,Хороший
5305,Хороший
5306,Хороший
5307,Обычный
5308,Хороший
5309,Хороший
5310,Хороший
5311,Хороший
5336,Обычный
5337,Обычный
5338,Обычный
5339,Обычный
5340,Обычный
5341,Обычный
5342,Обычный
5343,Обычный
5392,Хороший
5393,Хороший
5394,Обычный
5395,Хороший
5396,Обычный
5397,Обычный
5398,Хороший
5399,Хороший
5400,Плохой
5401,Плохой
5402,Плохой
5403,Плохой
5404,Плохой
5405,Плохой
5406,Плохой
5407,Плохой
5424,Плохой
5425,Плохой
5426,Плохой
5427,Плохой
5428,Плохой
5429,Плохой
5430,Плохой
5431,Плохой
5440,Обычный
5441,Обычный
5442,Обычный
5443,Обычный
5444,Обычный
5445,Обычный
5446,Обычный
5447,Обычный
5448,Обычный
5449,Обычный
5450,Обычный
5451,Обычный
5452,Обычный
5453,Обычный
5454,Обычный
5455,Обычный
5456,Обычный
5457,Обычный
5458,Обычный
5459,Обычный
5460,Обычный
5461,Обычный
5462,Обычный
5463,Обычный
5472,Обычный
5473,Обычный
5474,Обычный
5475,Обычный
5476,Обычный
5477,Обычный
5478,Обычный
5479,Обычный
5480,Хороший
5481,Хороший
5482,Хороший
5483,Хороший
5484,Хороший
5485,Хороший
5486,Хороший
5487,Хороший
5504,Плохой
5505,Плохой
5506,Плохой
5507,Плохой
5508,Плохой
5509,Плохой
5510,Обычный
5511,Плохой
5536,Хороший
5537,Хороший
5538,Обычный
5539,Хороший
5540,Обычный
5541,Хороший
5542,Обычный
5543,Обычный
5544,Обычный
5545,Обычный
5546,Обычный
5547,Обычный
5548,Обычный
5549,Обычный
5550,Обычный
5551,Обычный
5552,Плохой
5553,Плохой
5554,Плохой
5555,Плохой
5556,Плохой
5557,Плохой
5558,Плохой
5559,Плохой
5592,Обычный
5593,Обычный
5594,Обычный
5595,Обычный
5596,Обычный
5597,Обычный
5598,Обычный
5599,Обычный
5608,Обычный
5609,Обычный
5610,Обычный
5611,Обычный
5612,Обычный
5613,Обычный
5614,Обычный
5615,Обычный
5624,Обычный
5625,Обычный
5626,Обычный
5627,Обычный
5628,Обычный
5629,Обычный
5630,Обычный
5631,Обычный
5632,Хороший
5633,Хороший
5634,Хороший
5635,Хороший
5636,Хороший
5637,Хороший
5638,Хороший
5639,Хороший
5656,Обычный
5657,Обычный
5658,Обычный
5659,Обычный
5660,Обычный
5661,Обычный
5662,Обычный
5663,Обычный
5688,Обычный
5689,Обычный
5690,Обычный
5691,Обычный
5692,Обычный
5693,Обычный
5694,Обычный
5695,Обычный
5696,Хороший
5697,Хороший
5698,Хороший
5699,Хороший
5700,Хороший
5701,Хороший
5702,Хороший
5703,Хороший
5704,Обычный
5705,Обычный
5706,Обычный
5707,Плохой
5708,Обычный
5709,Обычный
5710,Плохой
5711,Обычный
5760,Обычный
5761,Обычный
5762,Обычный
5763,Обычный
5764,Обычный
5765,Обычный
5766,Обычный
5767,Обычный
5776,Обычный
5777,Обычный
5778,Обычный
5779,Обычный
5780,Обычный
5781,Обычный
5782,Обычный
5783,Обычный
5784,Обычный
5785,Обычный
5786,Обычный
5787,Обычный
5788,Обычный
5789,Обычный
5790,Обычный
5791,Обычный
5800,Хороший
5801,Хороший
5802,Хороший
5803,Хороший
5804,Хороший
5805,Хороший
5806,Хороший
5807,Хороший
5824,Плохой
5825,Плохой
5826,Плохой
5827,Плохой
5828,Плохой
5829,Плохой
5830,Плохой
5831,Плохой
5848,Плохой
5849,Обычный
5850,Обычный
5851,Плохой
5852,Обычный
5853,Обычный
5854,Обычный
5855,Обычный
5856,Плохой
5857,Плохой
5858,Плохой
5859,Плохой
5860,Плохой
5861,Плохой
5862,Плохой
5863,Плохой
5864,Обычный
5865,Обычный
5866,Обычный
5867,Обычный
5868,Обычный
5869,Обычный
5870,Обычный
5871,Обычный
5872,Обычный
5873,Обычный
5874,Обычный
5875,Обычный
5876,Обычный
5877,Обычный
5878,Обычный
5879,Обычный
5888,Обычный
5889,Хороший
5890,Обычный
5891,Хороший
5892,Хороший
5893,Обычный
5894,Обычный
5895,Обычный
5976,Обычный
5977,Плохой
5978,Плохой
5979,Плохой
5980,Плохой
5981,Обычный
5982,Плохой
5983,Плохой
6024,Плохой
6025,Плохой
6026,Плохой
6027,Плохой
6028,Плохой
6029,Плохой
6030,Плохой
6031,Плохой
6032,Хороший
6033,Хороший
6034,Хороший
6035,Хороший
6036,Хороший
6037,Хороший
6038,Хороший
6039,Хороший
6040,Обычный
6041,Обычный
6042,Обычный
6043,Обычный
6044,Обычный
6045,Обычный
6046,Обычный
6047,Обычный
6048,Хороший
6049,Хороший
6050,Хороший
6051,Хороший
6052,Хороший
6053,Хороший
6054,Хороший
6055,Хороший
6056,Хороший
6057,Хороший
6058,Хороший
6059,Хороший
6060,Хороший
6061,Хороший
6062,Хороший
6063,Хороший
6072,Обычный
6073,Обычный
6074,Обычный
6075,Обычный
6076,Обычный
6077,Обычный
6078,Обычный
6079,Обычный
6136,Обычный
6137,Обычный
6138,Обычный
6139,Обычный
6140,Обычный
6141,Обычный
6142,Обычный
6143,Обычный
6144,Плохой
6145,Плохой
6146,Плохой
6147,Плохой
6148,Плохой
6149,Плохой
6150,Плохой
6151,Плохой
6160,Плохой
6161,Обычный
6162,Обычный
6163,Плохой
6164,Обычный
6165,Плохой
6166,Обычный
6167,Плохой
6208,Обычный
6209,Обычный
6210,Обычный
6211,Обычный
6212,Обычный
6213,Обычный
6214,Обычный
6215,Обычный
6240,Плохой
6241,Обычный
6242,Плохой
6243,Плохой
6244,Обычный
6245,Плохой
6246,Плохой
6247,Обычный
6248,Обычный
6249,Обычный
6250,Обычный
6251,Обычный
6252,Обычный
6253,Обычный
6254,Обычный
6255,Обычный
6272,Обычный
6273,Хороший
6274,Обычный
6275,Обычный
6276,Обычный
6277,Обычный
6278,Обычный
6279,Обычный
6304,Обычный
6305,Плохой
6306,Обычный
6307,Плохой
6308,Обычный
6309,Обычный
6310,Обычный
6311,Обычный
6328,Плохой
6329,Плохой
6330,Плохой
6331,Плохой
6332,Плохой
6333,Плохой
6334,Плохой
6335,Плохой
6344,Плохой
6345,Плохой
6346,Плохой
6347,Плохой
6348,Плохой
6349,Плохой
6350,Плохой
6351,Плохой
6360,Плохой
6361,Плохой
6362,Плохой
6363,Плохой
6364,Плохой
6365,Плохой
6366,Плохой
6367,Плохой
6424,Хороший
6425,Хороший
6426,Хороший
6427,Хороший
6428,Хороший
6429,Хороший
6430,Хороший
6431,Хороший
6432,Обычный
6433,Хороший
6434,Хороший
6435,Хороший
6436,Хороший
6437,Обычный
6438,Обычный
6439,Хороший
6456,Плохой
6457,Плохой
6458,Плохой
6459,Плохой
6460,Обычный
6461,Плохой
6462,Обычный
6463,Плохой
6472,Плохой
6473,Плохой
6474,Плохой
6475,Обычный
6476,Обычный
6477,Плохой
6478,Плохой
6479,Обычный
6480,Плохой
6481,Плохой
6482,Плохой
6483,Плохой
6484,Плохой
6485,Плохой
6486,Плохой
6487,Плохой
6488,Обычный
6489,Обычный
6490,Обычный
6491,Обычный
6492,Обычный
6493,Обычный
6494,Обычный
6495,Обычный
6568,Хороший
6569,Хороший
6570,Хороший
6571,Хороший
6572,Хороший
6573,Хороший
6574,Хороший
6575,Хороший
6576,Хороший
6577,Обычный
6578,Обычный
6579,Обычный
6580,Обычный
6581,Обычный
6582,Обычный
6583,Обычный
6584,Плохой
6585,Плохой
6586,Плохой
6587,Плохой
6588,Плохой
6589,Плохой
6590,Плохой
6591,Плохой
6624,Плохой
6625,Плохой
6626,Плохой
6627,Плохой
6628,Плохой
6629,Плохой
6630,Плохой
6631,Плохой
6680,Обычный
6681,Обычный
6682,Обычный
6683,Обычный
6684,Обычный
6685,Обычный
6686,Обычный
6687,Обычный
6696,Обычный
6697,Обычный
6698,Обычный
6699,Обычный
6700,Обычный
6701,Обычный
6702,Обычный
6703,Обычный
6704,Плохой
6705,Плохой
6706,Плохой
6707,Плохой
6708,Плохой
6709,Плохой
6710,Плохой
6711,Плохой
6720,Обычный
6721,Обычный
6722,Обычный
6723,Обычный
6724,Обычный
6725,Обычный
6726,Обычный
6727,Обычный
6728,Обычный
6729,Обычный
6730,Обычный
6731,Обычный
6732,Обычный
6733,Обычный
6734,Обычный
6735,Обычный
6768,Обычный
6769,Обычный
6770,Обычный
6771,Обычный
6772,Обычный
6773,Обычный
6774,Обычный
6775,Обычный
6776,Обычный
6777,Обычный
6778,Обычный
6779,Обычный
6780,Обычный
6781,Обычный
6782,Обычный
6783,Обычный
6792,Плохой
6793,Плохой
6794,Плохой
6795,Плохой
6796,Плохой
6797,Плохой
6798,Плохой
6799,Плохой
6800,Обычный
6801,Обычный
6802,Обычный
6803,Обычный
6804,Обычный
6805,Обычный
6806,Обычный
6807,Обычный
6824,Плохой
6825,Плохой
6826,Плохой
6827,Плохой
6828,Плохой
6829,Плохой
6830,Плохой
6831,Плохой
6856,Хороший
6857,Хороший
6858,Обычный
6859,Хороший
6860,Хороший
6861,Обычный
6862,Обычный
6863,Хороший
6864,Обычный
6865,Плохой
6866,Плохой
6867,Плохой
6868,Обычный
6869,Плохой
6870,Обычный
6871,Плохой
6896,Обычный
6897,Обычный
6898,Обычный
6899,Обычный
6900,Обычный
6901,Обычный
6902,Обычный
6903,Обычный
6944,Плохой
6945,Плохой
6946,Плохой
6947,Плохой
6948,Плохой
6949,Плохой
6950,Плохой
6951,Плохой
6952,Обычный
6953,Обычный
6954,Обычный
6955,Обычный
6956,Обычный
6957,Обычный
6958,Обычный
6959,Обычный
6968,Обычный
6969,Обычный
6970,Обычный
6971,Обычный
6972,Обычный
6973,Обычный
6974,Обычный
6975,Обычный
7000,Обычный
7001,Обычный
7002,Обычный
7003,Обычный
7004,Обычный
7005,Обычный
7006,Обычный
7007,Обычный
7064,Обычный
7065,Обычный
7066,Обычный
7067,Обычный
7068,Обычный
7069,Обычный
7070,Обычный
7071,Обычный
7096,Плохой
7097,Плохой
7098,Плохой
7099,Плохой
7100,Плохой
7101,Плохой
7102,Плохой
7103,Плохой
7112,Плохой
7113,Плохой
7114,Плохой
7115,Плохой
7116,Плохой
7117,Плохой
7118,Плохой
7119,Плохой
7128,Плохой
7129,Плохой
7130,Плохой
7131,Плохой
7132,Плохой
7133,Плохой
7134,Плохой
7135,Плохой
7136,Плохой
7137,Плохой
7138,Плохой
7139,Плохой
7140,Плохой
7141,Плохой
7142,Плохой
7143,Плохой
7160,Хороший
7161,Хороший
7162,Хороший
7163,Хороший
7164,Хороший
7165,Хороший
7166,Хороший
7167,Хороший
7184,Хороший
7185,Хороший
7186,Хороший
7187,Хороший
7188,Хороший
7189,Хороший
7190,Хороший
7191,Хороший
7200,Хороший
7201,Хороший
7202,Обычный
7203,Хороший
7204,Хороший
7205,Хороший
7206,Обычный
7207,Хороший
7208,Хороший
7209,Хороший
7210,Хороший
7211,Хороший
7212,Хороший
7213,Хороший
7214,Хороший
7215,Хороший
7216,Обычный
7217,Обычный
7218,Обычный
7219,Обычный
7220,Обычный
7221,Обычный
7222,Обычный
7223,Обычный
7224,Обычный
7225,Обычный
7226,Плохой
7227,Плохой
7228,Плохой
7229,Плохой
7230,Плохой
7231,Плохой
7232,Плохой
7233,Плохой
7234,Плохой
7235,Плохой
7236,Плохой
7237,Плохой
7238,Плохой
7239,Плохой
7240,Обычный
7241,Обычный
7242,Обычный
7243,Обычный
7244,Обычный
7245,Обычный
7246,Обычный
7247,Обычный
7264,Плохой
7265,Плохой
7266,Плохой
7267,Плохой
7268,Плохой
7269,Плохой
7270,Плохой
7271,Плохой
7280,Плохой
7281,Плохой
7282,Плохой
7283,Плохой
7284,Плохой
7285,Плохой
7286,Плохой
7287,Плохой
7296,Плохой
7297,Плохой
7298,Плохой
7299,Плохой
7300,Плохой
7301,Плохой
7302,Плохой
7303,Плохой
7312,Плохой
7313,Плохой
7314,Плохой
7315,Плохой
7316,Плохой
7317,Плохой
7318,Плохой
7319,Плохой
7328,Обычный
7329,Плохой
7330,Плохой
7331,Плохой
7332,Плохой
7333,Плохой
7334,Плохой
7335,Плохой
7336,Плохой
7337,Плохой
7338,Плохой
7339,Плохой
7340,Плохой
7341,Плохой
7342,Обычный
7343,Обычный
7352,Плохой
7353,Плохой
7354,Плохой
7355,Плохой
7356,Плохой
7357,Плохой
7358,Плохой
7359,Плохой
7360,Хороший
7361,Хороший
7362,Хороший
7363,Хороший
7364,Плохой
7365,Хороший
7366,Хороший
7367,Обычный
7376,Плохой
7377,Плохой
7378,Плохой
7379,Плохой
7380,Плохой
7381,Плохой
7382,Плохой
7383,Плохой
7432,Обычный
7433,Обычный
7434,Обычный
7435,Обычный
7436,Обычный
7437,Обычный
7438,Обычный
7439,Обычный
7480,Обычный
7481,Обычный
7482,Обычный
7483,Обычный
7484,Плохой
7485,Плохой
7486,Плохой
7487,Плохой
7488,Обычный
7489,Обычный
7490,Обычный
7491,Обычный
7492,Обычный
7493,Обычный
7494,Обычный
7495,Обычный
7496,Хороший
7497,Хороший
7498,Хороший
7499,Хороший
7500,Хороший
7501,Хороший
7502,Хороший
7503,Хороший
7512,Плохой
7513,Хороший
7514,Хороший
7515,Хороший
7516,Хороший
7517,Хороший
7518,Хороший
7519,Обычный
7552,Обычный
7553,Обычный
7554,Обычный
7555,Обычный
7556,Обычный
7557,Обычный
7558,Обычный
7559,Обычный
7560,Обычный
7561,Плохой
7562,Плохой
7563,Обычный
7564,Плохой
7565,Обычный
7566,Обычный
7567,Плохой
7568,Обычный
7569,Обычный
7570,Обычный
7571,Обычный
7572,Обычный
7573,Обычный
7574,Обычный
7575,Обычный
7576,Обычный
7577,Обычный
7578,Обычный
7579,Обычный
7580,Обычный
7581,Обычный
7582,Обычный
7583,Обычный
7592,Плохой
7593,Плохой
7594,Плохой
7595,Плохой
7596,Плохой
7597,Плохой
7598,Плохой
7599,Плохой
7608,Обычный
7609,Обычный
7610,Обычный
7611,Обычный
7612,Обычный
7613,Обычный
7614,Обычный
7615,Обычный
7616,Хороший
7617,Хороший
7618,Хороший
7619,Хороший
7620,Хороший
7621,Хороший
7622,Хороший
7623,Обычный
7648,Обычный
7649,Обычный
7650,Обычный
7651,Обычный
7652,Обычный
7653,Обычный
7654,Обычный
7655,Обычный
7672,Обычный
7673,Обычный
7674,Обычный
7675,Обычный
7676,Обычный
7677,Обычный
7678,Обычный
7679,Обычный
7720,Обычный
7721,Обычный
7722,Обычный
7723,Обычный
7724,Обычный
7725,Обычный
7726,Обычный
7727,Обычный
7736,Обычный
7737,Обычный
7738,Обычный
7739,Обычный
7740,Обычный
7741,Обычный
7742,Обычный
7743,Обычный
7744,Плохой
7745,Плохой
7746,Плохой
7747,Плохой
7748,Плохой
7749,Плохой
7750,Плохой
7751,Плохой
7752,Плохой
7753,Плохой
7754,Плохой
7755,Плохой
7756,Плохой
7757,Плохой
7758,Плохой
7759,Плохой
7784,Обычный
7785,Обычный
7786,Обычный
7787,Обычный
7788,Обычный
7789,Обычный
7790,Обычный
7791,Обычный
7792,Обычный
7793,Обычный
7794,Обычный
7795,Обычный
7796,Обычный
7797,Обычный
7798,Обычный
7799,Обычный
7800,Обычный
7801,Обычный
7802,Плохой
7803,Обычный
7804,Обычный
7805,Обычный
7806,Плохой
7807,Обычный
7808,Обычный
7809,Плохой
7810,Плохой
7811,Обычный
7812,Плохой
7813,Плохой
7814,Обычный
7815,Плохой
7824,Обычный
7825,Обычный
7826,Обычный
7827,Обычный
7828,Обычный
7829,Обычный
7830,Обычный
7831,Обычный
7832,Обычный
7833,Обычный
7834,Обычный
7835,Обычный
7836,Обычный
7837,Обычный
7838,Обычный
7839,Обычный
7848,Обычный
7849,Обычный
7850,Обычный
7851,Обычный
7852,Обычный
7853,Обычный
7854,Обычный
7855,Обычный
7856,Обычный
7857,Обычный
7858,Обычный
7859,Обычный
7860,Обычный
7861,Обычный
7862,Обычный
7863,Обычный
7864,Обычный
7865,Хороший
7866,Обычный
7867,Хороший
7868,Хороший
7869,Обычный
7870,Хороший
7871,Хороший
7928,Плохой
7929,Плохой
7930,Плохой
7931,Плохой
7932,Плохой
7933,Плохой
7934,Плохой
7935,Плохой
7976,Плохой
7977,Плохой
7978,Плохой
7979,Плохой
7980,Плохой
7981,Плохой
7982,Плохой
7983,Плохой
8000,Обычный
8001,Обычный
8002,Обычный
8003,Обычный
8004,Обычный
8005,Обычный
8006,Обычный
8007,Обычный
8008,Обычный
8009,Обычный
8010,Обычный
8011,Обычный
8012,Обычный
8013,Обычный
8014,Обычный
8015,Обычный
8056,Обычный
8057,Обычный
8058,Обычный
8059,Обычный
8060,Обычный
8061,Обычный
8062,Обычный
8063,Обычный
8072,Хороший
8073,Хороший
8074,Хороший
8075,Хороший
8076,Хороший
8077,Хороший
8078,Хороший
8079,Хороший
8088,Обычный
8089,Обычный
8090,Обычный
8091,Обычный
8092,Обычный
8093,Обычный
8094,Обычный
8095,Обычный
8112,Обычный
8113,Обычный
8114,Обычный
8115,Обычный
8116,Обычный
8117,Обычный
8118,Обычный
8119,Обычный
8160,Обычный
8161,Обычный
8162,Обычный
8163,Обычный
8164,Обычный
8165,Обычный
8166,Обычный
8167,Обычный
8200,Плохой
8201,Плохой
8202,Плохой
8203,Плохой
8204,Плохой
8205,Плохой
8206,Плохой
8207,Плохой
8208,Обычный
8209,Обычный
8210,Обычный
8211,Обычный
8212,Обычный
8213,Обычный
8214,Обычный
8215,Обычный
8232,Обычный
8233,Обычный
8234,Обычный
8235,Обычный
8236,Обычный
8237,Обычный
8238,Обычный
8239,Обычный
8240,Хороший
8241,Обычный
8242,Обычный
8243,Обычный
8244,Хороший
8245,Обычный
8246,Хороший
8247,Хороший
8248,Плохой
8249,Плохой
8250,Плохой
8251,Плохой
8252,Плохой
8253,Плохой
8254,Плохой
8255,Плохой
8256,Обычный
8257,Обычный
8258,Обычный
8259,Обычный
8260,Обычный
8261,Обычный
8262,Обычный
8263,Обычный
8272,Плохой
8273,Плохой
8274,Плохой
8275,Плохой
8276,Плохой
8277,Плохой
8278,Плохой
8279,Плохой
8280,Обычный
8281,Обычный
8282,Обычный
8283,Обычный
8284,Обычный
8285,Обычный
8286,Обычный
8287,Обычный
8288,Обычный
8289,Обычный
8290,Обычный
8291,Обычный
8292,Обычный
8293,Обычный
8294,Обычный
8295,Обычный
8304,Хороший
8305,Хороший
8306,Хороший
8307,Хороший
8308,Хороший
8309,Хороший
8310,Хороший
8311,Хороший
8376,Обычный
8377,Обычный
8378,Обычный
8379,Обычный
8380,Обычный
8381,Обычный
8382,Обычный
8383,Обычный
8384,Обычный
8385,Обычный
8386,Обычный
8387,Обычный
8388,Обычный
8389,Обычный
8390,Обычный
8391,Обычный
8392,Обычный
8393,Обычный
8394,Обычный
8395,Обычный
8396,Обычный
8397,Обычный
8398,Обычный
8399,Обычный
8416,Обычный
8417,Обычный
8418,Плохой
8419,Обычный
8420,Обычный
8421,Плохой
8422,Плохой
8423,Плохой
8424,Хороший
8425,Хороший
8426,Обычный
8427,Хороший
8428,Хороший
8429,Хороший
8430,Обычный
8431,Хороший
8440,Обычный
8441,Обычный
8442,Обычный
8443,Обычный
8444,Обычный
8445,Обычный
8446,Обычный
8447,Обычный
8448,Обычный
8449,Обычный
8450,Обычный
8451,Обычный
8452,Обычный
8453,Обычный
8454,Обычный
8455,Обычный
8472,Плохой
8473,Плохой
8474,Плохой
8475,Плохой
8476,Плохой
8477,Плохой
8478,Плохой
8479,Плохой
8488,Обычный
8489,Обычный
8490,Обычный
8491,Обычный
8492,Обычный
8493,Обычный
8494,Обычный
8495,Обычный
8520,Плохой
8521,Плохой
8522,Плохой
8523,Плохой
8524,Плохой
8525,Плохой
8526,Плохой
8527,Плохой
8528,Обычный
8529,Обычный
8530,Обычный
8531,Обычный
8532,Обычный
8533,Обычный
8534,Обычный
8535,Обычный
8544,Обычный
8545,Обычный
8546,Обычный
8547,Обычный
8548,Обычный
8549,Обычный
8550,Обычный
8551,Обычный
8552,Обычный
8553,Обычный
8554,Обычный
8555,Обычный
8556,Обычный
8557,Обычный
8558,Обычный
8559,Обычный
8576,Обычный
8577,Обычный
8578,Обычный
8579,Обычный
8580,Обычный
8581,Обычный
8582,Обычный
8583,Обычный
8592,Обычный
8593,Обычный
8594,Обычный
8595,Обычный
8596,Обычный
8597,Обычный
8598,Обычный
8599,Обычный
8600,Обычный
8601,Обычный
8602,Хороший
8603,Хороший
8604,Хороший
8605,Хороший
8606,Хороший
8607,Хороший
8656,Обычный
8657,Обычный
8658,Обычный
8659,Обычный
8660,Обычный
8661,Обычный
8662,Обычный
8663,Обычный
8672,Плохой
8673,Плохой
8674,Плохой
8675,Плохой
8676,Плохой
8677,Плохой
8678,Плохой
8679,Плохой
8680,Обычный
8681,Хороший
8682,Хороший
8683,Хороший
8684,Хороший
8685,Хороший
8686,Хороший
8687,Обычный
8688,Плохой
8689,Плохой
8690,Плохой
8691,Плохой
8692,Плохой
8693,Плохой
8694,Плохой
8695,Плохой
8736,Обычный
8737,Обычный
8738,Обычный
8739,Обычный
8740,Обычный
8741,Обычный
8742,Плохой
8743,Плохой
8744,Хороший
8745,Хороший
8746,Хороший
8747,Хороший
8748,Хороший
8749,Хороший
8750,Хороший
8751,Хороший
8752,Хороший
8753,Хороший
8754,Обычный
8755,Хороший
8756,Хороший
8757,Хороший
8758,Хороший
8759,Хороший
8760,Хороший
8761,Обычный
8762,Обычный
8763,Обычный
8764,Обычный
8765,Хороший
8766,Обычный
8767,Хороший
8776,Плохой
8777,Плохой
8778,Плохой
8779,Плохой
8780,Плохой
8781,Плохой
8782,Плохой
8783,Плохой
8784,Обычный
8785,Хороший
8786,Обычный
8787,Обычный
8788,Хороший
8789,Хороший
8790,Хороший
8791,Обычный
8808,Плохой
8809,Плохой
8810,Плохой
8811,Обычный
8812,Плохой
8813,Плохой
8814,Плохой
8815,Плохой
8816,Обычный
8817,Обычный
8818,Обычный
8819,Обычный
8820,Обычный
8821,Обычный
8822,Обычный
8823,Обычный
8832,Плохой
8833,Плохой
8834,Плохой
8835,Плохой
8836,Плохой
8837,Плохой
8838,Плохой
8839,Плохой
8856,Обычный
8857,Обычный
8858,Обычный
8859,Обычный
8860,Обычный
8861,Обычный
8862,Обычный
8863,Обычный
8872,Плохой
8873,Плохой
8874,Плохой
8875,Плохой
8876,Плохой
8877,Плохой
8878,Плохой
8879,Плохой
8904,Обычный
8905,Обычный
8906,Обычный
8907,Обычный
8908,Обычный
8909,Обычный
8910,Обычный
8911,Обычный
8936,Обычный
8937,Обычный
8938,Обычный
8939,Обычный
8940,Обычный
8941,Обычный
8942,Обычный
8943,Обычный
8952,Хороший
8953,Обычный
8954,Хороший
8955,Хороший
8956,Хороший
8957,Хороший
8958,Хороший
8959,Хороший
8992,Обычный
8993,Обычный
8994,Обычный
8995,Обычный
8996,Обычный
8997,Обычный
8998,Обычный
8999,Обычный
9000,Хороший
9001,Хороший
9002,Хороший
9003,Хороший
9004,Хороший
9005,Хороший
9006,Хороший
9007,Хороший
9024,Обычный
9025,Обычный
9026,Обычный
9027,Обычный
9028,Обычный
9029,Обычный
9030,Обычный
9031,Обычный
9040,Хороший
9041,Хороший
9042,Хороший
9043,Хороший
9044,Хороший
9045,Хороший
9046,Хороший
9047,Хороший
9056,Плохой
9057,Плохой
9058,Плохой
9059,Плохой
9060,Плохой
9061,Плохой
9062,Плохой
9063,Плохой
9160,Хороший
9161,Хороший
9162,Хороший
9163,Хороший
9164,Хороший
9165,Хороший
9166,Хороший
9167,Хороший
9176,Обычный
9177,Обычный
9178,Обычный
9179,Обычный
9180,Плохой
9181,Плохой
9182,Плохой
9183,Обычный
9200,Обычный
9201,Обычный
9202,Обычный
9203,Обычный
9204,Обычный
9205,Обычный
9206,Обычный
9207,Обычный
9224,Обычный
9225,Обычный
9226,Обычный
9227,Обычный
9228,Обычный
9229,Обычный
9230,Обычный
9231,Обычный
9240,Обычный
9241,Обычный
9242,Обычный
9243,Обычный
9244,Обычный
9245,Обычный
9246,Обычный
9247,Обычный
9256,Обычный
9257,Обычный
9258,Обычный
9259,Обычный
9260,Обычный
9261,Обычный
9262,Обычный
9263,Обычный
9272,Хороший
9273,Хороший
9274,Хороший
9275,Хороший
9276,Хороший
9277,Хороший
9278,Хороший
9279,Хороший
9296,Обычный
9297,Обычный
9298,Обычный
9299,Обычный
9300,Обычный
9301,Обычный
9302,Обычный
9303,Обычный
9304,Плохой
9305,Плохой
9306,Плохой
9307,Плохой
9308,Плохой
9309,Плохой
9310,Плохой
9311,Плохой
9328,Обычный
9329,Обычный
9330,Обычный
9331,Обычный
9332,Обычный
9333,Обычный
9334,Обычный
9335,Обычный
9336,Хороший
9337,Хороший
9338,Хороший
9339,Хороший
9340,Хороший
9341,Хороший
9342,Хороший
9343,Хороший
9352,Обычный
9353,Обычный
9354,Обычный
9355,Обычный
9356,Обычный
9357,Обычный
9358,Обычный
9359,Обычный
9368,Хороший
9369,Хороший
9370,Хороший
9371,Хороший
9372,Хороший
9373,Хороший
9374,Хороший
9375,Хороший
9400,Хороший
9401,Хороший
9402,Хороший
9403,Хороший
9404,Хороший
9405,Хороший
9406,Хороший
9407,Хороший
9408,Обычный
9409,Обычный
9410,Обычный
9411,Обычный
9412,Обычный
9413,Обычный
9414,Обычный
9415,Обычный
9448,Плохой
9449,Плохой
9450,Плохой
9451,Плохой
9452,Плохой
9453,Плохой
9454,Плохой
9455,Плохой
9496,Обычный
9497,Обычный
9498,Обычный
9499,Обычный
9500,Обычный
9501,Обычный
9502,Обычный
9503,Обычный
9504,Обычный
9505,Обычный
9506,Обычный
9507,Обычный
9508,Обычный
9509,Обычный
9510,Обычный
9511,Обычный
9512,Обычный
9513,Обычный
9514,Хороший
9515,Обычный
9516,Обычный
9517,Обычный
9518,Обычный
9519,Обычный
9528,Плохой
9529,Плохой
9530,Плохой
9531,Плохой
9532,Плохой
9533,Плохой
9534,Плохой
9535,Плохой
9560,Обычный
9561,Хороший
9562,Хороший
9563,Хороший
9564,Хороший
9565,Хороший
9566,Хороший
9567,Хороший
9568,Обычный
9569,Обычный
9570,Обычный
9571,Обычный
9572,Обычный
9573,Обычный
9574,Обычный
9575,Обычный
9584,Обычный
9585,Обычный
9586,Обычный
9587,Обычный
9588,Обычный
9589,Обычный
9590,Обычный
9591,Обычный
9600,Хороший
9601,Хороший
9602,Хороший
9603,Хороший
9604,Хороший
9605,Хороший
9606,Хороший
9607,Хороший
9616,Плохой
9617,Плохой
9618,Плохой
9619,Плохой
9620,Плохой
9621,Плохой
9622,Плохой
9623,Плохой
9640,Хороший
9641,Хороший
9642,Хороший
9643,Хороший
9644,Обычный
9645,Обычный
9646,Обычный
9647,Хороший
9648,Обычный
9649,Обычный
9650,Обычный
9651,Обычный
9652,Обычный
9653,Обычный
9654,Обычный
9655,Обычный
9656,Обычный
9657,Обычный
9658,Обычный
9659,Обычный
9660,Обычный
9661,Обычный
9662,Хороший
9663,Обычный
9664,Плохой
9665,Плохой
9666,Плохой
9667,Плохой
9668,Плохой
9669,Плохой
9670,Плохой
9671,Плохой
9688,Обычный
9689,Обычный
9690,Обычный
9691,Обычный
9692,Плохой
9693,Плохой
9694,Обычный
9695,Обычный
9696,Хороший
9697,Хороший
9698,Хороший
9699,Хороший
9700,Хороший
9701,Хороший
9702,Хороший
9703,Хороший
9792,Плохой
9793,Плохой
9794,Плохой
9795,Плохой
9796,Плохой
9797,Плохой
9798,Плохой
9799,Плохой
9800,Плохой
9801,Плохой
9802,Плохой
9803,Плохой
9804,Плохой
9805,Плохой
9806,Плохой
9807,Плохой
9808,Хороший
9809,Хороший
9810,Хороший
9811,Хороший
9812,Хороший
9813,Хороший
9814,Хороший
9815,Хороший
9840,Плохой
9841,Плохой
9842,Плохой
9843,Плохой
9844,Плохой
9845,Плохой
9846,Плохой
9847,Плохой
9896,Обычный
9897,Обычный
9898,Обычный
9899,Хороший
9900,Обычный
9901,Обычный
9902,Обычный
9903,Обычный
9904,Хороший
9905,Хороший
9906,Хороший
9907,Хороший
9908,Хороший
9909,Хороший
9910,Хороший
9911,Хороший
9920,Обычный
9921,Обычный
9922,Обычный
9923,Обычный
9924,Обычный
9925,Обычный
9926,Обычный
9927,Обычный
10000,Плохой
10001,Плохой
10002,Плохой
10003,Плохой
10004,Плохой
10005,Плохой
10006,Плохой
10007,Плохой
10032,Плохой
10033,Плохой
10034,Плохой
10035,Плохой
10036,Плохой
10037,Плохой
10038,Плохой
10039,Плохой
10040,Плохой
10041,Плохой
10042,Плохой
10043,Плохой
10044,Плохой
10045,Плохой
10046,Плохой
10047,Плохой
10112,Плохой
10113,Плохой
10114,Плохой
10115,Плохой
10116,Плохой
10117,Плохой
10118,Плохой
10119,Плохой
10120,Обычный
10121,Обычный
10122,Обычный
10123,Обычный
10124,Обычный
10125,Обычный
10126,Обычный
10127,Обычный
10192,Обычный
10193,Обычный
10194,Обычный
10195,Обычный
10196,Обычный
10197,Обычный
10198,Обычный
10199,Обычный
10200,Плохой
10201,Плохой
10202,Плохой
10203,Плохой
10204,Плохой
10205,Плохой
10206,Плохой
10207,Плохой
10216,Плохой
10217,Плохой
10218,Обычный
10219,Обычный
10220,Обычный
10221,Обычный
10222,Обычный
10223,Обычный
10224,Обычный
10225,Обычный
10226,Обычный
10227,Обычный
10228,Обычный
10229,Обычный
10230,Обычный
10231,Обычный
10232,Обычный
10233,Обычный
10234,Обычный
10235,Обычный
10236,Обычный
10237,Обычный
10238,Обычный
10239,Обычный
10240,Обычный
10241,Обычный
10242,Обычный
10243,Обычный
10244,Обычный
10245,Обычный
10246,Обычный
10247,Обычный
10264,Обычный
10265,Обычный
10266,Обычный
10267,Обычный
10268,Обычный
10269,Обычный
10270,Обычный
10271,Обычный
10304,Обычный
10305,Хороший
10306,Хороший
10307,Хороший
10308,Хороший
10309,Хороший
10310,Хороший
10311,Хороший
10336,Плохой
10337,Плохой
10338,Плохой
10339,Плохой
10340,Плохой
10341,Плохой
10342,Плохой
10343,Плохой
10360,Обычный
10361,Обычный
10362,Обычный
10363,Обычный
10364,Обычный
10365,Обычный
10366,Обычный
10367,Обычный
10384,Плохой
10385,Плохой
10386,Плохой
10387,Плохой
10388,Плохой
10389,Плохой
10390,Плохой
10391,Плохой
10400,Плохой
10401,Плохой
10402,Плохой
10403,Плохой
10404,Плохой
10405,Плохой
10406,Плохой
10407,Плохой
10416,Обычный
10417,Обычный
10418,Обычный
10419,Обычный
10420,Обычный
10421,Обычный
10422,Обычный
10423,Обычный
10464,Плохой
10465,Плохой
10466,Плохой
10467,Плохой
10468,Плохой
10469,Плохой
10470,Плохой
10471,Плохой
10472,Обычный
10473,Обычный
10474,Обычный
10475,Обычный
10476,Обычный
10477,Обычный
10478,Обычный
10479,Обычный
10488,Обычный
10489,Обычный
10490,Обычный
10491,Обычный
10492,Обычный
10493,Обычный
10494,Обычный
10495,Обычный
10512,Хороший
10513,Хороший
10514,Хороший
10515,Хороший
10516,Хороший
10517,Хороший
10518,Хороший
10519,Хороший
10560,Обычный
10561,Обычный
10562,Обычный
10563,Обычный
10564,Обычный
10565,Обычный
10566,Обычный
10567,Обычный
10576,Обычный
10577,Обычный
10578,Обычный
10579,Хороший
10580,Обычный
10581,Обычный
10582,Обычный
10583,Хороший
10584,Хороший
10585,Хороший
10586,Хороший
10587,Хороший
10588,Хороший
10589,Хороший
10590,Хороший
10591,Хороший
10592,Обычный
10593,Обычный
10594,Обычный
10595,Обычный
10596,Обычный
10597,Обычный
10598,Обычный
10599,Обычный
10640,Обычный
10641,Обычный
10642,Обычный
10643,Обычный
10644,Обычный
10645,Обычный
10646,Обычный
10647,Обычный
10656,Хороший
10657,Хороший
10658,Обычный
10659,Хороший
10660,Хороший
10661,Обычный
10662,Хороший
10663,Хороший
10664,Хороший
10665,Хороший
10666,Обычный
10667,Обычный
10668,Хороший
10669,Хороший
10670,Обычный
10671,Хороший
10680,Обычный
10681,Обычный
10682,Обычный
10683,Обычный
10684,Обычный
10685,Обычный
10686,Обычный
10687,Обычный
10696,Хороший
10697,Хороший
10698,Хороший
10699,Обычный
10700,Хороший
10701,Хороший
10702,Хороший
10703,Хороший
10720,Хороший
10721,Хороший
10722,Хороший
10723,Хороший
10724,Хороший
10725,Хороший
10726,Хороший
10727,Хороший
10736,Обычный
10737,Обычный
10738,Обычный
10739,Обычный
10740,Обычный
10741,Обычный
10742,Обычный
10743,Обычный
10752,Плохой
10753,Плохой
10754,Обычный
10755,Плохой
10756,Плохой
10757,Плохой
10758,Плохой
10759,Плохой
10760,Обычный
10761,Хороший
10762,Хороший
10763,Хороший
10764,Хороший
10765,Хороший
10766,Хороший
10767,Хороший
10784,Обычный
10785,Обычный
10786,Обычный
10787,Обычный
10788,Обычный
10789,Обычный
10790,Обычный
10791,Обычный
10816,Обычный
10817,Обычный
10818,Обычный
10819,Обычный
10820,Обычный
10821,Обычный
10822,Обычный
10823,Обычный
10824,Обычный
10825,Обычный
10826,Обычный
10827,Обычный
10828,Хороший
10829,Обычный
10830,Хороший
10831,Хороший
10848,Плохой
10849,Плохой
10850,Плохой
10851,Плохой
10852,Плохой
10853,Плохой
10854,Плохой
10855,Плохой
10872,Обычный
10873,Обычный
10874,Обычный
10875,Обычный
10876,Обычный
10877,Обычный
10878,Обычный
10879,Обычный
10880,Плохой
10881,Плохой
10882,Плохой
10883,Плохой
10884,Плохой
10885,Плохой
10886,Плохой
10887,Плохой
10896,Плохой
10897,Плохой
10898,Плохой
10899,Плохой
10900,Плохой
10901,Плохой
10902,Плохой
10903,Плохой
10928,Обычный
10929,Обычный
10930,Хороший
10931,Хороший
10932,Хороший
10933,Обычный
10934,Хороший
10935,Хороший
10952,Обычный
10953,Обычный
10954,Обычный
10955,Обычный
10956,Плохой
10957,Обычный
10958,Обычный
10959,Обычный
10960,Хороший
10961,Хороший
10962,Хороший
10963,Хороший
10964,Хороший
10965,Хороший
10966,Хороший
10967,Хороший
11000,Обычный
11001,Обычный
11002,Обычный
11003,Обычный
11004,Обычный
11005,Обычный
11006,Обычный
11007,Обычный
11016,Плохой
11017,Плохой
11018,Плохой
11019,Плохой
11020,Плохой
11021,Плохой
11022,Плохой
11023,Плохой
11032,Обычный
11033,Обычный
11034,Обычный
11035,Обычный
11036,Обычный
11037,Обычный
11038,Обычный
11039,Обычный
11048,Хороший
11049,Хороший
11050,Хороший
11051,Хороший
11052,Хороший
11053,Хороший
11054,Хороший
11055,Хороший
11072,Хороший
11073,Хороший
11074,Хороший
11075,Хороший
11076,Хороший
11077,Хороший
11078,Хороший
11079,Хороший
11096,Обычный
11097,Плохой
11098,Обычный
11099,Плохой
11100,Обычный
11101,Обычный
11102,Обычный
11103,Обычный
11120,Плохой
11121,Плохой
11122,Плохой
11123,Плохой
11124,Плохой
11125,Плохой
11126,Плохой
11127,Плохой
11128,Плохой
11129,Плохой
11130,Плохой
11131,Плохой
11132,Плохой
11133,Плохой
11134,Плохой
11135,Плохой
11160,Плохой
11161,Плохой
11162,Плохой
11163,Плохой
11164,Плохой
11165,Плохой
11166,Плохой
11167,Плохой
11216,Плохой
11217,Плохой
11218,Плохой
11219,Плохой
11220,Плохой
11221,Плохой
11222,Плохой
11223,Плохой
11240,Обычный
11241,Обычный
11242,Обычный
11243,Обычный
11244,Обычный
11245,Обычный
11246,Обычный
11247,Обычный
11280,Обычный
11281,Обычный
11282,Обычный
11283,Обычный
11284,Хороший
11285,Обычный
11286,Хороший
11287,Обычный
11288,Обычный
11289,Обычный
11290,Обычный
11291,Обычный
11292,Обычный
11293,Обычный
11294,Обычный
11295,Обычный
11296,Обычный
11297,Обычный
11298,Обычный
11299,Обычный
11300,Обычный
11301,Обычный
11302,Обычный
11303,Обычный
11344,Обычный
11345,Обычный
11346,Обычный
11347,Обычный
11348,Обычный
11349,Обычный
11350,Обычный
11351,Обычный
11352,Плохой
11353,Плохой
11354,Плохой
11355,Плохой
11356,Плохой
11357,Плохой
11358,Плохой
11359,Плохой
11368,Обычный
11369,Плохой
11370,Плохой
11371,Плохой
11372,Плохой
11373,Плохой
11374,Плохой
11375,Плохой
11408,Обычный
11409,Обычный
11410,Обычный
11411,Обычный
11412,Обычный
11413,Обычный
11414,Обычный
11415,Обычный
11416,Плохой
11417,Плохой
11418,Хороший
11419,Плохой
11420,Плохой
11421,Плохой
11422,Плохой
11423,Плохой
11448,Обычный
11449,Обычный
11450,Обычный
11451,Обычный
11452,Обычный
11453,Обычный
11454,Обычный
11455,Обычный
11456,Плохой
11457,Плохой
11458,Плохой
11459,Плохой
11460,Плохой
11461,Плохой
11462,Плохой
11463,Плохой
11464,Плохой
11465,Плохой
11466,Плохой
11467,Плохой
11468,Плохой
11469,Плохой
11470,Плохой
11471,Плохой
11472,Плохой
11473,Плохой
11474,Плохой
11475,Плохой
11476,Плохой
11477,Плохой
11478,Плохой
11479,Плохой
11496,Плохой
11497,Плохой
11498,Плохой
11499,Плохой
11500,Плохой
11501,Плохой
11502,Плохой
11503,Плохой
11504,Обычный
11505,Обычный
11506,Обычный
11507,Обычный
11508,Обычный
11509,Обычный
11510,Обычный
11511,Обычный
11512,Обычный
11513,Обычный
11514,Обычный
11515,Обычный
11516,Обычный
11517,Обычный
11518,Обычный
11519,Обычный
11520,Плохой
11521,Обычный
11522,Плохой
11523,Обычный
11524,Обычный
11525,Обычный
11526,Обычный
11527,Плохой
11536,Обычный
11537,Обычный
11538,Обычный
11539,Обычный
11540,Обычный
11541,Обычный
11542,Обычный
11543,Обычный
11544,Обычный
11545,Обычный
11546,Обычный
11547,Обычный
11548,Обычный
11549,Обычный
11550,Обычный
11551,Обычный
11552,Хороший
11553,Хороший
11554,Хороший
11555,Хороший
11556,Хороший
11557,Хороший
11558,Хороший
11559,Хороший
11568,Обычный
11569,Обычный
11570,Обычный
11571,Обычный
11572,Обычный
11573,Обычный
11574,Обычный
11575,Обычный
11600,Хороший
11601,Хороший
11602,Хороший
11603,Хороший
11604,Хороший
11605,Хороший
11606,Хороший
11607,Хороший
11608,Плохой
11609,Плохой
11610,Плохой
11611,Плохой
11612,Плохой
11613,Плохой
11614,Плохой
11615,Плохой
11664,Обычный
11665,Обычный
11666,Обычный
11667,Обычный
11668,Обычный
11669,Обычный
11670,Обычный
11671,Обычный
11672,Обычный
11673,Обычный
11674,Обычный
11675,Обычный
11676,Обычный
11677,Обычный
11678,Обычный
11679,Обычный
11712,Плохой
11713,Плохой
11714,Плохой
11715,Плохой
11716,Плохой
11717,Плохой
11718,Плохой
11719,Плохой
11768,Обычный
11769,Обычный
11770,Обычный
11771,Обычный
11772,Обычный
11773,Обычный
11774,Обычный
11775,Обычный
11856,Обычный
11857,Обычный
11858,Обычный
11859,Обычный
11860,Обычный
11861,Обычный
11862,Обычный
11863,Обычный
11864,Обычный
11865,Обычный
11866,Обычный
11867,Обычный
11868,Обычный
11869,Обычный
11870,Обычный
11871,Обычный
11872,Плохой
11873,Обычный
11874,Плохой
11875,Обычный
11876,Обычный
11877,Плохой
11878,Плохой
11879,Плохой
11896,Плохой
11897,Плохой
11898,Плохой
11899,Плохой
11900,Плохой
11901,Плохой
11902,Плохой
11903,Плохой
11904,Плохой
11905,Плохой
11906,Плохой
11907,Плохой
11908,Плохой
11909,Плохой
11910,Плохой
11911,Плохой
11952,Обычный
11953,Обычный
11954,Обычный
11955,Обычный
11956,Обычный
11957,Обычный
11958,Обычный
11959,Обычный
11984,Плохой
11985,Плохой
11986,Плохой
11987,Плохой
11988,Обычный
11989,Обычный
11990,Плохой
11991,Плохой
12000,Обычный
12001,Обычный
12002,Обычный
12003,Обычный
12004,Обычный
12005,Обычный
12006,Обычный
12007,Обычный
12032,Обычный
12033,Обычный
12034,Обычный
12035,Обычный
12036,Обычный
12037,Обычный
12038,Обычный
12039,Обычный
12048,Обычный
12049,Обычный
12050,Обычный
12051,Обычный
12052,Обычный
12053,Обычный
12054,Обычный
12055,Обычный
12064,Обычный
12065,Обычный
12066,Обычный
12067,Обычный
12068,Обычный
12069,Обычный
12070,Обычный
12071,Обычный
12088,Хороший
12089,Хороший
12090,Хороший
12091,Хороший
12092,Хороший
12093,Хороший
12094,Хороший
12095,Хороший
12104,Хороший
12105,Обычный
12106,Обычный
12107,Обычный
12108,Хороший
12109,Обычный
12110,Хороший
12111,Обычный
12184,Обычный
12185,Обычный
12186,Обычный
12187,Обычный
12188,Обычный
12189,Обычный
12190,Обычный
12191,Обычный
12232,Хороший
12233,Хороший
12234,Хороший
12235,Хороший
12236,Хороший
12237,Хороший
12238,Хороший
12239,Хороший
12248,Хороший
12249,Обычный
12250,Обычный
12251,Хороший
12252,Хороший
12253,Хороший
12254,Хороший
12255,Хороший
12312,Хороший
12313,Хороший
12314,Хороший
12315,Хороший
12316,Хороший
12317,Хороший
12318,Хороший
12319,Хороший
12360,Хороший
12361,Хороший
12362,Хороший
12363,Хороший
12364,Хороший
12365,Хороший
12366,Хороший
12367,Хороший
12368,Хороший
12369,Обычный
12370,Обычный
12371,Обычный
12372,Обычный
12373,Обычный
12374,Обычный
12375,Обычный
12384,Плохой
12385,Плохой
12386,Плохой
12387,Плохой
12388,Плохой
12389,Плохой
12390,Плохой
12391,Плохой
12416,Обычный
12417,Обычный
12418,Обычный
12419,Обычный
12420,Обычный
12421,Обычный
12422,Обычный
12423,Обычный
12512,Плохой
12513,Плохой
12514,Плохой
12515,Плохой
12516,Плохой
12517,Плохой
12518,Плохой
12519,Плохой
12536,Обычный
12537,Обычный
12538,Обычный
12539,Обычный
12540,Обычный
12541,Обычный
12542,Обычный
12543,Обычный
12544,Обычный
12545,Обычный
12546,Обычный
12547,Обычный
12548,Обычный
12549,Обычный
12550,Обычный
12551,Обычный
12552,Хороший
12553,Хороший
12554,Хороший
12555,Обычный
12556,Хороший
12557,Хороший
12558,Обычный
12559,Обычный
12560,Обычный
12561,Обычный
12562,Обычный
12563,Обычный
12564,Обычный
12565,Обычный
12566,Обычный
12567,Обычный
12592,Хороший
12593,Хороший
12594,Хороший
12595,Хороший
12596,Хороший
12597,Хороший
12598,Хороший
12599,Хороший
12600,Обычный
12601,Обычный
12602,Обычный
12603,Плохой
12604,Плохой
12605,Обычный
12606,Плохой
12607,Плохой
12624,Обычный
12625,Обычный
12626,Обычный
12627,Обычный
12628,Обычный
12629,Обычный
12630,Обычный
12631,Обычный
12688,Плохой
12689,Плохой
12690,Плохой
12691,Плохой
12692,Плохой
12693,Плохой
12694,Плохой
12695,Плохой
12704,Обычный
12705,Обычный
12706,Обычный
12707,Обычный
12708,Обычный
12709,Обычный
12710,Обычный
12711,Обычный
12712,Обычный
12713,Обычный
12714,Обычный
12715,Обычный
12716,Обычный
12717,Обычный
12718,Обычный
12719,Обычный
12736,Обычный
12737,Обычный
12738,Обычный
12739,Обычный
12740,Обычный
12741,Обычный
12742,Обычный
12743,Обычный
12752,Плохой
12753,Плохой
12754,Плохой
12755,Плохой
12756,Обычный
12757,Плохой
12758,Обычный
12759,Плохой
12816,Обычный
12817,Обычный
12818,Обычный
12819,Обычный
12820,Обычный
12821,Обычный
12822,Обычный
12823,Обычный
12824,Обычный
12825,Обычный
12826,Обычный
12827,Обычный
12828,Обычный
12829,Обычный
12830,Обычный
12831,Обычный
12832,Обычный
12833,Обычный
12834,Обычный
12835,Обычный
12836,Обычный
12837,Обычный
12838,Обычный
12839,Обычный
12848,Обычный
12849,Обычный
12850,Обычный
12851,Обычный
12852,Обычный
12853,Обычный
12854,Обычный
12855,Обычный
12904,Плохой
12905,Плохой
12906,Плохой
12907,Плохой
12908,Плохой
12909,Плохой
12910,Плохой
12911,Плохой
12944,Обычный
12945,Обычный
12946,Обычный
12947,Обычный
12948,Обычный
12949,Обычный
12950,Обычный
12951,Обычный
12968,Обычный
12969,Обычный
12970,Обычный
12971,Обычный
12972,Обычный
12973,Обычный
12974,Обычный
12975,Обычный
12976,Обычный
12977,Обычный
12978,Обычный
12979,Обычный
12980,Обычный
12981,Обычный
12982,Обычный
12983,Обычный
12984,Плохой
12985,Плохой
12986,Плохой
12987,Плохой
12988,Плохой
12989,Плохой
12990,Плохой
12991,Плохой
12992,Обычный
12993,Обычный
12994,Обычный
12995,Обычный
12996,Обычный
12997,Обычный
12998,Обычный
12999,Обычный
13040,Обычный
13041,Обычный
13042,Обычный
13043,Обычный
13044,Обычный
13045,Обычный
13046,Обычный
13047,Обычный
13056,Обычный
13057,Обычный
13058,Обычный
13059,Обычный
13060,Обычный
13061,Обычный
13062,Обычный
13063,Обычный
13064,Обычный
13065,Обычный
13066,Хороший
13067,Обычный
13068,Обычный
13069,Обычный
13070,Обычный
13071,Обычный
13072,Хороший
13073,Обычный
13074,Хороший
13075,Хороший
13076,Хороший
13077,Хороший
13078,Хороший
13079,Хороший
13080,Хороший
13081,Хороший
13082,Хороший
13083,Хороший
13084,Хороший
13085,Обычный
13086,Обычный
13087,Хороший
13088,Обычный
13089,Обычный
13090,Обычный
13091,Обычный
13092,Обычный
13093,Обычный
13094,Обычный
13095,Обычный
13128,Хороший
13129,Хороший
13130,Хороший
13131,Хороший
13132,Хороший
13133,Хороший
13134,Хороший
13135,Хороший
13192,Обычный
13193,Обычный
13194,Обычный
13195,Обычный
13196,Обычный
13197,Обычный
13198,Обычный
13199,Обычный
13200,Обычный
13201,Обычный
13202,Обычный
13203,Обычный
13204,Обычный
13205,Обычный
13206,Обычный
13207,Обычный
13216,Хороший
13217,Хороший
13218,Хороший
13219,Хороший
13220,Хороший
13221,Обычный
13222,Хороший
13223,Хороший
13224,Обычный
13225,Обычный
13226,Обычный
13227,Обычный
13228,Обычный
13229,Обычный
13230,Обычный
13231,Обычный
13256,Хороший
13257,Хороший
13258,Хороший
13259,Хороший
13260,Хороший
13261,Хороший
13262,Хороший
13263,Хороший
13264,Плохой
13265,Плохой
13266,Плохой
13267,Плохой
13268,Плохой
13269,Плохой
13270,Обычный
13271,Плохой
13288,Плохой
13289,Плохой
13290,Плохой
13291,Плохой
13292,Плохой
13293,Плохой
13294,Плохой
13295,Плохой
13296,Плохой
13297,Плохой
13298,Плохой
13299,Плохой
13300,Плохой
13301,Плохой
13302,Плохой
13303,Плохой
13320,Обычный
13321,Обычный
13322,Обычный
13323,Обычный
13324,Обычный
13325,Обычный
13326,Обычный
13327,Обычный
13328,Обычный
13329,Плохой
13330,Обычный
13331,Обычный
13332,Обычный
13333,Обычный
13334,Плохой
13335,Обычный
13360,Обычный
13361,Обычный
13362,Обычный
13363,Обычный
13364,Обычный
13365,Обычный
13366,Обычный
13367,Обычный
13368,Обычный
13369,Обычный
13370,Обычный
13371,Обычный
13372,Обычный
13373,Обычный
13374,Обычный
13375,Обычный
13384,Плохой
13385,Плохой
13386,Обычный
13387,Плохой
13388,Плохой
13389,Плохой
13390,Плохой
13391,Плохой
13408,Хороший
13409,Хороший
13410,Хороший
13411,Хороший
13412,Хороший
13413,Хороший
13414,Хороший
13415,Хороший
13416,Обычный
13417,Обычный
13418,Обычный
13419,Обычный
13420,Обычный
13421,Обычный
13422,Обычный
13423,Обычный
13432,Обычный
13433,Обычный
13434,Хороший
13435,Обычный
13436,Обычный
13437,Обычный
13438,Обычный
13439,Обычный
13448,Плохой
13449,Обычный
13450,Плохой
13451,Обычный
13452,Обычный
13453,Плохой
13454,Плохой
13455,Плохой
13456,Плохой
13457,Плохой
13458,Плохой
13459,Плохой
13460,Плохой
13461,Плохой
13462,Плохой
13463,Плохой
13472,Обычный
13473,Обычный
13474,Обычный
13475,Плохой
13476,Плохой
13477,Плохой
13478,Плохой
13479,Плохой
13480,Обычный
13481,Обычный
13482,Обычный
13483,Обычный
13484,Обычный
13485,Обычный
13486,Плохой
13487,Обычный
13496,Хороший
13497,Хороший
13498,Хороший
13499,Хороший
13500,Хороший
13501,Хороший
13502,Хороший
13503,Хороший
13552,Обычный
13553,Обычный
13554,Обычный
13555,Обычный
13556,Обычный
13557,Обычный
13558,Обычный
13559,Обычный
13592,Плохой
13593,Плохой
13594,Плохой
13595,Плохой
13596,Плохой
13597,Плохой
13598,Плохой
13599,Плохой
13600,Обычный
13601,Плохой
13602,Плохой
13603,Обычный
13604,Обычный
13605,Обычный
13606,Плохой
13607,Обычный
13640,Обычный
13641,Обычный
13642,Обычный
13643,Обычный
13644,Обычный
13645,Обычный
13646,Обычный
13647,Обычный
13648,Хороший
13649,Хороший
13650,Хороший
13651,Хороший
13652,Хороший
13653,Хороший
13654,Хороший
13655,Хороший
13688,Обычный
13689,Плохой
13690,Плохой
13691,Обычный
13692,Обычный
13693,Обычный
13694,Обычный
13695,Плохой
13696,Обычный
13697,Обычный
13698,Обычный
13699,Обычный
13700,Обычный
13701,Обычный
13702,Обычный
13703,Обычный
13704,Хороший
13705,Хороший
13706,Хороший
13707,Хороший
13708,Обычный
13709,Обычный
13710,Хороший
13711,Хороший
13728,Обычный
13729,Обычный
13730,Обычный
13731,Обычный
13732,Обычный
13733,Обычный
13734,Обычный
13735,Обычный
13744,Обычный
13745,Обычный
13746,Обычный
13747,Обычный
13748,Обычный
13749,Обычный
13750,Обычный
13751,Обычный
13776,Обычный
13777,Обычный
13778,Обычный
13779,Обычный
13780,Обычный
13781,Обычный
13782,Обычный
13783,Обычный
13808,Обычный
13809,Обычный
13810,Обычный
13811,Обычный
13812,Обычный
13813,Обычный
13814,Обычный
13815,Обычный
13832,Обычный
13833,Обычный
13834,Обычный
13835,Обычный
13836,Обычный
13837,Обычный
13838,Обычный
13839,Обычный
13840,Обычный
13841,Обычный
13842,Обычный
13843,Обычный
13844,Обычный
13845,Обычный
13846,Обычный
13847,Обычный
13856,Плохой
13857,Плохой
13858,Плохой
13859,Плохой
13860,Плохой
13861,Плохой
13862,Плохой
13863,Плохой
13872,Хороший
13873,Хороший
13874,Хороший
13875,Хороший
13876,Хороший
13877,Хороший
13878,Хороший
13879,Хороший
13888,Плохой
13889,Плохой
13890,Плохой
13891,Плохой
13892,Плохой
13893,Плохой
13894,Плохой
13895,Плохой
13952,Обычный
13953,Плохой
13954,Плохой
13955,Обычный
13956,Обычный
13957,Обычный
13958,Обычный
13959,Обычный
13968,Обычный
13969,Обычный
13970,Обычный
13971,Обычный
13972,Обычный
13973,Обычный
13974,Обычный
13975,Обычный
13976,Обычный
13977,Обычный
13978,Обычный
13979,Обычный
13980,Обычный
13981,Обычный
13982,Обычный
13983,Обычный
14024,Плохой
14025,Плохой
14026,Плохой
14027,Плохой
14028,Плохой
14029,Плохой
14030,Плохой
14031,Плохой
14048,Обычный
14049,Обычный
14050,Обычный
14051,Обычный
14052,Обычный
14053,Обычный
14054,Обычный
14055,Обычный
14064,Обычный
14065,Обычный
14066,Обычный
14067,Обычный
14068,Обычный
14069,Обычный
14070,Обычный
14071,Обычный
14104,Обычный
14105,Обычный
14106,Обычный
14107,Обычный
14108,Обычный
14109,Обычный
14110,Обычный
14111,Обычный
14120,Плохой
14121,Плохой
14122,Плохой
14123,Плохой
14124,Плохой
14125,Плохой
14126,Плохой
14127,Плохой
14144,Хороший
14145,Обычный
14146,Хороший
14147,Обычный
14148,Обычный
14149,Хороший
14150,Хороший
14151,Обычный
14152,Плохой
14153,Плохой
14154,Плохой
14155,Плохой
14156,Плохой
14157,Плохой
14158,Плохой
14159,Плохой
14168,Плохой
14169,Плохой
14170,Плохой
14171,Плохой
14172,Плохой
14173,Плохой
14174,Плохой
14175,Плохой
14184,Обычный
14185,Обычный
14186,Обычный
14187,Обычный
14188,Обычный
14189,Обычный
14190,Обычный
14191,Обычный
14240,Обычный
14241,Обычный
14242,Обычный
14243,Обычный
14244,Обычный
14245,Обычный
14246,Обычный
14247,Обычный
14256,Обычный
14257,Обычный
14258,Обычный
14259,Обычный
14260,Обычный
14261,Обычный
14262,Обычный
14263,Обычный
14288,Плохой
14289,Плохой
14290,Плохой
14291,Плохой
14292,Плохой
14293,Обычный
14294,Плохой
14295,Плохой
14312,Обычный
14313,Плохой
14314,Обычный
14315,Плохой
14316,Плохой
14317,Обычный
14318,Плохой
14319,Плохой
14320,Обычный
14321,Обычный
14322,Обычный
14323,Обычный
14324,Обычный
14325,Обычный
14326,Обычный
14327,Обычный
14344,Хороший
14345,Хороший
14346,Хороший
14347,Хороший
14348,Хороший
14349,Хороший
14350,Хороший
14351,Хороший
14392,Обычный
14393,Обычный
14394,Обычный
14395,Обычный
14396,Обычный
14397,Обычный
14398,Обычный
14399,Обычный
14408,Плохой
14409,Обычный
14410,Обычный
14411,Плохой
14412,Плохой
14413,Плохой
14414,Плохой
14415,Плохой
14424,Плохой
14425,Плохой
14426,Плохой
14427,Плохой
14428,Плохой
14429,Плохой
14430,Плохой
14431,Плохой
14432,Плохой
14433,Плохой
14434,Плохой
14435,Плохой
14436,Плохой
14437,Плохой
14438,Плохой
14439,Плохой
14464,Обычный
14465,Обычный
14466,Обычный
14467,Обычный
14468,Обычный
14469,Обычный
14470,Обычный
14471,Обычный
14480,Плохой
14481,Обычный
14482,Обычный
14483,Обычный
14484,Обычный
14485,Обычный
14486,Обычный
14487,Обычный
14496,Плохой
14497,Плохой
14498,Плохой
14499,Плохой
14500,Обычный
14501,Обычный
14502,Плохой
14503,Плохой
14504,Обычный
14505,Обычный
14506,Обычный
14507,Обычный
14508,Обычный
14509,Обычный
14510,Обычный
14511,Обычный
14520,Плохой
14521,Плохой
14522,Плохой
14523,Плохой
14524,Плохой
14525,Плохой
14526,Плохой
14527,Плохой
14528,Хороший
14529,Хороший
14530,Хороший
14531,Обычный
14532,Хороший
14533,Хороший
14534,Хороший
14535,Хороший
14552,Обычный
14553,Обычный
14554,Обычный
14555,Обычный
14556,Обычный
14557,Обычный
14558,Обычный
14559,Обычный
14560,Обычный
14561,Обычный
14562,Обычный
14563,Обычный
14564,Обычный
14565,Обычный
14566,Обычный
14567,Обычный
14568,Плохой
14569,Плохой
14570,Плохой
14571,Плохой
14572,Плохой
14573,Плохой
14574,Плохой
14575,Плохой
14584,Обычный
14585,Плохой
14586,Плохой
14587,Обычный
14588,Обычный
14589,Обычный
14590,Обычный
14591,Обычный
14592,Хороший
14593,Обычный
14594,Хороший
14595,Обычный
14596,Обычный
14597,Обычный
14598,Обычный
14599,Обычный
14616,Обычный
14617,Обычный
14618,Обычный
14619,Обычный
14620,Обычный
14621,Обычный
14622,Обычный
14623,Обычный
14624,Хороший
14625,Хороший
14626,Хороший
14627,Хороший
14628,Хороший
14629,Хороший
14630,Хороший
14631,Хороший
14640,Плохой
14641,Плохой
14642,Плохой
14643,Плохой
14644,Плохой
14645,Плохой
14646,Плохой
14647,Плохой
14672,Плохой
14673,Обычный
14674,Плохой
14675,Плохой
14676,Обычный
14677,Плохой
14678,Плохой
14679,Плохой
14680,Обычный
14681,Обычный
14682,Обычный
14683,Обычный
14684,Обычный
14685,Обычный
14686,Обычный
14687,Обычный
14752,Обычный
14753,Обычный
14754,Обычный
14755,Плохой
14756,Обычный
14757,Обычный
14758,Обычный
14759,Плохой
14768,Обычный
14769,Обычный
14770,Обычный
14771,Обычный
14772,Обычный
14773,Обычный
14774,Обычный
14775,Обычный
14792,Плохой
14793,Плохой
14794,Плохой
14795,Плохой
14796,Плохой
14797,Плохой
14798,Плохой
14799,Плохой
14808,Обычный
14809,Обычный
14810,Обычный
14811,Обычный
14812,Обычный
14813,Обычный
14814,Обычный
14815,Обычный
14848,Обычный
14849,Обычный
14850,Обычный
14851,Обычный
14852,Обычный
14853,Обычный
14854,Обычный
14855,Обычный
14856,Хороший
14857,Плохой
14858,Обычный
14859,Хороший
14860,Хороший
14861,Плохой
14862,Хороший
14863,Обычный
14864,Хороший
14865,Хороший
14866,Хороший
14867,Хороший
14868,Хороший
14869,Хороший
14870,Хороший
14871,Хороший
14880,Обычный
14881,Обычный
14882,Плохой
14883,Обычный
14884,Обычный
14885,Обычный
14886,Обычный
14887,Плохой
14896,Плохой
14897,Плохой
14898,Плохой
14899,Плохой
14900,Плохой
14901,Обычный
14902,Обычный
14903,Обычный
14944,Обычный
14945,Обычный
14946,Обычный
14947,Обычный
14948,Обычный
14949,Обычный
14950,Обычный
14951,Обычный
14952,Плохой
14953,Плохой
14954,Плохой
14955,Плохой
14956,Плохой
14957,Плохой
14958,Плохой
14959,Плохой
14976,Плохой
14977,Обычный
14978,Плохой
14979,Плохой
14980,Плохой
14981,Плохой
14982,Плохой
14983,Плохой
14992,Обычный
14993,Обычный
14994,Обычный
14995,Обычный
14996,Обычный
14997,Обычный
14998,Обычный
14999,Обычный
15024,Обычный
15025,Обычный
15026,Плохой
15027,Обычный
15028,Обычный
15029,Обычный
15030,Обычный
15031,Обычный
15048,Плохой
15049,Плохой
15050,Плохой
15051,Плохой
15052,Плохой
15053,Плохой
15054,Плохой
15055,Плохой
15080,Обычный
15081,Обычный
15082,Плохой
15083,Обычный
15084,Плохой
15085,Обычный
15086,Плохой
15087,Плохой
15088,Обычный
15089,Обычный
15090,Обычный
15091,Обычный
15092,Обычный
15093,Обычный
15094,Обычный
15095,Обычный
15104,Плохой
15105,Плохой
15106,Плохой
15107,Плохой
15108,Плохой
15109,Плохой
15110,Плохой
15111,Плохой
15120,Плохой
15121,Плохой
15122,Плохой
15123,Плохой
15124,Плохой
15125,Плохой
15126,Плохой
15127,Плохой
15200,Плохой
15201,Плохой
15202,Плохой
15203,Плохой
15204,Плохой
15205,Плохой
15206,Плохой
15207,Плохой
15224,Хороший
15225,Хороший
15226,Хороший
15227,Обычный
15228,Хороший
15229,Обычный
15230,Хороший
15231,Хороший
15256,Обычный
15257,Обычный
15258,Обычный
15259,Обычный
15260,Обычный
15261,Обычный
15262,Обычный
15263,Обычный
15280,Обычный
15281,Обычный
15282,Обычный
15283,Обычный
15284,Обычный
15285,Обычный
15286,Обычный
15287,Обычный
15296,Обычный
15297,Обычный
15298,Плохой
15299,Плохой
15300,Плохой
15301,Плохой
15302,Обычный
15303,Плохой
15304,Хороший
15305,Хороший
15306,Хороший
15307,Хороший
15308,Хороший
15309,Хороший
15310,Хороший
15311,Хороший
15320,Обычный
15321,Обычный
15322,Обычный
15323,Обычный
15324,Обычный
15325,Обычный
15326,Обычный
15327,Обычный
15328,Плохой
15329,Плохой
15330,Плохой
15331,Плохой
15332,Плохой
15333,Плохой
15334,Плохой
15335,Плохой
15336,Плохой
15337,Плохой
15338,Плохой
15339,Плохой
15340,Плохой
15341,Плохой
15342,Плохой
15343,Плохой
15352,Плохой
15353,Плохой
15354,Плохой
15355,Плохой
15356,Плохой
15357,Плохой
15358,Плохой
15359,Плохой
15360,Хороший
15361,Хороший
15362,Хороший
15363,Хороший
15364,Хороший
15365,Хороший
15366,Хороший
15367,Хороший
15368,Хороший
15369,Хороший
15370,Хороший
15371,Хороший
15372,Хороший
15373,Хороший
15374,Хороший
15375,Хороший
15384,Плохой
15385,Плохой
15386,Плохой
15387,Плохой
15388,Плохой
15389,Плохой
15390,Плохой
15391,Плохой
15392,Обычный
15393,Обычный
15394,Обычный
15395,Обычный
15396,Плохой
15397,Обычный
15398,Плохой
15399,Обычный
15400,Обычный
15401,Обычный
15402,Обычный
15403,Обычный
15404,Обычный
15405,Обычный
15406,Обычный
15407,Обычный
15408,Обычный
15409,Обычный
15410,Обычный
15411,Обычный
15412,Обычный
15413,Обычный
15414,Обычный
15415,Обычный
15432,Плохой
15433,Плохой
15434,Плохой
15435,Плохой
15436,Плохой
15437,Плохой
15438,Плохой
15439,Плохой
15448,Плохой
15449,Плохой
15450,Плохой
15451,Плохой
15452,Плохой
15453,Плохой
15454,Плохой
15455,Плохой
15456,Обычный
15457,Обычный
15458,Обычный
15459,Обычный
15460,Обычный
15461,Обычный
15462,Обычный
15463,Обычный
15464,Обычный
15465,Обычный
15466,Обычный
15467,Обычный
15468,Обычный
15469,Обычный
15470,Обычный
15471,Обычный
15504,Хороший
15505,Хороший
15506,Обычный
15507,Хороший
15508,Обычный
15509,Хороший
15510,Хороший
15511,Хороший
15512,Обычный
15513,Обычный
15514,Обычный
15515,Обычный
15516,Обычный
15517,Обычный
15518,Обычный
15519,Обычный
15528,Обычный
15529,Обычный
15530,Обычный
15531,Обычный
15532,Обычный
15533,Обычный
15534,Обычный
15535,Обычный
15536,Хороший
15537,Хороший
15538,Хороший
15539,Хороший
15540,Хороший
15541,Хороший
15542,Хороший
15543,Хороший
15560,Хороший
15561,Хороший
15562,Хороший
15563,Хороший
15564,Хороший
15565,Хороший
15566,Обычный
15567,Хороший
15568,Обычный
15569,Обычный
15570,Обычный
15571,Обычный
15572,Обычный
15573,Обычный
15574,Обычный
15575,Обычный
15576,Обычный
15577,Обычный
15578,Хороший
15579,Обычный
15580,Обычный
15581,Обычный
15582,Хороший
15583,Хороший
15584,Плохой
15585,Плохой
15586,Плохой
15587,Плохой
15588,Плохой
15589,Плохой
15590,Плохой
15591,Плохой
15608,Плохой
15609,Плохой
15610,Плохой
15611,Плохой
15612,Плохой
15613,Плохой
15614,Плохой
15615,Плохой
15640,Обычный
15641,Обычный
15642,Обычный
15643,Обычный
15644,Обычный
15645,Обычный
15646,Обычный
15647,Обычный
15648,Плохой
15649,Плохой
15650,Плохой
15651,Плохой
15652,Плохой
15653,Плохой
15654,Плохой
15655,Плохой
15656,Обычный
15657,Обычный
15658,Обычный
15659,Обычный
15660,Обычный
15661,Обычный
15662,Обычный
15663,Обычный
15664,Обычный
15665,Обычный
15666,Обычный
15667,Обычный
15668,Обычный
15669,Обычный
15670,Обычный
15671,Обычный
15680,Обычный
15681,Обычный
15682,Обычный
15683,Обычный
15684,Обычный
15685,Обычный
15686,Обычный
15687,Обычный
15704,Обычный
15705,Обычный
15706,Обычный
15707,Обычный
15708,Обычный
15709,Обычный
15710,Обычный
15711,Обычный
15712,Обычный
15713,Обычный
15714,Обычный
15715,Обычный
15716,Обычный
15717,Обычный
15718,Обычный
15719,Обычный
15720,Плохой
15721,Плохой
15722,Плохой
15723,Плохой
15724,Плохой
15725,Плохой
15726,Плохой
15727,Плохой
15768,Плохой
15769,Плохой
15770,Плохой
15771,Плохой
15772,Плохой
15773,Плохой
15774,Плохой
15775,Плохой
15792,Плохой
15793,Плохой
15794,Плохой
15795,Плохой
15796,Плохой
15797,Плохой
15798,Плохой
15799,Плохой
15800,Плохой
15801,Плохой
15802,Плохой
15803,Плохой
15804,Плохой
15805,Плохой
15806,Плохой
15807,Плохой
15808,Плохой
15809,Плохой
15810,Плохой
15811,Плохой
15812,Плохой
15813,Плохой
15814,Плохой
15815,Плохой
15824,Плохой
15825,Плохой
15826,Плохой
15827,Плохой
15828,Плохой
15829,Плохой
15830,Плохой
15831,Плохой
15872,Хороший
15873,Хороший
15874,Хороший
15875,Хороший
15876,Хороший
15877,Хороший
15878,Хороший
15879,Хороший
15880,Хороший
15881,Хороший
15882,Хороший
15883,Хороший
15884,Хороший
15885,Хороший
15886,Хороший
15887,Хороший
15896,Хороший
15897,Хороший
15898,Хороший
15899,Хороший
15900,Хороший
15901,Хороший
15902,Хороший
15903,Хороший
15904,Обычный
15905,Обычный
15906,Обычный
15907,Плохой
15908,Обычный
15909,Обычный
15910,Плохой
15911,Обычный
15920,Обычный
15921,Обычный
15922,Обычный
15923,Обычный
15924,Обычный
15925,Обычный
15926,Обычный
15927,Обычный
15960,Обычный
15961,Обычный
15962,Обычный
15963,Обычный
15964,Обычный
15965,Обычный
15966,Обычный
15967,Обычный
15968,Обычный
15969,Обычный
15970,Обычный
15971,Обычный
15972,Обычный
15973,Обычный
15974,Обычный
15975,Обычный
16008,Обычный
16009,Обычный
16010,Обычный
16011,Обычный
16012,Обычный
16013,Обычный
16014,Обычный
16015,Обычный
16024,Обычный
16025,Обычный
16026,Обычный
16027,Обычный
16028,Обычный
16029,Обычный
16030,Обычный
16031,Обычный
16032,Обычный
16033,Обычный
16034,Обычный
16035,Обычный
16036,Обычный
16037,Обычный
16038,Обычный
16039,Обычный
16072,Обычный
16073,Обычный
16074,Обычный
16075,Обычный
16076,Обычный
16077,Обычный
16078,Обычный
16079,Обычный
16080,Хороший
16081,Хороший
16082,Хороший
16083,Хороший
16084,Хороший
16085,Хороший
16086,Хороший
16087,Хороший
16096,Обычный
16097,Обычный
16098,Обычный
16099,Обычный
16100,Обычный
16101,Обычный
16102,Обычный
16103,Плохой
16112,Хороший
16113,Обычный
16114,Хороший
16115,Обычный
16116,Хороший
16117,Обычный
16118,Хороший
16119,Обычный
16128,Плохой
16129,Плохой
16130,Плохой
16131,Плохой
16132,Плохой
16133,Плохой
16134,Плохой
16135,Плохой
16176,Хороший
16177,Хороший
16178,Хороший
16179,Хороший
16180,Хороший
16181,Хороший
16182,Хороший
16183,Хороший
16192,Обычный
16193,Обычный
16194,Обычный
16195,Хороший
16196,Обычный
16197,Обычный
16198,Обычный
16199,Обычный
16248,Плохой
16249,Плохой
16250,Плохой
16251,Плохой
16252,Плохой
16253,Плохой
16254,Плохой
16255,Плохой
16272,Хороший
16273,Хороший
16274,Хороший
16275,Хороший
16276,Хороший
16277,Хороший
16278,Хороший
16279,Хороший
16280,Обычный
16281,Обычный
16282,Обычный
16283,Обычный
16284,Обычный
16285,Обычный
16286,Обычный
16287,Обычный
16392,Обычный
16393,Обычный
16394,Обычный
16395,Хороший
16396,Обычный
16397,Обычный
16398,Обычный
16399,Хороший
16408,Плохой
16409,Плохой
16410,Плохой
16411,Плохой
16412,Плохой
16413,Плохой
16414,Плохой
16415,Плохой
16480,Хороший
16481,Хороший
16482,Обычный
16483,Хороший
16484,Обычный
16485,Хороший
16486,Обычный
16487,Хороший
16504,Хороший
16505,Хороший
16506,Хороший
16507,Хороший
16508,Хороший
16509,Хороший
16510,Хороший
16511,Хороший
16512,Обычный
16513,Обычный
16514,Обычный
16515,Обычный
16516,Обычный
16517,Обычный
16518,Обычный
16519,Обычный
16520,Обычный
16521,Обычный
16522,Обычный
16523,Обычный
16524,Обычный
16525,Обычный
16526,Обычный
16527,Обычный
16592,Плохой
16593,Плохой
16594,Плохой
16595,Обычный
16596,Обычный
16597,Плохой
16598,Плохой
16599,Обычный
16600,Обычный
16601,Обычный
16602,Обычный
16603,Обычный
16604,Обычный
16605,Обычный
16606,Обычный
16607,Обычный
16616,Плохой
16617,Плохой
16618,Плохой
16619,Плохой
16620,Плохой
16621,Плохой
16622,Плохой
16623,Плохой
16624,Обычный
16625,Обычный
16626,Хороший
16627,Обычный
16628,Хороший
16629,Обычный
16630,Обычный
16631,Обычный
16632,Хороший
16633,Хороший
16634,Хороший
16635,Хороший
16636,Хороший
16637,Хороший
16638,Хороший
16639,Хороший
16728,Хороший
16729,Хороший
16730,Обычный
16731,Обычный
16732,Хороший
16733,Обычный
16734,Обычный
16735,Обычный
16752,Обычный
16753,Обычный
16754,Обычный
16755,Обычный
16756,Обычный
16757,Обычный
16758,Обычный
16759,Обычный
16760,Плохой
16761,Плохой
16762,Плохой
16763,Плохой
16764,Плохой
16765,Плохой
16766,Плохой
16767,Плохой
16776,Плохой
16777,Плохой
16778,Плохой
16779,Плохой
16780,Плохой
16781,Плохой
16782,Плохой
16783,Плохой
16784,Обычный
16785,Обычный
16786,Обычный
16787,Обычный
16788,Обычный
16789,Обычный
16790,Обычный
16791,Обычный
16792,Обычный
16793,Обычный
16794,Обычный
16795,Обычный
16796,Обычный
16797,Обычный
16798,Обычный
16799,Обычный
16824,Обычный
16825,Обычный
16826,Обычный
16827,Обычный
16828,Обычный
16829,Обычный
16830,Обычный
16831,Обычный
16848,Обычный
16849,Обычный
16850,Обычный
16851,Обычный
16852,Обычный
16853,Обычный
16854,Хороший
16855,Хороший
16872,Плохой
16873,Плохой
16874,Плохой
16875,Плохой
16876,Плохой
16877,Плохой
16878,Плохой
16879,Плохой
16896,Плохой
16897,Плохой
16898,Плохой
16899,Плохой
16900,Плохой
16901,Плохой
16902,Плохой
16903,Плохой
16912,Обычный
16913,Обычный
16914,Обычный
16915,Обычный
16916,Обычный
16917,Обычный
16918,Обычный
16919,Обычный
16960,Обычный
16961,Обычный
16962,Обычный
16963,Обычный
16964,Обычный
16965,Обычный
16966,Обычный
16967,Обычный
16968,Обычный
16969,Хороший
16970,Обычный
16971,Обычный
16972,Обычный
16973,Хороший
16974,Хороший
16975,Обычный
17008,Плохой
17009,Плохой
17010,Плохой
17011,Плохой
17012,Плохой
17013,Плохой
17014,Плохой
17015,Плохой
17040,Хороший
17041,Хороший
17042,Хороший
17043,Хороший
17044,Хороший
17045,Хороший
17046,Хороший
17047,Хороший
17056,Хороший
17057,Хороший
17058,Хороший
17059,Хороший
17060,Хороший
17061,Хороший
17062,Хороший
17063,Хороший
17064,Обычный
17065,Обычный
17066,Обычный
17067,Обычный
17068,Обычный
17069,Обычный
17070,Обычный
17071,Обычный
17104,Хороший
17105,Хороший
17106,Хороший
17107,Хороший
17108,Хороший
17109,Хороший
17110,Хороший
17111,Хороший
17112,Обычный
17113,Обычный
17114,Обычный
17115,Обычный
17116,Обычный
17117,Обычный
17118,Обычный
17119,Обычный
17120,Плохой
17121,Плохой
17122,Плохой
17123,Плохой
17124,Плохой
17125,Плохой
17126,Плохой
17127,Плохой
17168,Обычный
17169,Обычный
17170,Обычный
17171,Обычный
17172,Обычный
17173,Обычный
17174,Обычный
17175,Обычный
17176,Плохой
17177,Плохой
17178,Плохой
17179,Плохой
17180,Плохой
17181,Плохой
17182,Плохой
17183,Плохой
17200,Хороший
17201,Обычный
17202,Обычный
17203,Хороший
17204,Хороший
17205,Хороший
17206,Хороший
17207,Хороший
17208,Плохой
17209,Обычный
17210,Обычный
17211,Обычный
17212,Обычный
17213,Обычный
17214,Обычный
17215,Обычный
17272,Обычный
17273,Обычный
17274,Обычный
17275,Обычный
17276,Обычный
17277,Обычный
17278,Обычный
17279,Обычный
17288,Обычный
17289,Обычный
17290,Плохой
17291,Обычный
17292,Обычный
17293,Обычный
17294,Обычный
17295,Обычный
17304,Обычный
17305,Обычный
17306,Обычный
17307,Обычный
17308,Обычный
17309,Обычный
17310,Обычный
17311,Обычный
17312,Обычный
17313,Обычный
17314,Обычный
17315,Обычный
17316,Обычный
17317,Обычный
17318,Обычный
17319,Обычный
17336,Обычный
17337,Обычный
17338,Обычный
17339,Плохой
17340,Плохой
17341,Плохой
17342,Обычный
17343,Обычный
17344,Плохой
17345,Плохой
17346,Плохой
17347,Плохой
17348,Плохой
17349,Плохой
17350,Плохой
17351,Плохой
17368,Обычный
17369,Обычный
17370,Обычный
17371,Обычный
17372,Плохой
17373,Обычный
17374,Обычный
17375,Обычный
17376,Обычный
17377,Обычный
17378,Обычный
17379,Обычный
17380,Обычный
17381,Обычный
17382,Хороший
17383,Обычный
17384,Обычный
17385,Обычный
17386,Обычный
17387,Обычный
17388,Обычный
17389,Обычный
17390,Обычный
17391,Обычный
17392,Плохой
17393,Плохой
17394,Плохой
17395,Плохой
17396,Плохой
17397,Плохой
17398,Плохой
17399,Плохой
17400,Хороший
17401,Хороший
17402,Хороший
17403,Хороший
17404,Обычный
17405,Хороший
17406,Хороший
17407,Хороший
17408,Плохой
17409,Плохой
17410,Плохой
17411,Плохой
17412,Плохой
17413,Плохой
17414,Плохой
17415,Плохой
17416,Обычный
17417,Обычный
17418,Обычный
17419,Обычный
17420,Обычный
17421,Обычный
17422,Обычный
17423,Обычный
17440,Обычный
17441,Обычный
17442,Обычный
17443,Обычный
17444,Обычный
17445,Обычный
17446,Обычный
17447,Обычный
17448,Обычный
17449,Обычный
17450,Обычный
17451,Обычный
17452,Обычный
17453,Обычный
17454,Обычный
17455,Обычный
17456,Обычный
17457,Обычный
17458,Обычный
17459,Обычный
17460,Обычный
17461,Обычный
17462,Обычный
17463,Обычный
17512,Обычный
17513,Плохой
17514,Плохой
17515,Плохой
17516,Плохой
17517,Плохой
17518,Плохой
17519,Плохой
17536,Обычный
17537,Обычный
17538,Обычный
17539,Обычный
17540,Обычный
17541,Обычный
17542,Обычный
17543,Обычный
17560,Обычный
17561,Обычный
17562,Обычный
17563,Обычный
17564,Обычный
17565,Обычный
17566,Обычный
17567,Обычный
17584,Обычный
17585,Обычный
17586,Обычный
17587,Обычный
17588,Обычный
17589,Обычный
17590,Обычный
17591,Обычный
17600,Обычный
17601,Обычный
17602,Обычный
17603,Обычный
17604,Обычный
17605,Обычный
17606,Обычный
17607,Обычный
17608,Плохой
17609,Плохой
17610,Плохой
17611,Плохой
17612,Плохой
17613,Плохой
17614,Плохой
17615,Плохой
17624,Обычный
17625,Обычный
17626,Обычный
17627,Обычный
17628,Обычный
17629,Обычный
17630,Обычный
17631,Обычный
17640,Плохой
17641,Плохой
17642,Плохой
17643,Плохой
17644,Плохой
17645,Плохой
17646,Плохой
17647,Плохой
17680,Обычный
17681,Обычный
17682,Обычный
17683,Обычный
17684,Обычный
17685,Обычный
17686,Обычный
17687,Обычный
17688,Обычный
17689,Обычный
17690,Обычный
17691,Обычный
17692,Обычный
17693,Обычный
17694,Обычный
17695,Обычный
17728,Обычный
17729,Обычный
17730,Обычный
17731,Обычный
17732,Обычный
17733,Обычный
17734,Обычный
17735,Обычный
17736,Обычный
17737,Обычный
17738,Обычный
17739,Обычный
17740,Обычный
17741,Обычный
17742,Обычный
17743,Обычный
17784,Обычный
17785,Обычный
17786,Обычный
17787,Обычный
17788,Обычный
17789,Обычный
17790,Обычный
17791,Обычный
17808,Плохой
17809,Плохой
17810,Плохой
17811,Плохой
17812,Плохой
17813,Плохой
17814,Плохой
17815,Плохой
17816,Хороший
17817,Хороший
17818,Хороший
17819,Хороший
17820,Хороший
17821,Хороший
17822,Хороший
17823,Хороший
17840,Обычный
17841,Обычный
17842,Обычный
17843,Обычный
17844,Обычный
17845,Обычный
17846,Обычный
17847,Обычный
17848,Хороший
17849,Хороший
17850,Хороший
17851,Хороший
17852,Хороший
17853,Хороший
17854,Хороший
17855,Хороший
17872,Обычный
17873,Обычный
17874,Обычный
17875,Обычный
17876,Обычный
17877,Обычный
17878,Обычный
17879,Обычный
17912,Обычный
17913,Обычный
17914,Обычный
17915,Обычный
17916,Обычный
17917,Обычный
17918,Обычный
17919,Обычный
17936,Обычный
17937,Обычный
17938,Обычный
17939,Обычный
17940,Обычный
17941,Обычный
17942,Обычный
17943,Обычный
17968,Плохой
17969,Плохой
17970,Плохой
17971,Плохой
17972,Плохой
17973,Плохой
17974,Плохой
17975,Плохой
17976,Обычный
17977,Обычный
17978,Обычный
17979,Обычный
17980,Обычный
17981,Обычный
17982,Обычный
17983,Обычный
17992,Хороший
17993,Хороший
17994,Хороший
17995,Хороший
17996,Хороший
17997,Хороший
17998,Обычный
17999,Хороший
18000,Плохой
18001,Плохой
18002,Плохой
18003,Плохой
18004,Плохой
18005,Плохой
18006,Плохой
18007,Плохой
18032,Обычный
18033,Обычный
18034,Обычный
18035,Обычный
18036,Обычный
18037,Обычный
18038,Обычный
18039,Обычный
18056,Обычный
18057,Обычный
18058,Обычный
18059,Обычный
18060,Обычный
18061,Обычный
18062,Обычный
18063,Хороший
18120,Обычный
18121,Обычный
18122,Обычный
18123,Обычный
18124,Обычный
18125,Обычный
18126,Обычный
18127,Обычный
18136,Хороший
18137,Хороший
18138,Обычный
18139,Обычный
18140,Хороший
18141,Хороший
18142,Хороший
18143,Хороший
18152,Хороший
18153,Хороший
18154,Хороший
18155,Хороший
18156,Хороший
18157,Хороший
18158,Хороший
18159,Хороший
18160,Обычный
18161,Обычный
18162,Обычный
18163,Обычный
18164,Обычный
18165,Обычный
18166,Обычный
18167,Обычный
18176,Обычный
18177,Плохой
18178,Плохой
18179,Плохой
18180,Плохой
18181,Плохой
18182,Плохой
18183,Плохой
18184,Обычный
18185,Обычный
18186,Плохой
18187,Плохой
18188,Плохой
18189,Обычный
18190,Плохой
18191,Обычный
18200,Плохой
18201,Плохой
18202,Плохой
18203,Обычный
18204,Обычный
18205,Плохой
18206,Плохой
18207,Плохой
18208,Обычный
18209,Обычный
18210,Обычный
18211,Обычный
18212,Обычный
18213,Обычный
18214,Обычный
18215,Обычный
18216,Хороший
18217,Хороший
18218,Обычный
18219,Хороший
18220,Хороший
18221,Хороший
18222,Хороший
18223,Хороший
18240,Обычный
18241,Обычный
18242,Обычный
18243,Обычный
18244,Обычный
18245,Обычный
18246,Обычный
18247,Обычный
18248,Обычный
18249,Обычный
18250,Обычный
18251,Обычный
18252,Обычный
18253,Обычный
18254,Обычный
18255,Обычный
18264,Обычный
18265,Обычный
18266,Обычный
18267,Обычный
18268,Обычный
18269,Обычный
18270,Обычный
18271,Обычный
18272,Обычный
18273,Обычный
18274,Обычный
18275,Обычный
18276,Обычный
18277,Обычный
18278,Обычный
18279,Обычный
18304,Плохой
18305,Плохой
18306,Плохой
18307,Плохой
18308,Плохой
18309,Плохой
18310,Плохой
18311,Плохой
18336,Обычный
18337,Обычный
18338,Обычный
18339,Обычный
18340,Обычный
18341,Обычный
18342,Обычный
18343,Обычный
18344,Обычный
18345,Обычный
18346,Плохой
18347,Плохой
18348,Плохой
18349,Обычный
18350,Обычный
18351,Плохой
18352,Обычный
18353,Хороший
18354,Хороший
18355,Хороший
18356,Хороший
18357,Хороший
18358,Хороший
18359,Хороший
18376,Хороший
18377,Обычный
18378,Хороший
18379,Хороший
18380,Хороший
18381,Хороший
18382,Хороший
18383,Хороший
18424,Обычный
18425,Обычный
18426,Обычный
18427,Обычный
18428,Обычный
18429,Обычный
18430,Обычный
18431,Обычный
18464,Хороший
18465,Хороший
18466,Хороший
18467,Хороший
18468,Хороший
18469,Хороший
18470,Хороший
18471,Хороший
18480,Обычный
18481,Обычный
18482,Обычный
18483,Обычный
18484,Обычный
18485,Обычный
18486,Обычный
18487,Обычный
18496,Хороший
18497,Хороший
18498,Хороший
18499,Хороший
18500,Хороший
18501,Хороший
18502,Хороший
18503,Хороший
18504,Плохой
18505,Плохой
18506,Плохой
18507,Плохой
18508,Плохой
18509,Плохой
18510,Плохой
18511,Плохой
18552,Плохой
18553,Плохой
18554,Плохой
18555,Плохой
18556,Плохой
18557,Плохой
18558,Плохой
18559,Плохой
18568,Обычный
18569,Обычный
18570,Плохой
18571,Обычный
18572,Плохой
18573,Обычный
18574,Обычный
18575,Обычный
18592,Плохой
18593,Плохой
18594,Плохой
18595,Обычный
18596,Обычный
18597,Плохой
18598,Плохой
18599,Плохой
18600,Плохой
18601,Плохой
18602,Плохой
18603,Плохой
18604,Плохой
18605,Плохой
18606,Плохой
18607,Плохой
18624,Обычный
18625,Обычный
18626,Обычный
18627,Обычный
18628,Обычный
18629,Обычный
18630,Обычный
18631,Обычный
18632,Хороший
18633,Хороший
18634,Хороший
18635,Хороший
18636,Хороший
18637,Хороший
18638,Хороший
18639,Хороший
18664,Обычный
18665,Обычный
18666,Обычный
18667,Обычный
18668,Обычный
18669,Обычный
18670,Обычный
18671,Обычный
18688,Обычный
18689,Обычный
18690,Обычный
18691,Обычный
18692,Обычный
18693,Обычный
18694,Обычный
18695,Обычный
18696,Плохой
18697,Плохой
18698,Плохой
18699,Плохой
18700,Плохой
18701,Плохой
18702,Плохой
18703,Плохой
18704,Обычный
18705,Обычный
18706,Обычный
18707,Обычный
18708,Обычный
18709,Обычный
18710,Обычный
18711,Обычный
18752,Обычный
18753,Обычный
18754,Обычный
18755,Обычный
18756,Обычный
18757,Обычный
18758,Обычный
18759,Обычный
18776,Обычный
18777,Обычный
18778,Обычный
18779,Обычный
18780,Обычный
18781,Обычный
18782,Обычный
18783,Обычный
18784,Обычный
18785,Обычный
18786,Обычный
18787,Обычный
18788,Обычный
18789,Обычный
18790,Обычный
18791,Обычный
18792,Обычный
18793,Обычный
18794,Обычный
18795,Обычный
18796,Обычный
18797,Обычный
18798,Обычный
18799,Обычный
18824,Плохой
18825,Плохой
18826,Плохой
18827,Плохой
18828,Плохой
18829,Плохой
18830,Плохой
18831,Плохой
18872,Обычный
18873,Обычный
18874,Обычный
18875,Обычный
18876,Обычный
18877,Обычный
18878,Обычный
18879,Обычный
18880,Хороший
18881,Хороший
18882,Хороший
18883,Плохой
18884,Хороший
18885,Хороший
18886,Плохой
18887,Хороший
18896,Обычный
18897,Обычный
18898,Обычный
18899,Обычный
18900,Обычный
18901,Обычный
18902,Обычный
18903,Обычный
18912,Обычный
18913,Обычный
18914,Обычный
18915,Обычный
18916,Обычный
18917,Обычный
18918,Обычный
18919,Обычный
18944,Плохой
18945,Плохой
18946,Плохой
18947,Плохой
18948,Плохой
18949,Плохой
18950,Плохой
18951,Плохой
19008,Хороший
19009,Хороший
19010,Хороший
19011,Хороший
19012,Хороший
19013,Хороший
19014,Хороший
19015,Хороший
19016,Плохой
19017,Плохой
19018,Плохой
19019,Плохой
19020,Плохой
19021,Плохой
19022,Плохой
19023,Плохой
19032,Обычный
19033,Обычный
19034,Обычный
19035,Обычный
19036,Обычный
19037,Обычный
19038,Обычный
19039,Обычный
19104,Плохой
19105,Плохой
19106,Плохой
19107,Плохой
19108,Плохой
19109,Обычный
19110,Плохой
19111,Обычный
19120,Обычный
19121,Плохой
19122,Обычный
19123,Обычный
19124,Обычный
19125,Плохой
19126,Плохой
19127,Обычный
19160,Обычный
19161,Обычный
19162,Обычный
19163,Обычный
19164,Обычный
19165,Обычный
19166,Обычный
19167,Обычный
19168,Обычный
19169,Обычный
19170,Обычный
19171,Обычный
19172,Обычный
19173,Обычный
19174,Обычный
19175,Обычный
19200,Плохой
19201,Плохой
19202,Плохой
19203,Плохой
19204,Плохой
19205,Плохой
19206,Плохой
19207,Плохой
19224,Обычный
19225,Обычный
19226,Обычный
19227,Обычный
19228,Обычный
19229,Обычный
19230,Обычный
19231,Обычный
19232,Плохой
19233,Плохой
19234,Плохой
19235,Плохой
19236,Плохой
19237,Плохой
19238,Плохой
19239,Плохой
19248,Обычный
19249,Обычный
19250,Обычный
19251,Обычный
19252,Обычный
19253,Обычный
19254,Обычный
19255,Обычный
19256,Обычный
19257,Обычный
19258,Обычный
19259,Обычный
19260,Обычный
19261,Обычный
19262,Обычный
19263,Обычный
19264,Обычный
19265,Обычный
19266,Обычный
19267,Обычный
19268,Обычный
19269,Обычный
19270,Обычный
19271,Обычный
19288,Плохой
19289,Плохой
19290,Плохой
19291,Плохой
19292,Плохой
19293,Плохой
19294,Плохой
19295,Плохой
19352,Обычный
19353,Обычный
19354,Обычный
19355,Обычный
19356,Обычный
19357,Обычный
19358,Обычный
19359,Обычный
19360,Обычный
19361,Обычный
19362,Обычный
19363,Обычный
19364,Обычный
19365,Обычный
19366,Обычный
19367,Обычный
19384,Хороший
19385,Хороший
19386,Плохой
19387,Хороший
19388,Хороший
19389,Хороший
19390,Хороший
19391,Хороший
19400,Плохой
19401,Плохой
19402,Плохой
19403,Плохой
19404,Плохой
19405,Плохой
19406,Плохой
19407,Плохой
19408,Хороший
19409,Хороший
19410,Хороший
19411,Хороший
19412,Хороший
19413,Хороший
19414,Хороший
19415,Хороший
19416,Обычный
19417,Обычный
19418,Обычный
19419,Обычный
19420,Обычный
19421,Обычный
19422,Обычный
19423,Обычный
19424,Обычный
19425,Обычный
19426,Обычный
19427,Обычный
19428,Обычный
19429,Обычный
19430,Обычный
19431,Обычный
19464,Обычный
19465,Обычный
19466,Обычный
19467,Обычный
19468,Обычный
19469,Обычный
19470,Обычный
19471,Обычный
19472,Плохой
19473,Плохой
19474,Плохой
19475,Плохой
19476,Плохой
19477,Плохой
19478,Плохой
19479,Плохой
19480,Обычный
19481,Обычный
19482,Обычный
19483,Обычный
19484,Обычный
19485,Обычный
19486,Обычный
19487,Обычный
19488,Обычный
19489,Обычный
19490,Обычный
19491,Обычный
19492,Обычный
19493,Обычный
19494,Обычный
19495,Обычный
19536,Обычный
19537,Обычный
19538,Обычный
19539,Обычный
19540,Обычный
19541,Обычный
19542,Обычный
19543,Обычный
19544,Обычный
19545,Обычный
19546,Обычный
19547,Обычный
19548,Обычный
19549,Обычный
19550,Обычный
19551,Обычный
19552,Плохой
19553,Плохой
19554,Плохой
19555,Плохой
19556,Плохой
19557,Плохой
19558,Плохой
19559,Плохой
19560,Плохой
19561,Плохой
19562,Плохой
19563,Плохой
19564,Плохой
19565,Плохой
19566,Плохой
19567,Плохой
19616,Обычный
19617,Обычный
19618,Обычный
19619,Обычный
19620,Обычный
19621,Обычный
19622,Обычный
19623,Обычный
19680,Обычный
19681,Обычный
19682,Обычный
19683,Обычный
19684,Обычный
19685,Обычный
19686,Обычный
19687,Обычный
19688,Хороший
19689,Обычный
19690,Обычный
19691,Обычный
19692,Обычный
19693,Обычный
19694,Обычный
19695,Обычный
19736,Обычный
19737,Обычный
19738,Обычный
19739,Обычный
19740,Обычный
19741,Обычный
19742,Обычный
19743,Обычный
19744,Обычный
19745,Обычный
19746,Обычный
19747,Обычный
19748,Обычный
19749,Обычный
19750,Обычный
19751,Хороший
19752,Хороший
19753,Хороший
19754,Хороший
19755,Хороший
19756,Хороший
19757,Хороший
19758,Хороший
19759,Хороший
19800,Обычный
19801,Обычный
19802,Обычный
19803,Обычный
19804,Обычный
19805,Обычный
19806,Обычный
19807,Обычный
19832,Обычный
19833,Обычный
19834,Обычный
19835,Обычный
19836,Обычный
19837,Обычный
19838,Обычный
19839,Обычный
19856,Хороший
19857,Хороший
19858,Хороший
19859,Хороший
19860,Хороший
19861,Хороший
19862,Хороший
19863,Хороший
19944,Плохой
19945,Плохой
19946,Плохой
19947,Плохой
19948,Плохой
19949,Плохой
19950,Плохой
19951,Плохой
19952,Обычный
19953,Обычный
19954,Обычный
19955,Обычный
19956,Обычный
19957,Обычный
19958,Хороший
19959,Обычный
19968,Обычный
19969,Обычный
19970,Обычный
19971,Обычный
19972,Обычный
19973,Обычный
19974,Обычный
19975,Обычный
19992,Обычный
19993,Обычный
19994,Обычный
19995,Обычный
19996,Обычный
19997,Обычный
19998,Обычный
19999,Обычный
20024,Обычный
20025,Обычный
20026,Обычный
20027,Обычный
20028,Обычный
20029,Обычный
20030,Обычный
20031,Обычный
20040,Обычный
20041,Обычный
20042,Обычный
20043,Обычный
20044,Обычный
20045,Обычный
20046,Обычный
20047,Обычный
20048,Обычный
20049,Обычный
20050,Обычный
20051,Обычный
20052,Обычный
20053,Обычный
20054,Обычный
20055,Обычный
20056,Обычный
20057,Обычный
20058,Обычный
20059,Обычный
20060,Обычный
20061,Обычный
20062,Обычный
20063,Обычный
20080,Обычный
20081,Обычный
20082,Обычный
20083,Обычный
20084,Обычный
20085,Обычный
20086,Обычный
20087,Обычный
20104,Обычный
20105,Обычный
20106,Обычный
20107,Обычный
20108,Обычный
20109,Обычный
20110,Обычный
20111,Обычный
20112,Плохой
20113,Плохой
20114,Плохой
20115,Плохой
20116,Плохой
20117,Плохой
20118,Плохой
20119,Плохой
20136,Обычный
20137,Обычный
20138,Обычный
20139,Обычный
20140,Обычный
20141,Обычный
20142,Плохой
20143,Плохой
20144,Обычный
20145,Обычный
20146,Обычный
20147,Обычный
20148,Обычный
20149,Обычный
20150,Хороший
20151,Обычный
20152,Плохой
20153,Плохой
20154,Плохой
20155,Плохой
20156,Плохой
20157,Плохой
20158,Плохой
20159,Плохой
20160,Плохой
20161,Плохой
20162,Плохой
20163,Плохой
20164,Обычный
20165,Плохой
20166,Плохой
20167,Плохой
20168,Плохой
20169,Плохой
20170,Плохой
20171,Плохой
20172,Плохой
20173,Плохой
20174,Плохой
20175,Плохой
20192,Обычный
20193,Обычный
20194,Обычный
20195,Обычный
20196,Обычный
20197,Обычный
20198,Обычный
20199,Обычный
20232,Обычный
20233,Обычный
20234,Обычный
20235,Обычный
20236,Обычный
20237,Обычный
20238,Обычный
20239,Обычный
20280,Обычный
20281,Обычный
20282,Обычный
20283,Обычный
20284,Обычный
20285,Обычный
20286,Обычный
20287,Обычный
20288,Хороший
20289,Хороший
20290,Обычный
20291,Обычный
20292,Обычный
20293,Хороший
20294,Хороший
20295,Хороший
20304,Обычный
20305,Обычный
20306,Обычный
20307,Обычный
20308,Обычный
20309,Обычный
20310,Обычный
20311,Обычный
20312,Плохой
20313,Плохой
20314,Плохой
20315,Плохой
20316,Плохой
20317,Плохой
20318,Плохой
20319,Плохой
20320,Обычный
20321,Обычный
20322,Обычный
20323,Обычный
20324,Обычный
20325,Обычный
20326,Обычный
20327,Обычный
20328,Обычный
20329,Хороший
20330,Обычный
20331,Обычный
20332,Обычный
20333,Обычный
20334,Обычный
20335,Обычный
20352,Обычный
20353,Плохой
20354,Плохой
20355,Плохой
20356,Плохой
20357,Плохой
20358,Обычный
20359,Плохой
20360,Обычный
20361,Обычный
20362,Обычный
20363,Обычный
20364,Обычный
20365,Обычный
20366,Обычный
20367,Обычный
20392,Обычный
20393,Обычный
20394,Обычный
20395,Обычный
20396,Обычный
20397,Обычный
20398,Обычный
20399,Обычный
20440,Плохой
20441,Плохой
20442,Плохой
20443,Плохой
20444,Плохой
20445,Плохой
20446,Плохой
20447,Плохой
20472,Хороший
20473,Хороший
20474,Хороший
20475,Хороший
20476,Хороший
20477,Хороший
20478,Хороший
20479,Хороший
20504,Обычный
20505,Хороший
20506,Обычный
20507,Обычный
20508,Обычный
20509,Обычный
20510,Обычный
20511,Хороший
20520,Обычный
20521,Обычный
20522,Обычный
20523,Обычный
20524,Обычный
20525,Обычный
20526,Обычный
20527,Обычный
20568,Плохой
20569,Плохой
20570,Плохой
20571,Плохой
20572,Плохой
20573,Плохой
20574,Плохой
20575,Плохой
20576,Обычный
20577,Обычный
20578,Обычный
20579,Обычный
20580,Обычный
20581,Обычный
20582,Обычный
20583,Обычный
20584,Плохой
20585,Плохой
20586,Плохой
20587,Плохой
20588,Плохой
20589,Плохой
20590,Плохой
20591,Плохой
20600,Обычный
20601,Хороший
20602,Хороший
20603,Хороший
20604,Хороший
20605,Хороший
20606,Хороший
20607,Хороший
20608,Обычный
20609,Обычный
20610,Обычный
20611,Обычный
20612,Обычный
20613,Обычный
20614,Обычный
20615,Обычный
20616,Обычный
20617,Обычный
20618,Обычный
20619,Обычный
20620,Обычный
20621,Обычный
20622,Обычный
20623,Обычный
20624,Обычный
20625,Обычный
20626,Обычный
20627,Обычный
20628,Обычный
20629,Обычный
20630,Обычный
20631,Обычный
20672,Обычный
20673,Обычный
20674,Обычный
20675,Обычный
20676,Обычный
20677,Обычный
20678,Обычный
20679,Обычный
20680,Обычный
20681,Обычный
20682,Плохой
20683,Обычный
20684,Обычный
20685,Обычный
20686,Обычный
20687,Обычный
20688,Хороший
20689,Хороший
20690,Хороший
20691,Хороший
20692,Хороший
20693,Хороший
20694,Хороший
20695,Хороший
20696,Обычный
20697,Обычный
20698,Обычный
20699,Обычный
20700,Обычный
20701,Обычный
20702,Обычный
20703,Обычный
20704,Обычный
20705,Плохой
20706,Плохой
20707,Обычный
20708,Плохой
20709,Плохой
20710,Обычный
20711,Плохой
20728,Плохой
20729,Плохой
20730,Плохой
20731,Плохой
20732,Плохой
20733,Плохой
20734,Плохой
20735,Плохой
20744,Плохой
20745,Плохой
20746,Плохой
20747,Плохой
20748,Плохой
20749,Плохой
20750,Плохой
20751,Плохой
20792,Хороший
20793,Хороший
20794,Хороший
20795,Хороший
20796,Хороший
20797,Хороший
20798,Хороший
20799,Хороший
20800,Обычный
20801,Обычный
20802,Обычный
20803,Обычный
20804,Обычный
20805,Обычный
20806,Обычный
20807,Обычный
20840,Плохой
20841,Плохой
20842,Плохой
20843,Плохой
20844,Плохой
20845,Плохой
20846,Плохой
20847,Плохой
20856,Обычный
20857,Обычный
20858,Обычный
20859,Обычный
20860,Обычный
20861,Обычный
20862,Обычный
20863,Обычный
20864,Обычный
20865,Плохой
20866,Плохой
20867,Плохой
20868,Плохой
20869,Плохой
20870,Плохой
20871,Плохой
20872,Обычный
20873,Обычный
20874,Обычный
20875,Обычный
20876,Обычный
20877,Обычный
20878,Обычный
20879,Обычный
20904,Обычный
20905,Обычный
20906,Обычный
20907,Обычный
20908,Обычный
20909,Обычный
20910,Плохой
20911,Обычный
20912,Обычный
20913,Обычный
20914,Обычный
20915,Обычный
20916,Обычный
20917,Обычный
20918,Обычный
20919,Обычный
20920,Плохой
20921,Плохой
20922,Плохой
20923,Плохой
20924,Плохой
20925,Плохой
20926,Плохой
20927,Плохой
20944,Хороший
20945,Хороший
20946,Хороший
20947,Хороший
20948,Хороший
20949,Хороший
20950,Хороший
20951,Хороший
20952,Обычный
20953,Обычный
20954,Обычный
20955,Обычный
20956,Обычный
20957,Обычный
20958,Обычный
20959,Обычный
20976,Обычный
20977,Обычный
20978,Обычный
20979,Обычный
20980,Обычный
20981,Обычный
20982,Обычный
20983,Обычный
20992,Обычный
20993,Обычный
20994,Обычный
20995,Обычный
20996,Обычный
20997,Обычный
20998,Обычный
20999,Обычный
21008,Обычный
21009,Обычный
21010,Обычный
21011,Обычный
21012,Обычный
21013,Обычный
21014,Обычный
21015,Обычный
21016,Плохой
21017,Плохой
21018,Плохой
21019,Плохой
21020,Плохой
21021,Плохой
21022,Плохой
21023,Плохой
21032,Хороший
21033,Хороший
21034,Хороший
21035,Обычный
21036,Хороший
21037,Плохой
21038,Хороший
21039,Хороший
21040,Хороший
21041,Хороший
21042,Обычный
21043,Хороший
21044,Хороший
21045,Хороший
21046,Хороший
21047,Хороший
21048,Хороший
21049,Хороший
21050,Хороший
21051,Хороший
21052,Хороший
21053,Хороший
21054,Хороший
21055,Хороший
21064,Обычный
21065,Обычный
21066,Обычный
21067,Обычный
21068,Плохой
21069,Плохой
21070,Плохой
21071,Плохой
21072,Обычный
21073,Обычный
21074,Обычный
21075,Обычный
21076,Обычный
21077,Обычный
21078,Обычный
21079,Обычный
21088,Обычный
21089,Обычный
21090,Обычный
21091,Обычный
21092,Обычный
21093,Обычный
21094,Обычный
21095,Обычный
21120,Плохой
21121,Плохой
21122,Плохой
21123,Плохой
21124,Плохой
21125,Плохой
21126,Плохой
21127,Плохой
21128,Обычный
21129,Обычный
21130,Обычный
21131,Обычный
21132,Обычный
21133,Обычный
21134,Обычный
21135,Обычный
21144,Обычный
21145,Обычный
21146,Обычный
21147,Обычный
21148,Обычный
21149,Плохой
21150,Обычный
21151,Обычный
21160,Обычный
21161,Обычный
21162,Обычный
21163,Обычный
21164,Обычный
21165,Обычный
21166,Обычный
21167,Обычный
21168,Плохой
21169,Плохой
21170,Плохой
21171,Плохой
21172,Плохой
21173,Плохой
21174,Плохой
21175,Плохой
21176,Обычный
21177,Обычный
21178,Обычный
21179,Обычный
21180,Обычный
21181,Обычный
21182,Обычный
21183,Обычный
21224,Плохой
21225,Обычный
21226,Плохой
21227,Плохой
21228,Плохой
21229,Плохой
21230,Плохой
21231,Плохой
21232,Обычный
21233,Обычный
21234,Обычный
21235,Обычный
21236,Обычный
21237,Обычный
21238,Обычный
21239,Обычный
21240,Обычный
21241,Обычный
21242,Обычный
21243,Обычный
21244,Обычный
21245,Обычный
21246,Обычный
21247,Обычный
21248,Обычный
21249,Обычный
21250,Обычный
21251,Обычный
21252,Обычный
21253,Обычный
21254,Обычный
21255,Обычный
21256,Плохой
21257,Плохой
21258,Плохой
21259,Плохой
21260,Плохой
21261,Плохой
21262,Плохой
21263,Плохой
21264,Плохой
21265,Плохой
21266,Обычный
21267,Обычный
21268,Обычный
21269,Обычный
21270,Обычный
21271,Плохой
21272,Плохой
21273,Плохой
21274,Плохой
21275,Плохой
21276,Плохой
21277,Плохой
21278,Плохой
21279,Плохой
21288,Обычный
21289,Обычный
21290,Обычный
21291,Обычный
21292,Обычный
21293,Обычный
21294,Обычный
21295,Обычный
21320,Обычный
21321,Обычный
21322,Обычный
21323,Обычный
21324,Обычный
21325,Обычный
21326,Обычный
21327,Обычный
21344,Обычный
21345,Плохой
21346,Плохой
21347,Плохой
21348,Плохой
21349,Плохой
21350,Плохой
21351,Плохой
21352,Плохой
21353,Плохой
21354,Плохой
21355,Плохой
21356,Плохой
21357,Плохой
21358,Плохой
21359,Плохой
21368,Плохой
21369,Плохой
21370,Плохой
21371,Плохой
21372,Плохой
21373,Плохой
21374,Плохой
21375,Плохой
21384,Плохой
21385,Плохой
21386,Плохой
21387,Плохой
21388,Плохой
21389,Плохой
21390,Плохой
21391,Плохой
21392,Обычный
21393,Обычный
21394,Обычный
21395,Обычный
21396,Обычный
21397,Обычный
21398,Обычный
21399,Обычный
21424,Хороший
21425,Хороший
21426,Хороший
21427,Хороший
21428,Хороший
21429,Хороший
21430,Хороший
21431,Хороший
21432,Плохой
21433,Плохой
21434,Плохой
21435,Плохой
21436,Плохой
21437,Плохой
21438,Плохой
21439,Плохой
21448,Плохой
21449,Плохой
21450,Плохой
21451,Плохой
21452,Плохой
21453,Плохой
21454,Плохой
21455,Плохой
21456,Плохой
21457,Плохой
21458,Плохой
21459,Плохой
21460,Плохой
21461,Плохой
21462,Обычный
21463,Обычный
21480,Обычный
21481,Обычный
21482,Обычный
21483,Обычный
21484,Обычный
21485,Обычный
21486,Обычный
21487,Обычный
21496,Плохой
21497,Плохой
21498,Плохой
21499,Плохой
21500,Плохой
21501,Плохой
21502,Плохой
21503,Плохой
21536,Обычный
21537,Хороший
21538,Обычный
21539,Хороший
21540,Обычный
21541,Обычный
21542,Хороший
21543,Обычный
21544,Обычный
21545,Обычный
21546,Обычный
21547,Обычный
21548,Обычный
21549,Обычный
21550,Обычный
21551,Обычный
21552,Обычный
21553,Обычный
21554,Обычный
21555,Обычный
21556,Обычный
21557,Обычный
21558,Обычный
21559,Обычный
21560,Обычный
21561,Обычный
21562,Обычный
21563,Обычный
21564,Обычный
21565,Плохой
21566,Обычный
21567,Обычный
21568,Обычный
21569,Обычный
21570,Обычный
21571,Обычный
21572,Обычный
21573,Обычный
21574,Обычный
21575,Плохой
21592,Хороший
21593,Обычный
21594,Плохой
21595,Обычный
21596,Обычный
21597,Обычный
21598,Хороший
21599,Обычный
21608,Плохой
21609,Плохой
21610,Плохой
21611,Плохой
21612,Плохой
21613,Плохой
21614,Плохой
21615,Плохой
21624,Обычный
21625,Обычный
21626,Обычный
21627,Обычный
21628,Обычный
21629,Обычный
21630,Обычный
21631,Обычный
21632,Плохой
21633,Плохой
21634,Плохой
21635,Плохой
21636,Плохой
21637,Плохой
21638,Плохой
21639,Плохой
21648,Обычный
21649,Обычный
21650,Плохой
21651,Плохой
21652,Хороший
21653,Плохой
21654,Плохой
21655,Хороший
21656,Обычный
21657,Обычный
21658,Обычный
21659,Обычный
21660,Обычный
21661,Обычный
21662,Обычный
21663,Обычный
21672,Хороший
21673,Хороший
21674,Обычный
21675,Хороший
21676,Хороший
21677,Хороший
21678,Хороший
21679,Хороший
21688,Обычный
21689,Обычный
21690,Обычный
21691,Обычный
21692,Обычный
21693,Обычный
21694,Обычный
21695,Обычный
21704,Обычный
21705,Обычный
21706,Обычный
21707,Обычный
21708,Обычный
21709,Обычный
21710,Плохой
21711,Обычный
21728,Плохой
21729,Плохой
21730,Плохой
21731,Плохой
21732,Плохой
21733,Плохой
21734,Плохой
21735,Плохой
21768,Обычный
21769,Обычный
21770,Обычный
21771,Обычный
21772,Обычный
21773,Обычный
21774,Обычный
21775,Обычный
21808,Хороший
21809,Хороший
21810,Хороший
21811,Хороший
21812,Хороший
21813,Хороший
21814,Хороший
21815,Обычный
21848,Обычный
21849,Обычный
21850,Обычный
21851,Обычный
21852,Обычный
21853,Хороший
21854,Обычный
21855,Обычный
21864,Обычный
21865,Обычный
21866,Обычный
21867,Обычный
21868,Обычный
21869,Обычный
21870,Обычный
21871,Обычный
21896,Плохой
21897,Плохой
21898,Плохой
21899,Плохой
21900,Плохой
21901,Обычный
21902,Обычный
21903,Обычный
21928,Плохой
21929,Плохой
21930,Плохой
21931,Плохой
21932,Плохой
21933,Плохой
21934,Плохой
21935,Плохой
21952,Обычный
21953,Обычный
21954,Обычный
21955,Обычный
21956,Обычный
21957,Обычный
21958,Обычный
21959,Обычный
21968,Обычный
21969,Обычный
21970,Обычный
21971,Обычный
21972,Обычный
21973,Обычный
21974,Обычный
21975,Обычный
21984,Хороший
21985,Хороший
21986,Хороший
21987,Хороший
21988,Хороший
21989,Хороший
21990,Хороший
21991,Хороший
22016,Обычный
22017,Обычный
22018,Обычный
22019,Хороший
22020,Обычный
22021,Хороший
22022,Хороший
22023,Хороший
22032,Обычный
22033,Обычный
22034,Обычный
22035,Обычный
22036,Обычный
22037,Обычный
22038,Обычный
22039,Обычный
22080,Хороший
22081,Хороший
22082,Хороший
22083,Хороший
22084,Хороший
22085,Хороший
22086,Хороший
22087,Хороший
22104,Обычный
22105,Обычный
22106,Обычный
22107,Обычный
22108,Обычный
22109,Обычный
22110,Обычный
22111,Обычный
22136,Плохой
22137,Плохой
22138,Плохой
22139,Плохой
22140,Плохой
22141,Плохой
22142,Плохой
22143,Плохой
22144,Обычный
22145,Обычный
22146,Обычный
22147,Обычный
22148,Обычный
22149,Обычный
22150,Обычный
22151,Обычный
22176,Обычный
22177,Обычный
22178,Обычный
22179,Обычный
22180,Обычный
22181,Обычный
22182,Обычный
22183,Обычный
22208,Обычный
22209,Обычный
22210,Обычный
22211,Обычный
22212,Обычный
22213,Обычный
22214,Обычный
22215,Обычный
22224,Обычный
22225,Обычный
22226,Обычный
22227,Обычный
22228,Обычный
22229,Обычный
22230,Обычный
22231,Обычный
22264,Плохой
22265,Плохой
22266,Обычный
22267,Плохой
22268,Плохой
22269,Плохой
22270,Плохой
22271,Обычный
22280,Обычный
22281,Обычный
22282,Обычный
22283,Обычный
22284,Обычный
22285,Обычный
22286,Обычный
22287,Обычный
22296,Хороший
22297,Хороший
22298,Хороший
22299,Хороший
22300,Хороший
22301,Хороший
22302,Хороший
22303,Хороший
22304,Хороший
22305,Хороший
22306,Хороший
22307,Хороший
22308,Хороший
22309,Хороший
22310,Хороший
22311,Хороший
22320,Обычный
22321,Хороший
22322,Обычный
22323,Обычный
22324,Хороший
22325,Хороший
22326,Хороший
22327,Обычный
22336,Обычный
22337,Обычный
22338,Обычный
22339,Обычный
22340,Обычный
22341,Обычный
22342,Обычный
22343,Обычный
22360,Плохой
22361,Плохой
22362,Плохой
22363,Плохой
22364,Плохой
22365,Плохой
22366,Плохой
22367,Плохой
22400,Обычный
22401,Обычный
22402,Обычный
22403,Обычный
22404,Обычный
22405,Обычный
22406,Обычный
22407,Обычный
22408,Хороший
22409,Хороший
22410,Хороший
22411,Хороший
22412,Хороший
22413,Хороший
22414,Хороший
22415,Хороший
22424,Хороший
22425,Хороший
22426,Хороший
22427,Хороший
22428,Хороший
22429,Хороший
22430,Хороший
22431,Хороший
22448,Хороший
22449,Хороший
22450,Хороший
22451,Хороший
22452,Хороший
22453,Хороший
22454,Хороший
22455,Хороший
22464,Плохой
22465,Плохой
22466,Плохой
22467,Плохой
22468,Плохой
22469,Плохой
22470,Плохой
22471,Плохой
22472,Обычный
22473,Обычный
22474,Обычный
22475,Плохой
22476,Плохой
22477,Обычный
22478,Плохой
22479,Обычный
22480,Обычный
22481,Обычный
22482,Обычный
22483,Обычный
22484,Обычный
22485,Обычный
22486,Обычный
22487,Обычный
22488,Хороший
22489,Обычный
22490,Обычный
22491,Хороший
22492,Обычный
22493,Хороший
22494,Хороший
22495,Обычный
22496,Обычный
22497,Хороший
22498,Хороший
22499,Обычный
22500,Обычный
22501,Обычный
22502,Обычный
22503,Обычный
22512,Плохой
22513,Обычный
22514,Обычный
22515,Плохой
22516,Плохой
22517,Обычный
22518,Обычный
22519,Обычный
22520,Хороший
22521,Хороший
22522,Хороший
22523,Хороший
22524,Хороший
22525,Хороший
22526,Хороший
22527,Хороший
22568,Плохой
22569,Плохой
22570,Плохой
22571,Плохой
22572,Плохой
22573,Плохой
22574,Плохой
22575,Плохой
22600,Обычный
22601,Обычный
22602,Обычный
22603,Обычный
22604,Обычный
22605,Обычный
22606,Обычный
22607,Обычный
22624,Обычный
22625,Обычный
22626,Обычный
22627,Обычный
22628,Обычный
22629,Обычный
22630,Обычный
22631,Обычный
22632,Плохой
22633,Плохой
22634,Плохой
22635,Плохой
22636,Плохой
22637,Плохой
22638,Плохой
22639,Плохой
22656,Обычный
22657,Обычный
22658,Обычный
22659,Обычный
22660,Обычный
22661,Обычный
22662,Обычный
22663,Обычный
22664,Обычный
22665,Обычный
22666,Обычный
22667,Обычный
22668,Обычный
22669,Обычный
22670,Обычный
22671,Обычный
22688,Хороший
22689,Хороший
22690,Хороший
22691,Хороший
22692,Хороший
22693,Хороший
22694,Хороший
22695,Хороший
22712,Плохой
22713,Плохой
22714,Плохой
22715,Плохой
22716,Плохой
22717,Плохой
22718,Плохой
22719,Плохой
22728,Обычный
22729,Обычный
22730,Обычный
22731,Обычный
22732,Обычный
22733,Обычный
22734,Обычный
22735,Обычный
22760,Плохой
22761,Плохой
22762,Плохой
22763,Плохой
22764,Плохой
22765,Плохой
22766,Плохой
22767,Плохой
22768,Обычный
22769,Обычный
22770,Обычный
22771,Обычный
22772,Обычный
22773,Обычный
22774,Обычный
22775,Обычный
22808,Плохой
22809,Плохой
22810,Обычный
22811,Плохой
22812,Обычный
22813,Обычный
22814,Плохой
22815,Обычный
22864,Плохой
22865,Плохой
22866,Плохой
22867,Плохой
22868,Плохой
22869,Плохой
22870,Плохой
22871,Плохой
22880,Обычный
22881,Обычный
22882,Обычный
22883,Обычный
22884,Обычный
22885,Обычный
22886,Обычный
22887,Обычный
22896,Обычный
22897,Обычный
22898,Обычный
22899,Обычный
22900,Обычный
22901,Обычный
22902,Обычный
22903,Обычный
22944,Обычный
22945,Обычный
22946,Обычный
22947,Обычный
22948,Обычный
22949,Обычный
22950,Обычный
22951,Обычный
22960,Хороший
22961,Хороший
22962,Хороший
22963,Хороший
22964,Хороший
22965,Хороший
22966,Хороший
22967,Хороший
22984,Обычный
22985,Обычный
22986,Обычный
22987,Обычный
22988,Обычный
22989,Обычный
22990,Обычный
22991,Обычный
22992,Хороший
22993,Хороший
22994,Хороший
22995,Хороший
22996,Хороший
22997,Хороший
22998,Хороший
22999,Хороший
23000,Обычный
23001,Обычный
23002,Обычный
23003,Обычный
23004,Обычный
23005,Обычный
23006,Обычный
23007,Обычный
23016,Плохой
23017,Плохой
23018,Плохой
23019,Плохой
23020,Плохой
23021,Плохой
23022,Плохой
23023,Плохой
23064,Обычный
23065,Плохой
23066,Обычный
23067,Плохой
23068,Обычный
23069,Плохой
23070,Обычный
23071,Плохой
23112,Плохой
23113,Плохой
23114,Плохой
23115,Плохой
23116,Плохой
23117,Плохой
23118,Плохой
23119,Плохой
23120,Обычный
23121,Обычный
23122,Обычный
23123,Обычный
23124,Обычный
23125,Обычный
23126,Обычный
23127,Обычный
23128,Обычный
23129,Обычный
23130,Обычный
23131,Обычный
23132,Хороший
23133,Обычный
23134,Обычный
23135,Обычный
23152,Обычный
23153,Обычный
23154,Обычный
23155,Обычный
23156,Обычный
23157,Обычный
23158,Обычный
23159,Обычный
23192,Плохой
23193,Плохой
23194,Плохой
23195,Обычный
23196,Обычный
23197,Обычный
23198,Обычный
23199,Обычный
23208,Плохой
23209,Плохой
23210,Плохой
23211,Плохой
23212,Плохой
23213,Плохой
23214,Обычный
23215,Плохой
23224,Обычный
23225,Обычный
23226,Обычный
23227,Обычный
23228,Обычный
23229,Обычный
23230,Обычный
23231,Обычный
23256,Обычный
23257,Обычный
23258,Обычный
23259,Обычный
23260,Обычный
23261,Обычный
23262,Обычный
23263,Обычный
23272,Обычный
23273,Обычный
23274,Обычный
23275,Обычный
23276,Обычный
23277,Обычный
23278,Обычный
23279,Обычный
23280,Обычный
23281,Обычный
23282,Обычный
23283,Обычный
23284,Обычный
23285,Обычный
23286,Обычный
23287,Обычный
23352,Обычный
23353,Обычный
23354,Обычный
23355,Обычный
23356,Обычный
23357,Обычный
23358,Обычный
23359,Обычный
23376,Обычный
23377,Обычный
23378,Обычный
23379,Обычный
23380,Обычный
23381,Обычный
23382,Обычный
23383,Обычный
23416,Хороший
23417,Хороший
23418,Хороший
23419,Хороший
23420,Хороший
23421,Хороший
23422,Хороший
23423,Хороший
23448,Обычный
23449,Обычный
23450,Обычный
23451,Обычный
23452,Обычный
23453,Обычный
23454,Обычный
23455,Обычный
23456,Плохой
23457,Плохой
23458,Плохой
23459,Плохой
23460,Плохой
23461,Плохой
23462,Плохой
23463,Плохой
23472,Плохой
23473,Плохой
23474,Плохой
23475,Плохой
23476,Плохой
23477,Плохой
23478,Плохой
23479,Плохой
23488,Плохой
23489,Плохой
23490,Плохой
23491,Плохой
23492,Плохой
23493,Плохой
23494,Плохой
23495,Плохой
23496,Плохой
23497,Плохой
23498,Плохой
23499,Плохой
23500,Плохой
23501,Плохой
23502,Плохой
23503,Плохой
23512,Хороший
23513,Хороший
23514,Хороший
23515,Хороший
23516,Хороший
23517,Хороший
23518,Хороший
23519,Хороший
23528,Плохой
23529,Плохой
23530,Плохой
23531,Плохой
23532,Плохой
23533,Плохой
23534,Плохой
23535,Плохой
23536,Обычный
23537,Обычный
23538,Обычный
23539,Обычный
23540,Обычный
23541,Обычный
23542,Обычный
23543,Обычный
23544,Хороший
23545,Хороший
23546,Хороший
23547,Хороший
23548,Хороший
23549,Хороший
23550,Хороший
23551,Хороший
23568,Обычный
23569,Обычный
23570,Обычный
23571,Обычный
23572,Обычный
23573,Хороший
23574,Обычный
23575,Обычный
23576,Хороший
23577,Обычный
23578,Хороший
23579,Хороший
23580,Хороший
23581,Хороший
23582,Обычный
23583,Обычный
23584,Обычный
23585,Обычный
23586,Обычный
23587,Обычный
23588,Обычный
23589,Обычный
23590,Обычный
23591,Обычный
23592,Хороший
23593,Хороший
23594,Хороший
23595,Хороший
23596,Хороший
23597,Хороший
23598,Хороший
23599,Хороший
23616,Обычный
23617,Обычный
23618,Обычный
23619,Обычный
23620,Обычный
23621,Обычный
23622,Обычный
23623,Обычный
23624,Плохой
23625,Плохой
23626,Плохой
23627,Плохой
23628,Плохой
23629,Плохой
23630,Плохой
23631,Плохой
23632,Плохой
23633,Плохой
23634,Плохой
23635,Плохой
23636,Плохой
23637,Плохой
23638,Плохой
23639,Плохой
23648,Хороший
23649,Хороший
23650,Хороший
23651,Хороший
23652,Хороший
23653,Хороший
23654,Хороший
23655,Хороший
23680,Обычный
23681,Обычный
23682,Обычный
23683,Обычный
23684,Обычный
23685,Обычный
23686,Обычный
23687,Обычный
23704,Хороший
23705,Обычный
23706,Хороший
23707,Обычный
23708,Обычный
23709,Обычный
23710,Обычный
23711,Обычный
23720,Хороший
23721,Хороший
23722,Хороший
23723,Хороший
23724,Хороший
23725,Хороший
23726,Хороший
23727,Хороший
23736,Обычный
23737,Обычный
23738,Обычный
23739,Обычный
23740,Обычный
23741,Обычный
23742,Обычный
23743,Обычный
23752,Хороший
23753,Хороший
23754,Хороший
23755,Хороший
23756,Хороший
23757,Хороший
23758,Хороший
23759,Хороший
23760,Плохой
23761,Плохой
23762,Плохой
23763,Плохой
23764,Плохой
23765,Плохой
23766,Плохой
23767,Плохой
23792,Хороший
23793,Хороший
23794,Хороший
23795,Хороший
23796,Хороший
23797,Хороший
23798,Хороший
23799,Хороший
23800,Хороший
23801,Хороший
23802,Хороший
23803,Хороший
23804,Хороший
23805,Хороший
23806,Хороший
23807,Хороший
23832,Обычный
23833,Обычный
23834,Обычный
23835,Обычный
23836,Обычный
23837,Обычный
23838,Обычный
23839,Обычный
23840,Обычный
23841,Обычный
23842,Хороший
23843,Обычный
23844,Обычный
23845,Обычный
23846,Обычный
23847,Обычный
23864,Плохой
23865,Плохой
23866,Обычный
23867,Плохой
23868,Плохой
23869,Плохой
23870,Обычный
23871,Плохой
23872,Обычный
23873,Обычный
23874,Обычный
23875,Обычный
23876,Обычный
23877,Обычный
23878,Обычный
23879,Обычный
23880,Обычный
23881,Обычный
23882,Обычный
23883,Обычный
23884,Обычный
23885,Обычный
23886,Обычный
23887,Обычный
23888,Обычный
23889,Обычный
23890,Плохой
23891,Обычный
23892,Плохой
23893,Обычный
23894,Обычный
23895,Обычный
23920,Обычный
23921,Обычный
23922,Обычный
23923,Обычный
23924,Обычный
23925,Обычный
23926,Обычный
23927,Обычный
23928,Плохой
23929,Обычный
23930,Обычный
23931,Обычный
23932,Обычный
23933,Обычный
23934,Обычный
23935,Обычный
23952,Хороший
23953,Хороший
23954,Хороший
23955,Хороший
23956,Хороший
23957,Хороший
23958,Хороший
23959,Хороший
23960,Обычный
23961,Плохой
23962,Плохой
23963,Плохой
23964,Обычный
23965,Обычный
23966,Плохой
23967,Плохой
23976,Хороший
23977,Хороший
23978,Хороший
23979,Хороший
23980,Хороший
23981,Хороший
23982,Хороший
23983,Хороший
24080,Обычный
24081,Обычный
24082,Обычный
24083,Обычный
24084,Обычный
24085,Обычный
24086,Обычный
24087,Обычный
24088,Обычный
24089,Обычный
24090,Обычный
24091,Обычный
24092,Обычный
24093,Обычный
24094,Обычный
24095,Обычный
24096,Плохой
24097,Плохой
24098,Плохой
24099,Плохой
24100,Плохой
24101,Плохой
24102,Плохой
24103,Плохой
24104,Хороший
24105,Хороший
24106,Хороший
24107,Хороший
24108,Хороший
24109,Хороший
24110,Хороший
24111,Хороший
24112,Обычный
24113,Обычный
24114,Обычный
24115,Обычный
24116,Обычный
24117,Обычный
24118,Обычный
24119,Обычный
24120,Обычный
24121,Обычный
24122,Плохой
24123,Обычный
24124,Плохой
24125,Плохой
24126,Плохой
24127,Плохой
24152,Плохой
24153,Плохой
24154,Плохой
24155,Плохой
24156,Плохой
24157,Плохой
24158,Плохой
24159,Плохой
24168,Обычный
24169,Обычный
24170,Обычный
24171,Обычный
24172,Обычный
24173,Обычный
24174,Обычный
24175,Обычный
24184,Хороший
24185,Хороший
24186,Хороший
24187,Хороший
24188,Хороший
24189,Хороший
24190,Хороший
24191,Хороший
24200,Обычный
24201,Обычный
24202,Обычный
24203,Обычный
24204,Обычный
24205,Обычный
24206,Обычный
24207,Обычный
24208,Плохой
24209,Плохой
24210,Плохой
24211,Плохой
24212,Плохой
24213,Плохой
24214,Плохой
24215,Плохой
24232,Обычный
24233,Обычный
24234,Обычный
24235,Обычный
24236,Обычный
24237,Обычный
24238,Обычный
24239,Обычный
24248,Обычный
24249,Обычный
24250,Обычный
24251,Обычный
24252,Обычный
24253,Обычный
24254,Обычный
24255,Обычный
24272,Хороший
24273,Хороший
24274,Хороший
24275,Хороший
24276,Хороший
24277,Хороший
24278,Хороший
24279,Хороший
24296,Обычный
24297,Обычный
24298,Обычный
24299,Обычный
24300,Обычный
24301,Обычный
24302,Обычный
24303,Обычный
24320,Хороший
24321,Хороший
24322,Хороший
24323,Хороший
24324,Хороший
24325,Хороший
24326,Хороший
24327,Хороший
24328,Обычный
24329,Обычный
24330,Обычный
24331,Обычный
24332,Обычный
24333,Обычный
24334,Обычный
24335,Обычный
24336,Плохой
24337,Плохой
24338,Плохой
24339,Плохой
24340,Плохой
24341,Плохой
24342,Плохой
24343,Плохой
24368,Обычный
24369,Обычный
24370,Обычный
24371,Обычный
24372,Обычный
24373,Обычный
24374,Обычный
24375,Обычный
24384,Обычный
24385,Обычный
24386,Плохой
24387,Плохой
24388,Плохой
24389,Плохой
24390,Плохой
24391,Обычный
24400,Плохой
24401,Плохой
24402,Плохой
24403,Плохой
24404,Плохой
24405,Плохой
24406,Плохой
24407,Плохой
24424,Обычный
24425,Обычный
24426,Обычный
24427,Обычный
24428,Обычный
24429,Обычный
24430,Обычный
24431,Обычный
24432,Плохой
24433,Плохой
24434,Плохой
24435,Плохой
24436,Плохой
24437,Плохой
24438,Плохой
24439,Плохой
24440,Обычный
24441,Обычный
24442,Обычный
24443,Обычный
24444,Обычный
24445,Обычный
24446,Обычный
24447,Обычный
24448,Обычный
24449,Обычный
24450,Обычный
24451,Обычный
24452,Обычный
24453,Обычный
24454,Обычный
24455,Обычный
24488,Хороший
24489,Хороший
24490,Хороший
24491,Хороший
24492,Обычный
24493,Хороший
24494,Хороший
24495,Хороший
24496,Обычный
24497,Хороший
24498,Обычный
24499,Хороший
24500,Хороший
24501,Обычный
24502,Обычный
24503,Обычный
24504,Обычный
24505,Обычный
24506,Обычный
24507,Обычный
24508,Обычный
24509,Обычный
24510,Обычный
24511,Обычный
24528,Хороший
24529,Хороший
24530,Хороший
24531,Хороший
24532,Хороший
24533,Хороший
24534,Хороший
24535,Хороший
24536,Плохой
24537,Обычный
24538,Плохой
24539,Обычный
24540,Плохой
24541,Плохой
24542,Плохой
24543,Плохой
24544,Обычный
24545,Обычный
24546,Обычный
24547,Обычный
24548,Обычный
24549,Обычный
24550,Плохой
24551,Обычный
24568,Обычный
24569,Обычный
24570,Обычный
24571,Обычный
24572,Обычный
24573,Обычный
24574,Обычный
24575,Обычный
24576,Обычный
24577,Плохой
24578,Плохой
24579,Плохой
24580,Плохой
24581,Обычный
24582,Обычный
24583,Обычный
24592,Обычный
24593,Обычный
24594,Обычный
24595,Обычный
24596,Обычный
24597,Обычный
24598,Обычный
24599,Обычный
24664,Обычный
24665,Обычный
24666,Обычный
24667,Обычный
24668,Обычный
24669,Обычный
24670,Обычный
24671,Обычный
24672,Обычный
24673,Обычный
24674,Обычный
24675,Обычный
24676,Обычный
24677,Обычный
24678,Обычный
24679,Обычный
24680,Плохой
24681,Обычный
24682,Плохой
24683,Плохой
24684,Обычный
24685,Плохой
24686,Плохой
24687,Плохой
24688,Обычный
24689,Обычный
24690,Обычный
24691,Обычный
24692,Обычный
24693,Обычный
24694,Обычный
24695,Обычный
24704,Обычный
24705,Обычный
24706,Обычный
24707,Обычный
24708,Обычный
24709,Обычный
24710,Обычный
24711,Обычный
24720,Обычный
24721,Обычный
24722,Обычный
24723,Обычный
24724,Обычный
24725,Обычный
24726,Плохой
24727,Плохой
24808,Плохой
24809,Плохой
24810,Плохой
24811,Плохой
24812,Плохой
24813,Плохой
24814,Плохой
24815,Плохой
24816,Плохой
24817,Плохой
24818,Плохой
24819,Плохой
24820,Плохой
24821,Плохой
24822,Плохой
24823,Плохой
24832,Обычный
24833,Обычный
24834,Обычный
24835,Обычный
24836,Обычный
24837,Обычный
24838,Обычный
24839,Обычный
24840,Обычный
24841,Обычный
24842,Обычный
24843,Обычный
24844,Обычный
24845,Обычный
24846,Обычный
24847,Обычный
24848,Обычный
24849,Обычный
24850,Обычный
24851,Обычный
24852,Обычный
24853,Обычный
24854,Хороший
24855,Хороший
24904,Обычный
24905,Обычный
24906,Плохой
24907,Плохой
24908,Плохой
24909,Обычный
24910,Плохой
24911,Плохой
24912,Хороший
24913,Хороший
24914,Хороший
24915,Хороший
24916,Хороший
24917,Хороший
24918,Хороший
24919,Хороший
24928,Обычный
24929,Обычный
24930,Обычный
24931,Обычный
24932,Обычный
24933,Обычный
24934,Обычный
24935,Обычный
24944,Обычный
24945,Обычный
24946,Обычный
24947,Обычный
24948,Обычный
24949,Обычный
24950,Обычный
24951,Обычный
24952,Хороший
24953,Хороший
24954,Хороший
24955,Хороший
24956,Хороший
24957,Обычный
24958,Хороший
24959,Хороший
24960,Хороший
24961,Хороший
24962,Хороший
24963,Хороший
24964,Хороший
24965,Хороший
24966,Хороший
24967,Хороший
24968,Плохой
24969,Обычный
24970,Плохой
24971,Плохой
24972,Плохой
24973,Плохой
24974,Плохой
24975,Плохой
24976,Хороший
24977,Хороший
24978,Хороший
24979,Хороший
24980,Хороший
24981,Хороший
24982,Хороший
24983,Хороший
25008,Плохой
25009,Плохой
25010,Плохой
25011,Плохой
25012,Плохой
25013,Плохой
25014,Плохой
25015,Плохой
25040,Хороший
25041,Хороший
25042,Хороший
25043,Хороший
25044,Хороший
25045,Хороший
25046,Хороший
25047,Хороший
25104,Хороший
25105,Хороший
25106,Хороший
25107,Хороший
25108,Хороший
25109,Хороший
25110,Хороший
25111,Хороший
25120,Плохой
25121,Плохой
25122,Плохой
25123,Плохой
25124,Плохой
25125,Плохой
25126,Плохой
25127,Плохой
25144,Обычный
25145,Обычный
25146,Обычный
25147,Обычный
25148,Обычный
25149,Обычный
25150,Обычный
25151,Обычный
25184,Обычный
25185,Обычный
25186,Обычный
25187,Обычный
25188,Обычный
25189,Обычный
25190,Обычный
25191,Обычный
25192,Плохой
25193,Плохой
25194,Плохой
25195,Плохой
25196,Плохой
25197,Плохой
25198,Плохой
25199,Плохой
25200,Хороший
25201,Хороший
25202,Хороший
25203,Хороший
25204,Хороший
25205,Хороший
25206,Хороший
25207,Хороший
25208,Хороший
25209,Хороший
25210,Хороший
25211,Хороший
25212,Хороший
25213,Хороший
25214,Хороший
25215,Хороший
25216,Обычный
25217,Обычный
25218,Обычный
25219,Обычный
25220,Обычный
25221,Обычный
25222,Обычный
25223,Обычный
25256,Плохой
25257,Плохой
25258,Плохой
25259,Плохой
25260,Плохой
25261,Плохой
25262,Плохой
25263,Плохой
25264,Плохой
25265,Плохой
25266,Плохой
25267,Плохой
25268,Плохой
25269,Плохой
25270,Плохой
25271,Плохой
25272,Обычный
25273,Обычный
25274,Обычный
25275,Обычный
25276,Плохой
25277,Плохой
25278,Плохой
25279,Плохой
25288,Хороший
25289,Хороший
25290,Хороший
25291,Хороший
25292,Хороший
25293,Обычный
25294,Хороший
25295,Хороший
25312,Хороший
25313,Хороший
25314,Хороший
25315,Хороший
25316,Хороший
25317,Хороший
25318,Хороший
25319,Хороший
25328,Обычный
25329,Обычный
25330,Обычный
25331,Обычный
25332,Обычный
25333,Обычный
25334,Обычный
25335,Обычный
25352,Обычный
25353,Обычный
25354,Обычный
25355,Обычный
25356,Обычный
25357,Обычный
25358,Обычный
25359,Обычный
25368,Обычный
25369,Обычный
25370,Обычный
25371,Обычный
25372,Обычный
25373,Обычный
25374,Обычный
25375,Обычный
25384,Обычный
25385,Хороший
25386,Обычный
25387,Хороший
25388,Хороший
25389,Хороший
25390,Плохой
25391,Хороший
25400,Хороший
25401,Хороший
25402,Хороший
25403,Хороший
25404,Хороший
25405,Хороший
25406,Хороший
25407,Хороший
25416,Обычный
25417,Обычный
25418,Обычный
25419,Обычный
25420,Обычный
25421,Обычный
25422,Обычный
25423,Обычный
25440,Обычный
25441,Обычный
25442,Обычный
25443,Обычный
25444,Обычный
25445,Обычный
25446,Обычный
25447,Обычный
25464,Обычный
25465,Обычный
25466,Обычный
25467,Обычный
25468,Плохой
25469,Обычный
25470,Обычный
25471,Плохой
25480,Обычный
25481,Плохой
25482,Обычный
25483,Обычный
25484,Плохой
25485,Обычный
25486,Обычный
25487,Плохой
25520,Обычный
25521,Обычный
25522,Обычный
25523,Обычный
25524,Обычный
25525,Обычный
25526,Обычный
25527,Обычный
25528,Обычный
25529,Обычный
25530,Обычный
25531,Обычный
25532,Обычный
25533,Обычный
25534,Обычный
25535,Хороший
25584,Обычный
25585,Плохой
25586,Плохой
25587,Обычный
25588,Обычный
25589,Плохой
25590,Плохой
25591,Обычный
25616,Обычный
25617,Обычный
25618,Обычный
25619,Обычный
25620,Обычный
25621,Обычный
25622,Обычный
25623,Обычный
25632,Обычный
25633,Обычный
25634,Обычный
25635,Обычный
25636,Обычный
25637,Обычный
25638,Обычный
25639,Обычный
25680,Обычный
25681,Обычный
25682,Обычный
25683,Обычный
25684,Обычный
25685,Обычный
25686,Обычный
25687,Обычный
25688,Плохой
25689,Плохой
25690,Плохой
25691,Плохой
25692,Плохой
25693,Плохой
25694,Плохой
25695,Плохой
25696,Обычный
25697,Обычный
25698,Обычный
25699,Обычный
25700,Обычный
25701,Обычный
25702,Обычный
25703,Обычный
25744,Обычный
25745,Обычный
25746,Обычный
25747,Обычный
25748,Обычный
25749,Обычный
25750,Обычный
25751,Обычный
25760,Обычный
25761,Обычный
25762,Обычный
25763,Обычный
25764,Обычный
25765,Обычный
25766,Обычный
25767,Обычный
25800,Обычный
25801,Обычный
25802,Обычный
25803,Обычный
25804,Хороший
25805,Хороший
25806,Хороший
25807,Хороший
25808,Плохой
25809,Обычный
25810,Плохой
25811,Плохой
25812,Плохой
25813,Плохой
25814,Плохой
25815,Плохой
25832,Плохой
25833,Плохой
25834,Плохой
25835,Плохой
25836,Плохой
25837,Плохой
25838,Плохой
25839,Плохой
25856,Обычный
25857,Обычный
25858,Обычный
25859,Обычный
25860,Обычный
25861,Обычный
25862,Обычный
25863,Обычный
25872,Обычный
25873,Обычный
25874,Плохой
25875,Обычный
25876,Хороший
25877,Обычный
25878,Обычный
25879,Обычный
25896,Обычный
25897,Обычный
25898,Обычный
25899,Обычный
25900,Обычный
25901,Обычный
25902,Обычный
25903,Обычный
25904,Обычный
25905,Обычный
25906,Обычный
25907,Обычный
25908,Обычный
25909,Обычный
25910,Обычный
25911,Обычный
25936,Плохой
25937,Плохой
25938,Плохой
25939,Плохой
25940,Плохой
25941,Плохой
25942,Плохой
25943,Плохой
25976,Обычный
25977,Обычный
25978,Обычный
25979,Обычный
25980,Обычный
25981,Обычный
25982,Обычный
25983,Обычный
26008,Обычный
26009,Обычный
26010,Обычный
26011,Обычный
26012,Обычный
26013,Обычный
26014,Обычный
26015,Обычный
26016,Обычный
26017,Обычный
26018,Обычный
26019,Обычный
26020,Обычный
26021,Обычный
26022,Обычный
26023,Обычный
26032,Плохой
26033,Обычный
26034,Обычный
26035,Плохой
26036,Обычный
26037,Обычный
26038,Плохой
26039,Обычный
26056,Плохой
26057,Хороший
26058,Хороший
26059,Хороший
26060,Хороший
26061,Хороший
26062,Хороший
26063,Хороший
26064,Хороший
26065,Хороший
26066,Хороший
26067,Хороший
26068,Хороший
26069,Хороший
26070,Хороший
26071,Хороший
26072,Обычный
26073,Хороший
26074,Хороший
26075,Хороший
26076,Хороший
26077,Обычный
26078,Обычный
26079,Хороший
26112,Хороший
26113,Хороший
26114,Хороший
26115,Хороший
26116,Хороший
26117,Хороший
26118,Хороший
26119,Хороший
26128,Плохой
26129,Плохой
26130,Плохой
26131,Плохой
26132,Плохой
26133,Плохой
26134,Плохой
26135,Плохой
26136,Хороший
26137,Хороший
26138,Хороший
26139,Хороший
26140,Хороший
26141,Хороший
26142,Хороший
26143,Хороший
26176,Хороший
26177,Хороший
26178,Обычный
26179,Хороший
26180,Обычный
26181,Хороший
26182,Хороший
26183,Обычный
26216,Плохой
26217,Плохой
26218,Плохой
26219,Плохой
26220,Плохой
26221,Плохой
26222,Плохой
26223,Плохой
26264,Обычный
26265,Обычный
26266,Обычный
26267,Обычный
26268,Хороший
26269,Хороший
26270,Обычный
26271,Обычный
26272,Обычный
26273,Обычный
26274,Обычный
26275,Обычный
26276,Обычный
26277,Обычный
26278,Обычный
26279,Обычный
26344,Обычный
26345,Обычный
26346,Обычный
26347,Обычный
26348,Обычный
26349,Обычный
26350,Обычный
26351,Обычный
26368,Плохой
26369,Плохой
26370,Плохой
26371,Плохой
26372,Плохой
26373,Плохой
26374,Плохой
26375,Плохой
26376,Обычный
26377,Обычный
26378,Обычный
26379,Обычный
26380,Обычный
26381,Обычный
26382,Обычный
26383,Обычный
26432,Плохой
26433,Плохой
26434,Плохой
26435,Плохой
26436,Плохой
26437,Плохой
26438,Плохой
26439,Плохой
26448,Хороший
26449,Обычный
26450,Хороший
26451,Обычный
26452,Хороший
26453,Обычный
26454,Обычный
26455,Хороший
26456,Обычный
26457,Обычный
26458,Обычный
26459,Обычный
26460,Обычный
26461,Обычный
26462,Обычный
26463,Обычный
26464,Хороший
26465,Обычный
26466,Обычный
26467,Обычный
26468,Обычный
26469,Хороший
26470,Хороший
26471,Хороший
26472,Обычный
26473,Обычный
26474,Обычный
26475,Обычный
26476,Обычный
26477,Обычный
26478,Обычный
26479,Обычный
26480,Обычный
26481,Плохой
26482,Обычный
26483,Обычный
26484,Плохой
26485,Плохой
26486,Плохой
26487,Плохой
26488,Хороший
26489,Обычный
26490,Хороший
26491,Хороший
26492,Хороший
26493,Хороший
26494,Обычный
26495,Хороший
26504,Хороший
26505,Хороший
26506,Хороший
26507,Хороший
26508,Хороший
26509,Хороший
26510,Хороший
26511,Хороший
26528,Хороший
26529,Хороший
26530,Хороший
26531,Хороший
26532,Хороший
26533,Хороший
26534,Хороший
26535,Хороший
26536,Обычный
26537,Обычный
26538,Обычный
26539,Обычный
26540,Обычный
26541,Обычный
26542,Обычный
26543,Обычный
26568,Обычный
26569,Обычный
26570,Обычный
26571,Обычный
26572,Обычный
26573,Обычный
26574,Обычный
26575,Обычный
26600,Обычный
26601,Обычный
26602,Обычный
26603,Обычный
26604,Хороший
26605,Обычный
26606,Обычный
26607,Хороший
26608,Обычный
26609,Хороший
26610,Хороший
26611,Обычный
26612,Хороший
26613,Обычный
26614,Хороший
26615,Обычный
26632,Обычный
26633,Обычный
26634,Плохой
26635,Обычный
26636,Обычный
26637,Обычный
26638,Плохой
26639,Обычный
26640,Обычный
26641,Обычный
26642,Обычный
26643,Обычный
26644,Обычный
26645,Обычный
26646,Обычный
26647,Обычный
26664,Плохой
26665,Плохой
26666,Плохой
26667,Плохой
26668,Плохой
26669,Плохой
26670,Плохой
26671,Плохой
26672,Обычный
26673,Обычный
26674,Обычный
26675,Обычный
26676,Обычный
26677,Обычный
26678,Обычный
26679,Обычный
26680,Обычный
26681,Обычный
26682,Обычный
26683,Обычный
26684,Обычный
26685,Обычный
26686,Обычный
26687,Обычный
26688,Обычный
26689,Обычный
26690,Обычный
26691,Обычный
26692,Обычный
26693,Обычный
26694,Обычный
26695,Обычный
26696,Обычный
26697,Обычный
26698,Обычный
26699,Обычный
26700,Обычный
26701,Обычный
26702,Обычный
26703,Обычный
26720,Плохой
26721,Плохой
26722,Плохой
26723,Плохой
26724,Плохой
26725,Плохой
26726,Плохой
26727,Плохой
26736,Обычный
26737,Обычный
26738,Обычный
26739,Обычный
26740,Обычный
26741,Обычный
26742,Обычный
26743,Обычный
26760,Обычный
26761,Обычный
26762,Обычный
26763,Обычный
26764,Обычный
26765,Обычный
26766,Обычный
26767,Обычный
26776,Обычный
26777,Обычный
26778,Обычный
26779,Обычный
26780,Обычный
26781,Плохой
26782,Обычный
26783,Обычный
26784,Обычный
26785,Обычный
26786,Хороший
26787,Хороший
26788,Хороший
26789,Хороший
26790,Обычный
26791,Хороший
26792,Обычный
26793,Обычный
26794,Обычный
26795,Обычный
26796,Обычный
26797,Обычный
26798,Обычный
26799,Обычный
26824,Хороший
26825,Обычный
26826,Обычный
26827,Обычный
26828,Обычный
26829,Хороший
26830,Обычный
26831,Хороший
26864,Хороший
26865,Обычный
26866,Хороший
26867,Хороший
26868,Обычный
26869,Обычный
26870,Хороший
26871,Хороший
26872,Обычный
26873,Обычный
26874,Обычный
26875,Обычный
26876,Обычный
26877,Обычный
26878,Обычный
26879,Обычный
26888,Обычный
26889,Обычный
26890,Обычный
26891,Обычный
26892,Обычный
26893,Обычный
26894,Обычный
26895,Обычный
26904,Обычный
26905,Обычный
26906,Обычный
26907,Обычный
26908,Обычный
26909,Обычный
26910,Обычный
26911,Обычный
26936,Хороший
26937,Хороший
26938,Хороший
26939,Хороший
26940,Хороший
26941,Хороший
26942,Хороший
26943,Хороший
26960,Плохой
26961,Плохой
26962,Плохой
26963,Плохой
26964,Плохой
26965,Плохой
26966,Плохой
26967,Плохой
26968,Хороший
26969,Хороший
26970,Хороший
26971,Хороший
26972,Хороший
26973,Хороший
26974,Хороший
26975,Хороший
26976,Обычный
26977,Плохой
26978,Обычный
26979,Обычный
26980,Обычный
26981,Обычный
26982,Плохой
26983,Плохой
26984,Обычный
26985,Обычный
26986,Обычный
26987,Обычный
26988,Обычный
26989,Обычный
26990,Обычный
26991,Обычный
27008,Обычный
27009,Обычный
27010,Обычный
27011,Обычный
27012,Обычный
27013,Обычный
27014,Обычный
27015,Обычный
27016,Обычный
27017,Обычный
27018,Обычный
27019,Обычный
27020,Обычный
27021,Обычный
27022,Обычный
27023,Обычный
27040,Обычный
27041,Обычный
27042,Обычный
27043,Обычный
27044,Обычный
27045,Обычный
27046,Обычный
27047,Обычный
27048,Обычный
27049,Обычный
27050,Обычный
27051,Обычный
27052,Обычный
27053,Обычный
27054,Хороший
27055,Хороший
27056,Плохой
27057,Плохой
27058,Плохой
27059,Плохой
27060,Плохой
27061,Плохой
27062,Плохой
27063,Плохой
27088,Обычный
27089,Обычный
27090,Обычный
27091,Обычный
27092,Обычный
27093,Обычный
27094,Обычный
27095,Обычный
27104,Хороший
27105,Обычный
27106,Хороший
27107,Хороший
27108,Хороший
27109,Хороший
27110,Хороший
27111,Хороший
27120,Обычный
27121,Обычный
27122,Обычный
27123,Обычный
27124,Обычный
27125,Обычный
27126,Обычный
27127,Обычный
27144,Обычный
27145,Обычный
27146,Обычный
27147,Обычный
27148,Обычный
27149,Обычный
27150,Обычный
27151,Обычный
27152,Хороший
27153,Хороший
27154,Обычный
27155,Хороший
27156,Хороший
27157,Хороший
27158,Обычный
27159,Обычный
27160,Обычный
27161,Обычный
27162,Обычный
27163,Обычный
27164,Обычный
27165,Обычный
27166,Обычный
27167,Обычный
27192,Обычный
27193,Обычный
27194,Обычный
27195,Обычный
27196,Обычный
27197,Обычный
27198,Обычный
27199,Обычный
27208,Плохой
27209,Плохой
27210,Плохой
27211,Плохой
27212,Плохой
27213,Плохой
27214,Плохой
27215,Плохой
27240,Обычный
27241,Обычный
27242,Обычный
27243,Обычный
27244,Обычный
27245,Обычный
27246,Обычный
27247,Обычный
27248,Обычный
27249,Обычный
27250,Обычный
27251,Обычный
27252,Обычный
27253,Обычный
27254,Обычный
27255,Обычный
27264,Обычный
27265,Обычный
27266,Обычный
27267,Обычный
27268,Обычный
27269,Обычный
27270,Обычный
27271,Обычный
27336,Хороший
27337,Хороший
27338,Хороший
27339,Хороший
27340,Хороший
27341,Хороший
27342,Хороший
27343,Хороший
27344,Плохой
27345,Плохой
27346,Плохой
27347,Плохой
27348,Плохой
27349,Плохой
27350,Плохой
27351,Плохой
27368,Обычный
27369,Обычный
27370,Обычный
27371,Обычный
27372,Обычный
27373,Обычный
27374,Обычный
27375,Обычный
27376,Плохой
27377,Плохой
27378,Плохой
27379,Плохой
27380,Плохой
27381,Плохой
27382,Плохой
27383,Плохой
27392,Плохой
27393,Хороший
27394,Хороший
27395,Хороший
27396,Хороший
27397,Хороший
27398,Хороший
27399,Хороший
27400,Обычный
27401,Хороший
27402,Хороший
27403,Обычный
27404,Хороший
27405,Обычный
27406,Хороший
27407,Хороший
27424,Обычный
27425,Обычный
27426,Плохой
27427,Плохой
27428,Обычный
27429,Обычный
27430,Обычный
27431,Плохой
27432,Обычный
27433,Обычный
27434,Обычный
27435,Обычный
27436,Обычный
27437,Обычный
27438,Обычный
27439,Обычный
27456,Обычный
27457,Обычный
27458,Обычный
27459,Обычный
27460,Обычный
27461,Обычный
27462,Обычный
27463,Обычный
27472,Обычный
27473,Обычный
27474,Обычный
27475,Обычный
27476,Обычный
27477,Обычный
27478,Обычный
27479,Обычный
27512,Плохой
27513,Плохой
27514,Плохой
27515,Плохой
27516,Плохой
27517,Плохой
27518,Плохой
27519,Плохой
27600,Плохой
27601,Плохой
27602,Плохой
27603,Плохой
27604,Плохой
27605,Плохой
27606,Плохой
27607,Плохой
27608,Обычный
27609,Обычный
27610,Обычный
27611,Обычный
27612,Обычный
27613,Обычный
27614,Обычный
27615,Обычный
27712,Обычный
27713,Обычный
27714,Обычный
27715,Обычный
27716,Обычный
27717,Обычный
27718,Обычный
27719,Обычный
27744,Обычный
27745,Обычный
27746,Обычный
27747,Обычный
27748,Обычный
27749,Обычный
27750,Обычный
27751,Обычный
27784,Хороший
27785,Обычный
27786,Хороший
27787,Хороший
27788,Хороший
27789,Хороший
27790,Хороший
27791,Обычный
27800,Обычный
27801,Обычный
27802,Обычный
27803,Обычный
27804,Обычный
27805,Обычный
27806,Обычный
27807,Обычный
27808,Обычный
27809,Обычный
27810,Обычный
27811,Обычный
27812,Обычный
27813,Хороший
27814,Обычный
27815,Обычный
27848,Обычный
27849,Обычный
27850,Обычный
27851,Обычный
27852,Обычный
27853,Обычный
27854,Обычный
27855,Обычный
27880,Обычный
27881,Обычный
27882,Обычный
27883,Обычный
27884,Обычный
27885,Плохой
27886,Плохой
27887,Плохой
27896,Плохой
27897,Плохой
27898,Плохой
27899,Плохой
27900,Плохой
27901,Плохой
27902,Плохой
27903,Плохой
27920,Хороший
27921,Хороший
27922,Хороший
27923,Хороший
27924,Хороший
27925,Хороший
27926,Хороший
27927,Хороший
27936,Плохой
27937,Плохой
27938,Плохой
27939,Плохой
27940,Плохой
27941,Плохой
27942,Плохой
27943,Плохой
27976,Плохой
27977,Плохой
27978,Плохой
27979,Плохой
27980,Плохой
27981,Плохой
27982,Плохой
27983,Плохой
28024,Обычный
28025,Обычный
28026,Обычный
28027,Обычный
28028,Обычный
28029,Обычный
28030,Обычный
28031,Обычный
28088,Обычный
28089,Обычный
28090,Хороший
28091,Обычный
28092,Обычный
28093,Обычный
28094,Обычный
28095,Обычный
28096,Обычный
28097,Обычный
28098,Обычный
28099,Обычный
28100,Обычный
28101,Обычный
28102,Обычный
28103,Обычный
28144,Обычный
28145,Обычный
28146,Обычный
28147,Обычный
28148,Обычный
28149,Хороший
28150,Хороший
28151,Обычный
28160,Обычный
28161,Обычный
28162,Обычный
28163,Обычный
28164,Обычный
28165,Обычный
28166,Обычный
28167,Обычный
28176,Обычный
28177,Обычный
28178,Обычный
28179,Обычный
28180,Обычный
28181,Обычный
28182,Обычный
28183,Обычный
28192,Обычный
28193,Обычный
28194,Обычный
28195,Плохой
28196,Обычный
28197,Обычный
28198,Обычный
28199,Плохой
28200,Плохой
28201,Плохой
28202,Плохой
28203,Плохой
28204,Плохой
28205,Плохой
28206,Плохой
28207,Плохой
28216,Плохой
28217,Плохой
28218,Плохой
28219,Плохой
28220,Плохой
28221,Плохой
28222,Плохой
28223,Плохой
28264,Плохой
28265,Плохой
28266,Плохой
28267,Плохой
28268,Плохой
28269,Плохой
28270,Плохой
28271,Плохой
28272,Хороший
28273,Хороший
28274,Обычный
28275,Обычный
28276,Хороший
28277,Хороший
28278,Хороший
28279,Хороший
28280,Обычный
28281,Обычный
28282,Обычный
28283,Обычный
28284,Обычный
28285,Обычный
28286,Обычный
28287,Обычный
28296,Обычный
28297,Обычный
28298,Обычный
28299,Обычный
28300,Обычный
28301,Обычный
28302,Обычный
28303,Обычный
28312,Плохой
28313,Плохой
28314,Плохой
28315,Плохой
28316,Плохой
28317,Плохой
28318,Плохой
28319,Плохой
28328,Хороший
28329,Хороший
28330,Хороший
28331,Хороший
28332,Хороший
28333,Хороший
28334,Хороший
28335,Хороший
28344,Обычный
28345,Обычный
28346,Обычный
28347,Обычный
28348,Обычный
28349,Обычный
28350,Обычный
28351,Обычный
28352,Обычный
28353,Обычный
28354,Обычный
28355,Обычный
28356,Обычный
28357,Обычный
28358,Обычный
28359,Обычный
28360,Обычный
28361,Обычный
28362,Обычный
28363,Обычный
28364,Обычный
28365,Обычный
28366,Обычный
28367,Обычный
28368,Обычный
28369,Обычный
28370,Обычный
28371,Обычный
28372,Обычный
28373,Обычный
28374,Обычный
28375,Обычный
28416,Обычный
28417,Обычный
28418,Обычный
28419,Обычный
28420,Обычный
28421,Обычный
28422,Обычный
28423,Обычный
28472,Обычный
28473,Хороший
28474,Хороший
28475,Обычный
28476,Хороший
28477,Обычный
28478,Хороший
28479,Обычный
28504,Плохой
28505,Плохой
28506,Плохой
28507,Плохой
28508,Плохой
28509,Плохой
28510,Плохой
28511,Плохой
28512,Обычный
28513,Обычный
28514,Хороший
28515,Обычный
28516,Обычный
28517,Обычный
28518,Плохой
28519,Обычный
28560,Обычный
28561,Обычный
28562,Обычный
28563,Обычный
28564,Обычный
28565,Обычный
28566,Обычный
28567,Обычный
28624,Хороший
28625,Хороший
28626,Обычный
28627,Обычный
28628,Обычный
28629,Хороший
28630,Обычный
28631,Обычный
28632,Хороший
28633,Хороший
28634,Хороший
28635,Хороший
28636,Хороший
28637,Хороший
28638,Хороший
28639,Хороший
28648,Плохой
28649,Плохой
28650,Плохой
28651,Плохой
28652,Плохой
28653,Плохой
28654,Плохой
28655,Плохой
28672,Плохой
28673,Плохой
28674,Обычный
28675,Плохой
28676,Обычный
28677,Плохой
28678,Обычный
28679,Плохой
28688,Плохой
28689,Обычный
28690,Плохой
28691,Плохой
28692,Обычный
28693,Обычный
28694,Обычный
28695,Плохой
28696,Обычный
28697,Плохой
28698,Плохой
28699,Обычный
28700,Обычный
28701,Плохой
28702,Обычный
28703,Обычный
28704,Обычный
28705,Обычный
28706,Обычный
28707,Обычный
28708,Обычный
28709,Обычный
28710,Обычный
28711,Обычный
28712,Хороший
28713,Хороший
28714,Хороший
28715,Хороший
28716,Хороший
28717,Хороший
28718,Хороший
28719,Хороший
28760,Обычный
28761,Обычный
28762,Хороший
28763,Обычный
28764,Обычный
28765,Обычный
28766,Обычный
28767,Обычный
28768,Плохой
28769,Плохой
28770,Обычный
28771,Обычный
28772,Обычный
28773,Плохой
28774,Плохой
28775,Плохой
28824,Обычный
28825,Обычный
28826,Обычный
28827,Плохой
28828,Плохой
28829,Плохой
28830,Плохой
28831,Плохой
28880,Обычный
28881,Обычный
28882,Обычный
28883,Обычный
28884,Обычный
28885,Обычный
28886,Обычный
28887,Обычный
28912,Обычный
28913,Обычный
28914,Обычный
28915,Обычный
28916,Обычный
28917,Обычный
28918,Обычный
28919,Обычный
28928,Хороший
28929,Обычный
28930,Хороший
28931,Обычный
28932,Хороший
28933,Хороший
28934,Обычный
28935,Хороший
28960,Обычный
28961,Обычный
28962,Обычный
28963,Обычный
28964,Обычный
28965,Обычный
28966,Обычный
28967,Обычный
28976,Плохой
28977,Плохой
28978,Плохой
28979,Плохой
28980,Плохой
28981,Плохой
28982,Плохой
28983,Плохой
28992,Обычный
28993,Обычный
28994,Обычный
28995,Обычный
28996,Обычный
28997,Обычный
28998,Обычный
28999,Обычный
29016,Обычный
29017,Обычный
29018,Обычный
29019,Обычный
29020,Обычный
29021,Обычный
29022,Обычный
29023,Обычный
29024,Плохой
29025,Плохой
29026,Плохой
29027,Плохой
29028,Плохой
29029,Плохой
29030,Плохой
29031,Плохой
29032,Обычный
29033,Обычный
29034,Обычный
29035,Обычный
29036,Обычный
29037,Обычный
29038,Обычный
29039,Обычный
29048,Хороший
29049,Хороший
29050,Хороший
29051,Хороший
29052,Хороший
29053,Хороший
29054,Хороший
29055,Хороший
29056,Обычный
29057,Обычный
29058,Обычный
29059,Обычный
29060,Обычный
29061,Обычный
29062,Обычный
29063,Обычный
29064,Плохой
29065,Плохой
29066,Плохой
29067,Плохой
29068,Плохой
29069,Плохой
29070,Плохой
29071,Плохой
29072,Плохой
29073,Плохой
29074,Плохой
29075,Плохой
29076,Плохой
29077,Плохой
29078,Плохой
29079,Плохой
29112,Обычный
29113,Обычный
29114,Обычный
29115,Обычный
29116,Обычный
29117,Обычный
29118,Обычный
29119,Обычный
29136,Обычный
29137,Обычный
29138,Обычный
29139,Обычный
29140,Обычный
29141,Обычный
29142,Обычный
29143,Обычный
29144,Обычный
29145,Обычный
29146,Обычный
29147,Плохой
29148,Обычный
29149,Обычный
29150,Обычный
29151,Обычный
29160,Обычный
29161,Обычный
29162,Обычный
29163,Обычный
29164,Обычный
29165,Обычный
29166,Обычный
29167,Плохой
29304,Обычный
29305,Обычный
29306,Обычный
29307,Обычный
29308,Обычный
29309,Обычный
29310,Обычный
29311,Обычный
29312,Обычный
29313,Обычный
29314,Обычный
29315,Обычный
29316,Обычный
29317,Обычный
29318,Обычный
29319,Обычный
29320,Обычный
29321,Плохой
29322,Плохой
29323,Обычный
29324,Обычный
29325,Обычный
29326,Обычный
29327,Плохой
29328,Обычный
29329,Обычный
29330,Обычный
29331,Обычный
29332,Обычный
29333,Обычный
29334,Обычный
29335,Обычный
29336,Обычный
29337,Обычный
29338,Обычный
29339,Обычный
29340,Обычный
29341,Обычный
29342,Обычный
29343,Обычный
29352,Обычный
29353,Обычный
29354,Обычный
29355,Обычный
29356,Обычный
29357,Обычный
29358,Обычный
29359,Обычный
29368,Обычный
29369,Обычный
29370,Обычный
29371,Обычный
29372,Обычный
29373,Обычный
29374,Обычный
29375,Обычный
29376,Обычный
29377,Обычный
29378,Обычный
29379,Обычный
29380,Обычный
29381,Обычный
29382,Обычный
29383,Обычный
29400,Обычный
29401,Обычный
29402,Обычный
29403,Обычный
29404,Обычный
29405,Обычный
29406,Обычный
29407,Обычный
29424,Обычный
29425,Обычный
29426,Обычный
29427,Обычный
29428,Обычный
29429,Обычный
29430,Обычный
29431,Обычный
29432,Хороший
29433,Хороший
29434,Обычный
29435,Хороший
29436,Хороший
29437,Хороший
29438,Хороший
29439,Хороший
29448,Плохой
29449,Плохой
29450,Плохой
29451,Плохой
29452,Плохой
29453,Плохой
29454,Плохой
29455,Плохой
29488,Обычный
29489,Обычный
29490,Плохой
29491,Плохой
29492,Плохой
29493,Обычный
29494,Обычный
29495,Обычный
29504,Обычный
29505,Обычный
29506,Обычный
29507,Обычный
29508,Обычный
29509,Обычный
29510,Обычный
29511,Обычный
29512,Обычный
29513,Обычный
29514,Обычный
29515,Обычный
29516,Обычный
29517,Обычный
29518,Обычный
29519,Обычный
29552,Обычный
29553,Обычный
29554,Обычный
29555,Обычный
29556,Обычный
29557,Обычный
29558,Обычный
29559,Обычный
29560,Обычный
29561,Обычный
29562,Обычный
29563,Обычный
29564,Обычный
29565,Обычный
29566,Обычный
29567,Обычный
29568,Плохой
29569,Плохой
29570,Плохой
29571,Плохой
29572,Плохой
29573,Плохой
29574,Плохой
29575,Плохой
29584,Плохой
29585,Плохой
29586,Плохой
29587,Плохой
29588,Обычный
29589,Плохой
29590,Плохой
29591,Плохой
29600,Обычный
29601,Обычный
29602,Обычный
29603,Обычный
29604,Обычный
29605,Обычный
29606,Обычный
29607,Обычный
29632,Плохой
29633,Плохой
29634,Плохой
29635,Плохой
29636,Плохой
29637,Плохой
29638,Плохой
29639,Плохой
29640,Хороший
29641,Хороший
29642,Хороший
29643,Хороший
29644,Хороший
29645,Хороший
29646,Хороший
29647,Хороший
29648,Хороший
29649,Хороший
29650,Хороший
29651,Хороший
29652,Хороший
29653,Хороший
29654,Хороший
29655,Хороший
29672,Обычный
29673,Обычный
29674,Обычный
29675,Обычный
29676,Обычный
29677,Обычный
29678,Обычный
29679,Обычный
29704,Плохой
29705,Плохой
29706,Плохой
29707,Плохой
29708,Плохой
29709,Плохой
29710,Плохой
29711,Плохой
29712,Обычный
29713,Обычный
29714,Обычный
29715,Обычный
29716,Обычный
29717,Обычный
29718,Обычный
29719,Обычный
29720,Обычный
29721,Обычный
29722,Обычный
29723,Обычный
29724,Обычный
29725,Обычный
29726,Обычный
29727,Обычный
29736,Обычный
29737,Обычный
29738,Обычный
29739,Обычный
29740,Обычный
29741,Обычный
29742,Обычный
29743,Обычный
29760,Плохой
29761,Плохой
29762,Плохой
29763,Плохой
29764,Плохой
29765,Плохой
29766,Плохой
29767,Плохой
29768,Плохой
29769,Плохой
29770,Плохой
29771,Плохой
29772,Плохой
29773,Плохой
29774,Плохой
29775,Плохой
29776,Хороший
29777,Хороший
29778,Хороший
29779,Хороший
29780,Обычный
29781,Хороший
29782,Хороший
29783,Хороший
29808,Обычный
29809,Плохой
29810,Плохой
29811,Плохой
29812,Плохой
29813,Плохой
29814,Плохой
29815,Плохой
29832,Обычный
29833,Плохой
29834,Плохой
29835,Плохой
29836,Плохой
29837,Обычный
29838,Обычный
29839,Плохой
29848,Хороший
29849,Хороший
29850,Хороший
29851,Хороший
29852,Хороший
29853,Обычный
29854,Хороший
29855,Хороший
29872,Обычный
29873,Плохой
29874,Обычный
29875,Плохой
29876,Обычный
29877,Обычный
29878,Плохой
29879,Обычный
29904,Плохой
29905,Плохой
29906,Плохой
29907,Плохой
29908,Плохой
29909,Плохой
29910,Плохой
29911,Плохой
29912,Обычный
29913,Обычный
29914,Обычный
29915,Обычный
29916,Обычный
29917,Обычный
29918,Обычный
29919,Обычный
29920,Хороший
29921,Хороший
29922,Хороший
29923,Хороший
29924,Хороший
29925,Хороший
29926,Хороший
29927,Хороший
29936,Обычный
29937,Плохой
29938,Плохой
29939,Обычный
29940,Плохой
29941,Плохой
29942,Плохой
29943,Плохой
29968,Обычный
29969,Обычный
29970,Обычный
29971,Хороший
29972,Хороший
29973,Хороший
29974,Хороший
29975,Хороший
30016,Обычный
30017,Обычный
30018,Обычный
30019,Обычный
30020,Обычный
30021,Обычный
30022,Обычный
30023,Обычный
30024,Обычный
30025,Обычный
30026,Обычный
30027,Обычный
30028,Обычный
30029,Обычный
30030,Обычный
30031,Обычный
30056,Плохой
30057,Плохой
30058,Плохой
30059,Плохой
30060,Плохой
30061,Плохой
30062,Плохой
30063,Плохой
30088,Плохой
30089,Плохой
30090,Плохой
30091,Плохой
30092,Плохой
30093,Плохой
30094,Плохой
30095,Плохой
30104,Обычный
30105,Обычный
30106,Обычный
30107,Обычный
30108,Обычный
30109,Обычный
30110,Обычный
30111,Обычный
30120,Обычный
30121,Обычный
30122,Обычный
30123,Обычный
30124,Обычный
30125,Обычный
30126,Обычный
30127,Обычный
30152,Хороший
30153,Хороший
30154,Хороший
30155,Хороший
30156,Хороший
30157,Хороший
30158,Хороший
30159,Хороший
30184,Хороший
30185,Хороший
30186,Хороший
30187,Хороший
30188,Хороший
30189,Хороший
30190,Хороший
30191,Хороший
30192,Хороший
30193,Обычный
30194,Хороший
30195,Хороший
30196,Хороший
30197,Хороший
30198,Хороший
30199,Хороший
30248,Обычный
30249,Обычный
30250,Плохой
30251,Обычный
30252,Обычный
30253,Обычный
30254,Обычный
30255,Обычный
30288,Обычный
30289,Обычный
30290,Обычный
30291,Обычный
30292,Обычный
30293,Плохой
30294,Плохой
30295,Обычный
30336,Хороший
30337,Хороший
30338,Хороший
30339,Хороший
30340,Хороший
30341,Хороший
30342,Хороший
30343,Хороший
30344,Обычный
30345,Обычный
30346,Обычный
30347,Обычный
30348,Обычный
30349,Обычный
30350,Обычный
30351,Обычный
30456,Плохой
30457,Плохой
30458,Плохой
30459,Плохой
30460,Плохой
30461,Плохой
30462,Плохой
30463,Плохой
30536,Обычный
30537,Обычный
30538,Обычный
30539,Обычный
30540,Обычный
30541,Обычный
30542,Обычный
30543,Обычный
30544,Хороший
30545,Хороший
30546,Хороший
30547,Хороший
30548,Хороший
30549,Хороший
30550,Хороший
30551,Хороший
30616,Обычный
30617,Обычный
30618,Обычный
30619,Обычный
30620,Обычный
30621,Обычный
30622,Обычный
30623,Обычный
30696,Обычный
30697,Обычный
30698,Обычный
30699,Обычный
30700,Обычный
30701,Обычный
30702,Обычный
30703,Обычный
30704,Плохой
30705,Плохой
30706,Плохой
30707,Плохой
30708,Плохой
30709,Плохой
30710,Плохой
30711,Плохой
30736,Плохой
30737,Обычный
30738,Обычный
30739,Плохой
30740,Плохой
30741,Плохой
30742,Обычный
30743,Плохой
30760,Плохой
30761,Плохой
30762,Плохой
30763,Плохой
30764,Плохой
30765,Плохой
30766,Плохой
30767,Плохой
30784,Плохой
30785,Плохой
30786,Плохой
30787,Плохой
30788,Плохой
30789,Плохой
30790,Плохой
30791,Плохой
30800,Обычный
30801,Хороший
30802,Хороший
30803,Обычный
30804,Хороший
30805,Хороший
30806,Хороший
30807,Обычный
30832,Обычный
30833,Обычный
30834,Обычный
30835,Обычный
30836,Обычный
30837,Обычный
30838,Обычный
30839,Обычный
30840,Обычный
30841,Обычный
30842,Обычный
30843,Обычный
30844,Обычный
30845,Плохой
30846,Обычный
30847,Плохой
30856,Плохой
30857,Плохой
30858,Обычный
30859,Обычный
30860,Обычный
30861,Обычный
30862,Плохой
30863,Обычный
30880,Обычный
30881,Обычный
30882,Обычный
30883,Обычный
30884,Обычный
30885,Обычный
30886,Обычный
30887,Обычный
30896,Плохой
30897,Обычный
30898,Плохой
30899,Обычный
30900,Обычный
30901,Плохой
30902,Плохой
30903,Плохой
30912,Плохой
30913,Плохой
30914,Плохой
30915,Плохой
30916,Плохой
30917,Плохой
30918,Плохой
30919,Плохой
30944,Обычный
30945,Обычный
30946,Обычный
30947,Обычный
30948,Обычный
30949,Обычный
30950,Обычный
30951,Обычный
30960,Плохой
30961,Плохой
30962,Плохой
30963,Плохой
30964,Плохой
30965,Плохой
30966,Плохой
30967,Плохой
30968,Плохой
30969,Плохой
30970,Плохой
30971,Плохой
30972,Плохой
30973,Плохой
30974,Плохой
30975,Плохой
30992,Обычный
30993,Обычный
30994,Обычный
30995,Обычный
30996,Обычный
30997,Обычный
30998,Обычный
30999,Обычный
31000,Плохой
31001,Плохой
31002,Плохой
31003,Плохой
31004,Плохой
31005,Плохой
31006,Плохой
31007,Плохой
31016,Обычный
31017,Обычный
31018,Обычный
31019,Обычный
31020,Обычный
31021,Обычный
31022,Обычный
31023,Обычный
31064,Плохой
31065,Плохой
31066,Плохой
31067,Плохой
31068,Плохой
31069,Плохой
31070,Плохой
31071,Плохой
31096,Обычный
31097,Обычный
31098,Обычный
31099,Обычный
31100,Обычный
31101,Обычный
31102,Обычный
31103,Обычный
31136,Обычный
31137,Обычный
31138,Обычный
31139,Обычный
31140,Обычный
31141,Обычный
31142,Плохой
31143,Обычный
31144,Обычный
31145,Обычный
31146,Обычный
31147,Обычный
31148,Обычный
31149,Обычный
31150,Обычный
31151,Обычный
31160,Обычный
31161,Обычный
31162,Обычный
31163,Обычный
31164,Обычный
31165,Обычный
31166,Обычный
31167,Обычный
31232,Плохой
31233,Плохой
31234,Плохой
31235,Плохой
31236,Плохой
31237,Плохой
31238,Плохой
31239,Плохой
31240,Обычный
31241,Обычный
31242,Обычный
31243,Обычный
31244,Обычный
31245,Обычный
31246,Обычный
31247,Обычный
31248,Обычный
31249,Обычный
31250,Обычный
31251,Обычный
31252,Плохой
31253,Обычный
31254,Обычный
31255,Плохой
31256,Обычный
31257,Обычный
31258,Плохой
31259,Обычный
31260,Обычный
31261,Обычный
31262,Обычный
31263,Обычный
31344,Плохой
31345,Плохой
31346,Плохой
31347,Плохой
31348,Плохой
31349,Плохой
31350,Плохой
31351,Плохой
31352,Плохой
31353,Плохой
31354,Плохой
31355,Плохой
31356,Плохой
31357,Плохой
31358,Плохой
31359,Плохой
31368,Обычный
31369,Обычный
31370,Обычный
31371,Обычный
31372,Обычный
31373,Обычный
31374,Обычный
31375,Обычный
31408,Обычный
31409,Обычный
31410,Обычный
31411,Обычный
31412,Обычный
31413,Обычный
31414,Обычный
31415,Обычный
31432,Плохой
31433,Плохой
31434,Плохой
31435,Плохой
31436,Плохой
31437,Плохой
31438,Плохой
31439,Плохой
31440,Хороший
31441,Хороший
31442,Хороший
31443,Хороший
31444,Хороший
31445,Хороший
31446,Хороший
31447,Хороший
31456,Обычный
31457,Обычный
31458,Обычный
31459,Обычный
31460,Обычный
31461,Плохой
31462,Обычный
31463,Обычный
31504,Обычный
31505,Обычный
31506,Обычный
31507,Обычный
31508,Обычный
31509,Обычный
31510,Обычный
31511,Обычный
31520,Хороший
31521,Хороший
31522,Хороший
31523,Хороший
31524,Хороший
31525,Хороший
31526,Хороший
31527,Хороший
31536,Обычный
31537,Обычный
31538,Обычный
31539,Обычный
31540,Обычный
31541,Обычный
31542,Обычный
31543,Обычный
31568,Обычный
31569,Обычный
31570,Обычный
31571,Обычный
31572,Обычный
31573,Обычный
31574,Обычный
31575,Обычный
31600,Плохой
31601,Плохой
31602,Плохой
31603,Плохой
31604,Плохой
31605,Плохой
31606,Плохой
31607,Плохой
31680,Плохой
31681,Плохой
31682,Плохой
31683,Плохой
31684,Плохой
31685,Плохой
31686,Плохой
31687,Плохой
31688,Хороший
31689,Хороший
31690,Обычный
31691,Хороший
31692,Хороший
31693,Обычный
31694,Хороший
31695,Обычный
31704,Хороший
31705,Обычный
31706,Плохой
31707,Обычный
31708,Хороший
31709,Хороший
31710,Обычный
31711,Обычный
31712,Хороший
31713,Хороший
31714,Хороший
31715,Хороший
31716,Хороший
31717,Хороший
31718,Хороший
31719,Хороший
31728,Обычный
31729,Обычный
31730,Обычный
31731,Обычный
31732,Обычный
31733,Обычный
31734,Обычный
31735,Обычный
31736,Плохой
31737,Плохой
31738,Плохой
31739,Плохой
31740,Плохой
31741,Плохой
31742,Плохой
31743,Плохой
31784,Плохой
31785,Обычный
31786,Обычный
31787,Обычный
31788,Плохой
31789,Плохой
31790,Плохой
31791,Обычный
31792,Обычный
31793,Обычный
31794,Обычный
31795,Обычный
31796,Обычный
31797,Обычный
31798,Хороший
31799,Обычный
31832,Обычный
31833,Хороший
31834,Хороший
31835,Хороший
31836,Хороший
31837,Хороший
31838,Хороший
31839,Хороший
31848,Обычный
31849,Обычный
31850,Обычный
31851,Обычный
31852,Обычный
31853,Обычный
31854,Обычный
31855,Обычный
31872,Обычный
31873,Обычный
31874,Обычный
31875,Обычный
31876,Плохой
31877,Обычный
31878,Обычный
31879,Обычный
31888,Обычный
31889,Обычный
31890,Обычный
31891,Обычный
31892,Обычный
31893,Обычный
31894,Обычный
31895,Обычный
31904,Плохой
31905,Плохой
31906,Плохой
31907,Плохой
31908,Плохой
31909,Плохой
31910,Плохой
31911,Плохой
31920,Обычный
31921,Обычный
31922,Обычный
31923,Обычный
31924,Обычный
31925,Обычный
31926,Обычный
31927,Обычный
31928,Хороший
31929,Хороший
31930,Хороший
31931,Хороший
31932,Хороший
31933,Хороший
31934,Хороший
31935,Хороший
31992,Обычный
31993,Обычный
31994,Обычный
31995,Обычный
31996,Обычный
31997,Обычный
31998,Обычный
31999,Обычный
32008,Обычный
32009,Обычный
32010,Плохой
32011,Обычный
32012,Обычный
32013,Обычный
32014,Обычный
32015,Обычный
32016,Обычный
32017,Обычный
32018,Обычный
32019,Обычный
32020,Обычный
32021,Обычный
32022,Обычный
32023,Обычный
32032,Хороший
32033,Хороший
32034,Хороший
32035,Хороший
32036,Хороший
32037,Хороший
32038,Хороший
32039,Хороший
32048,Обычный
32049,Плохой
32050,Обычный
32051,Плохой
32052,Плохой
32053,Обычный
32054,Обычный
32055,Плохой
32064,Обычный
32065,Обычный
32066,Обычный
32067,Обычный
32068,Обычный
32069,Обычный
32070,Обычный
32071,Обычный
32096,Обычный
32097,Обычный
32098,Обычный
32099,Обычный
32100,Обычный
32101,Обычный
32102,Обычный
32103,Обычный
32112,Обычный
32113,Обычный
32114,Обычный
32115,Обычный
32116,Обычный
32117,Обычный
32118,Обычный
32119,Обычный
32144,Хороший
32145,Хороший
32146,Обычный
32147,Хороший
32148,Обычный
32149,Хороший
32150,Обычный
32151,Обычный
32160,Обычный
32161,Обычный
32162,Обычный
32163,Обычный
32164,Обычный
32165,Обычный
32166,Обычный
32167,Обычный
32168,Обычный
32169,Хороший
32170,Хороший
32171,Хороший
32172,Хороший
32173,Обычный
32174,Хороший
32175,Хороший
32176,Плохой
32177,Плохой
32178,Плохой
32179,Плохой
32180,Плохой
32181,Плохой
32182,Плохой
32183,Плохой
32216,Хороший
32217,Хороший
32218,Хороший
32219,Хороший
32220,Хороший
32221,Хороший
32222,Хороший
32223,Хороший
32224,Обычный
32225,Обычный
32226,Обычный
32227,Обычный
32228,Обычный
32229,Обычный
32230,Обычный
32231,Обычный
32256,Обычный
32257,Обычный
32258,Обычный
32259,Обычный
32260,Обычный
32261,Хороший
32262,Плохой
32263,Плохой
32280,Обычный
32281,Обычный
32282,Обычный
32283,Обычный
32284,Обычный
32285,Обычный
32286,Обычный
32287,Обычный
32288,Обычный
32289,Обычный
32290,Обычный
32291,Обычный
32292,Обычный
32293,Обычный
32294,Обычный
32295,Обычный
32296,Плохой
32297,Плохой
32298,Плохой
32299,Плохой
32300,Обычный
32301,Плохой
32302,Плохой
32303,Плохой
32304,Плохой
32305,Плохой
32306,Плохой
32307,Плохой
32308,Плохой
32309,Плохой
32310,Плохой
32311,Плохой
32320,Обычный
32321,Обычный
32322,Обычный
32323,Обычный
32324,Обычный
32325,Обычный
32326,Обычный
32327,Обычный
32360,Хороший
32361,Хороший
32362,Хороший
32363,Хороший
32364,Хороший
32365,Хороший
32366,Хороший
32367,Хороший
32368,Плохой
32369,Плохой
32370,Плохой
32371,Плохой
32372,Плохой
32373,Плохой
32374,Плохой
32375,Плохой
32376,Обычный
32377,Обычный
32378,Обычный
32379,Обычный
32380,Обычный
32381,Обычный
32382,Обычный
32383,Обычный
32384,Обычный
32385,Обычный
32386,Обычный
32387,Обычный
32388,Обычный
32389,Обычный
32390,Обычный
32391,Обычный
32400,Обычный
32401,Обычный
32402,Обычный
32403,Обычный
32404,Обычный
32405,Обычный
32406,Обычный
32407,Обычный
32408,Плохой
32409,Плохой
32410,Плохой
32411,Плохой
32412,Плохой
32413,Плохой
32414,Плохой
32415,Плохой
32432,Обычный
32433,Обычный
32434,Обычный
32435,Обычный
32436,Обычный
32437,Обычный
32438,Обычный
32439,Обычный
32440,Обычный
32441,Плохой
32442,Плохой
32443,Плохой
32444,Обычный
32445,Плохой
32446,Обычный
32447,Обычный
32464,Плохой
32465,Плохой
32466,Плохой
32467,Плохой
32468,Плохой
32469,Плохой
32470,Плохой
32471,Плохой
32472,Плохой
32473,Плохой
32474,Плохой
32475,Плохой
32476,Плохой
32477,Плохой
32478,Плохой
32479,Плохой
32520,Обычный
32521,Обычный
32522,Обычный
32523,Обычный
32524,Обычный
32525,Обычный
32526,Обычный
32527,Обычный
32552,Обычный
32553,Обычный
32554,Обычный
32555,Обычный
32556,Обычный
32557,Обычный
32558,Обычный
32559,Обычный
32616,Хороший
32617,Хороший
32618,Хороший
32619,Обычный
32620,Хороший
32621,Хороший
32622,Хороший
32623,Хороший
32648,Плохой
32649,Плохой
32650,Плохой
32651,Плохой
32652,Плохой
32653,Плохой
32654,Плохой
32655,Плохой
32688,Обычный
32689,Обычный
32690,Обычный
32691,Обычный
32692,Обычный
32693,Обычный
32694,Обычный
32695,Обычный
32696,Обычный
32697,Обычный
32698,Обычный
32699,Обычный
32700,Обычный
32701,Обычный
32702,Обычный
32703,Обычный
32728,Плохой
32729,Плохой
32730,Плохой
32731,Плохой
32732,Плохой
32733,Плохой
32734,Плохой
32735,Плохой
32744,Плохой
32745,Плохой
32746,Плохой
32747,Плохой
32748,Плохой
32749,Плохой
32750,Плохой
32751,Плохой
32776,Обычный
32777,Хороший
32778,Обычный
32779,Обычный
32780,Хороший
32781,Обычный
32782,Хороший
32783,Хороший
32792,Плохой
32793,Плохой
32794,Плохой
32795,Обычный
32796,Плохой
32797,Плохой
32798,Плохой
32799,Плохой
32816,Обычный
32817,Обычный
32818,Плохой
32819,Плохой
32820,Обычный
32821,Обычный
32822,Плохой
32823,Обычный
32824,Обычный
32825,Обычный
32826,Обычный
32827,Обычный
32828,Плохой
32829,Обычный
32830,Обычный
32831,Обычный
32832,Обычный
32833,Обычный
32834,Обычный
32835,Обычный
32836,Обычный
32837,Обычный
32838,Обычный
32839,Обычный
32840,Обычный
32841,Обычный
32842,Обычный
32843,Обычный
32844,Обычный
32845,Обычный
32846,Обычный
32847,Обычный
32896,Плохой
32897,Плохой
32898,Плохой
32899,Плохой
32900,Плохой
32901,Плохой
32902,Плохой
32903,Плохой
32936,Обычный
32937,Обычный
32938,Обычный
32939,Обычный
32940,Обычный
32941,Обычный
32942,Обычный
32943,Обычный
32968,Обычный
32969,Обычный
32970,Обычный
32971,Обычный
32972,Обычный
32973,Обычный
32974,Обычный
32975,Обычный
32976,Плохой
32977,Плохой
32978,Плохой
32979,Плохой
32980,Плохой
32981,Плохой
32982,Плохой
32983,Плохой
33016,Обычный
33017,Обычный
33018,Хороший
33019,Обычный
33020,Обычный
33021,Обычный
33022,Обычный
33023,Хороший
33072,Хороший
33073,Хороший
33074,Хороший
33075,Хороший
33076,Хороший
33077,Хороший
33078,Хороший
33079,Хороший
33080,Плохой
33081,Плохой
33082,Плохой
33083,Плохой
33084,Плохой
33085,Плохой
33086,Плохой
33087,Плохой
33120,Хороший
33121,Хороший
33122,Обычный
33123,Обычный
33124,Обычный
33125,Хороший
33126,Хороший
33127,Обычный
33144,Обычный
33145,Обычный
33146,Обычный
33147,Обычный
33148,Обычный
33149,Обычный
33150,Обычный
33151,Обычный
33152,Плохой
33153,Плохой
33154,Плохой
33155,Плохой
33156,Плохой
33157,Плохой
33158,Плохой
33159,Плохой
33160,Хороший
33161,Хороший
33162,Хороший
33163,Хороший
33164,Хороший
33165,Хороший
33166,Хороший
33167,Хороший
33184,Обычный
33185,Обычный
33186,Обычный
33187,Обычный
33188,Обычный
33189,Обычный
33190,Обычный
33191,Обычный
33216,Хороший
33217,Хороший
33218,Хороший
33219,Хороший
33220,Хороший
33221,Хороший
33222,Хороший
33223,Хороший
33256,Плохой
33257,Плохой
33258,Плохой
33259,Плохой
33260,Плохой
33261,Плохой
33262,Плохой
33263,Плохой
33264,Обычный
33265,Обычный
33266,Обычный
33267,Обычный
33268,Обычный
33269,Обычный
33270,Обычный
33271,Обычный
33272,Плохой
33273,Плохой
33274,Плохой
33275,Плохой
33276,Обычный
33277,Плохой
33278,Плохой
33279,Плохой
33280,Обычный
33281,Обычный
33282,Обычный
33283,Обычный
33284,Обычный
33285,Обычный
33286,Обычный
33287,Обычный
33328,Плохой
33329,Плохой
33330,Плохой
33331,Плохой
33332,Плохой
33333,Плохой
33334,Плохой
33335,Плохой
33336,Плохой
33337,Плохой
33338,Плохой
33339,Плохой
33340,Плохой
33341,Плохой
33342,Плохой
33343,Плохой
33368,Хороший
33369,Хороший
33370,Хороший
33371,Хороший
33372,Хороший
33373,Хороший
33374,Хороший
33375,Хороший
33376,Обычный
33377,Обычный
33378,Обычный
33379,Обычный
33380,Обычный
33381,Обычный
33382,Обычный
33383,Обычный
33432,Обычный
33433,Обычный
33434,Обычный
33435,Обычный
33436,Обычный
33437,Обычный
33438,Обычный
33439,Обычный
33456,Плохой
33457,Плохой
33458,Плохой
33459,Плохой
33460,Плохой
33461,Плохой
33462,Плохой
33463,Плохой
33480,Плохой
33481,Плохой
33482,Плохой
33483,Обычный
33484,Плохой
33485,Плохой
33486,Плохой
33487,Плохой
33488,Плохой
33489,Плохой
33490,Плохой
33491,Плохой
33492,Плохой
33493,Плохой
33494,Плохой
33495,Плохой
33512,Хороший
33513,Хороший
33514,Обычный
33515,Обычный
33516,Хороший
33517,Обычный
33518,Хороший
33519,Обычный
33536,Обычный
33537,Обычный
33538,Обычный
33539,Обычный
33540,Обычный
33541,Обычный
33542,Обычный
33543,Обычный
33552,Хороший
33553,Хороший
33554,Плохой
33555,Хороший
33556,Хороший
33557,Хороший
33558,Хороший
33559,Хороший
33584,Обычный
33585,Плохой
33586,Плохой
33587,Плохой
33588,Плохой
33589,Плохой
33590,Обычный
33591,Плохой
33648,Обычный
33649,Обычный
33650,Обычный
33651,Обычный
33652,Обычный
33653,Обычный
33654,Обычный
33655,Обычный
33688,Обычный
33689,Обычный
33690,Обычный
33691,Обычный
33692,Обычный
33693,Обычный
33694,Обычный
33695,Обычный
33696,Плохой
33697,Плохой
33698,Плохой
33699,Плохой
33700,Плохой
33701,Плохой
33702,Плохой
33703,Плохой
33704,Обычный
33705,Обычный
33706,Обычный
33707,Обычный
33708,Обычный
33709,Обычный
33710,Обычный
33711,Обычный
33720,Плохой
33721,Плохой
33722,Плохой
33723,Плохой
33724,Плохой
33725,Плохой
33726,Плохой
33727,Плохой
33744,Плохой
33745,Обычный
33746,Обычный
33747,Обычный
33748,Обычный
33749,Обычный
33750,Обычный
33751,Обычный
33776,Хороший
33777,Хороший
33778,Хороший
33779,Хороший
33780,Хороший
33781,Хороший
33782,Хороший
33783,Хороший
33824,Обычный
33825,Обычный
33826,Обычный
33827,Обычный
33828,Обычный
33829,Обычный
33830,Обычный
33831,Обычный
33888,Хороший
33889,Хороший
33890,Хороший
33891,Хороший
33892,Хороший
33893,Хороший
33894,Хороший
33895,Хороший
33912,Плохой
33913,Плохой
33914,Плохой
33915,Плохой
33916,Плохой
33917,Плохой
33918,Плохой
33919,Плохой
33928,Хороший
33929,Хороший
33930,Хороший
33931,Хороший
33932,Хороший
33933,Хороший
33934,Хороший
33935,Хороший
33944,Обычный
33945,Обычный
33946,Обычный
33947,Обычный
33948,Обычный
33949,Обычный
33950,Обычный
33951,Обычный
33960,Обычный
33961,Обычный
33962,Обычный
33963,Обычный
33964,Обычный
33965,Обычный
33966,Обычный
33967,Обычный
33968,Обычный
33969,Обычный
33970,Обычный
33971,Обычный
33972,Обычный
33973,Обычный
33974,Обычный
33975,Обычный
33976,Обычный
33977,Обычный
33978,Обычный
33979,Обычный
33980,Обычный
33981,Обычный
33982,Обычный
33983,Обычный
34024,Хороший
34025,Хороший
34026,Хороший
34027,Хороший
34028,Хороший
34029,Хороший
34030,Хороший
34031,Хороший
34040,Обычный
34041,Обычный
34042,Обычный
34043,Обычный
34044,Обычный
34045,Обычный
34046,Обычный
34047,Обычный
34064,Обычный
34065,Обычный
34066,Обычный
34067,Обычный
34068,Обычный
34069,Обычный
34070,Обычный
34071,Обычный
34072,Хороший
34073,Хороший
34074,Хороший
34075,Хороший
34076,Хороший
34077,Хороший
34078,Хороший
34079,Хороший
34080,Обычный
34081,Обычный
34082,Обычный
34083,Обычный
34084,Обычный
34085,Обычный
34086,Обычный
34087,Обычный
34088,Хороший
34089,Хороший
34090,Обычный
34091,Хороший
34092,Обычный
34093,Обычный
34094,Обычный
34095,Обычный
34104,Обычный
34105,Обычный
34106,Обычный
34107,Обычный
34108,Плохой
34109,Обычный
34110,Обычный
34111,Обычный
34112,Обычный
34113,Обычный
34114,Обычный
34115,Обычный
34116,Обычный
34117,Обычный
34118,Обычный
34119,Обычный
34120,Обычный
34121,Плохой
34122,Плохой
34123,Плохой
34124,Плохой
34125,Плохой
34126,Плохой
34127,Плохой
34152,Плохой
34153,Плохой
34154,Плохой
34155,Плохой
34156,Плохой
34157,Плохой
34158,Плохой
34159,Плохой
34160,Хороший
34161,Обычный
34162,Обычный
34163,Обычный
34164,Хороший
34165,Обычный
34166,Хороший
34167,Хороший
34176,Хороший
34177,Хороший
34178,Хороший
34179,Хороший
34180,Хороший
34181,Хороший
34182,Хороший
34183,Хороший
34192,Хороший
34193,Хороший
34194,Хороший
34195,Хороший
34196,Хороший
34197,Хороший
34198,Хороший
34199,Хороший
34200,Обычный
34201,Плохой
34202,Плохой
34203,Плохой
34204,Плохой
34205,Обычный
34206,Обычный
34207,Плохой
34224,Обычный
34225,Обычный
34226,Обычный
34227,Обычный
34228,Обычный
34229,Обычный
34230,Обычный
34231,Обычный
34232,Хороший
34233,Хороший
34234,Хороший
34235,Плохой
34236,Хороший
34237,Хороший
34238,Хороший
34239,Хороший
34248,Обычный
34249,Обычный
34250,Обычный
34251,Обычный
34252,Обычный
34253,Обычный
34254,Обычный
34255,Обычный
34256,Обычный
34257,Хороший
34258,Обычный
34259,Обычный
34260,Хороший
34261,Хороший
34262,Хороший
34263,Хороший
34264,Обычный
34265,Обычный
34266,Обычный
34267,Обычный
34268,Обычный
34269,Обычный
34270,Обычный
34271,Обычный
34272,Обычный
34273,Обычный
34274,Обычный
34275,Обычный
34276,Обычный
34277,Обычный
34278,Обычный
34279,Обычный
34296,Обычный
34297,Обычный
34298,Обычный
34299,Обычный
34300,Обычный
34301,Обычный
34302,Обычный
34303,Обычный
34304,Плохой
34305,Хороший
34306,Плохой
34307,Хороший
34308,Хороший
34309,Хороший
34310,Хороший
34311,Хороший
34312,Обычный
34313,Обычный
34314,Обычный
34315,Обычный
34316,Обычный
34317,Обычный
34318,Обычный
34319,Обычный
34328,Плохой
34329,Плохой
34330,Плохой
34331,Плохой
34332,Плохой
34333,Плохой
34334,Плохой
34335,Плохой
34352,Хороший
34353,Хороший
34354,Хороший
34355,Хороший
34356,Хороший
34357,Хороший
34358,Хороший
34359,Хороший
34360,Обычный
34361,Обычный
34362,Обычный
34363,Обычный
34364,Обычный
34365,Обычный
34366,Обычный
34367,Обычный
34440,Обычный
34441,Обычный
34442,Обычный
34443,Обычный
34444,Обычный
34445,Обычный
34446,Обычный
34447,Обычный
34456,Обычный
34457,Обычный
34458,Обычный
34459,Обычный
34460,Обычный
34461,Обычный
34462,Обычный
34463,Обычный
34488,Плохой
34489,Плохой
34490,Плохой
34491,Плохой
34492,Плохой
34493,Плохой
34494,Плохой
34495,Плохой
34520,Обычный
34521,Плохой
34522,Плохой
34523,Плохой
34524,Обычный
34525,Обычный
34526,Плохой
34527,Плохой
34544,Обычный
34545,Обычный
34546,Обычный
34547,Обычный
34548,Обычный
34549,Обычный
34550,Обычный
34551,Обычный
34560,Обычный
34561,Обычный
34562,Плохой
34563,Плохой
34564,Плохой
34565,Обычный
34566,Плохой
34567,Плохой
34648,Обычный
34649,Обычный
34650,Обычный
34651,Обычный
34652,Обычный
34653,Обычный
34654,Обычный
34655,Обычный
34680,Хороший
34681,Хороший
34682,Хороший
34683,Хороший
34684,Хороший
34685,Хороший
34686,Хороший
34687,Хороший
34728,Обычный
34729,Обычный
34730,Обычный
34731,Обычный
34732,Обычный
34733,Обычный
34734,Обычный
34735,Обычный
34744,Плохой
34745,Плохой
34746,Плохой
34747,Плохой
34748,Плохой
34749,Плохой
34750,Обычный
34751,Плохой
34752,Хороший
34753,Хороший
34754,Хороший
34755,Хороший
34756,Хороший
34757,Хороший
34758,Хороший
34759,Хороший
34776,Обычный
34777,Обычный
34778,Обычный
34779,Обычный
34780,Обычный
34781,Обычный
34782,Обычный
34783,Обычный
34792,Обычный
34793,Обычный
34794,Обычный
34795,Обычный
34796,Обычный
34797,Обычный
34798,Обычный
34799,Обычный
34808,Обычный
34809,Обычный
34810,Обычный
34811,Обычный
34812,Обычный
34813,Обычный
34814,Обычный
34815,Обычный
34864,Обычный
34865,Обычный
34866,Обычный
34867,Обычный
34868,Обычный
34869,Обычный
34870,Обычный
34871,Обычный
34880,Обычный
34881,Обычный
34882,Обычный
34883,Обычный
34884,Обычный
34885,Обычный
34886,Обычный
34887,Обычный
34888,Обычный
34889,Обычный
34890,Обычный
34891,Обычный
34892,Обычный
34893,Обычный
34894,Обычный
34895,Обычный
34944,Обычный
34945,Обычный
34946,Обычный
34947,Обычный
34948,Обычный
34949,Обычный
34950,Обычный
34951,Обычный
34976,Обычный
34977,Обычный
34978,Обычный
34979,Обычный
34980,Обычный
34981,Обычный
34982,Обычный
34983,Обычный
35056,Обычный
35057,Обычный
35058,Обычный
35059,Обычный
35060,Обычный
35061,Обычный
35062,Обычный
35063,Обычный
35080,Обычный
35081,Обычный
35082,Обычный
35083,Обычный
35084,Обычный
35085,Обычный
35086,Обычный
35087,Обычный
35096,Хороший
35097,Хороший
35098,Хороший
35099,Хороший
35100,Хороший
35101,Хороший
35102,Хороший
35103,Хороший
35120,Обычный
35121,Обычный
35122,Обычный
35123,Обычный
35124,Обычный
35125,Обычный
35126,Обычный
35127,Обычный
35136,Хороший
35137,Хороший
35138,Хороший
35139,Хороший
35140,Хороший
35141,Хороший
35142,Хороший
35143,Хороший
35144,Обычный
35145,Обычный
35146,Обычный
35147,Обычный
35148,Обычный
35149,Обычный
35150,Обычный
35151,Обычный
35152,Плохой
35153,Плохой
35154,Плохой
35155,Плохой
35156,Плохой
35157,Плохой
35158,Плохой
35159,Плохой
35168,Плохой
35169,Плохой
35170,Плохой
35171,Плохой
35172,Плохой
35173,Плохой
35174,Плохой
35175,Плохой
35200,Хороший
35201,Обычный
35202,Хороший
35203,Хороший
35204,Хороший
35205,Обычный
35206,Обычный
35207,Хороший
35208,Плохой
35209,Плохой
35210,Плохой
35211,Плохой
35212,Плохой
35213,Плохой
35214,Плохой
35215,Плохой
35280,Обычный
35281,Обычный
35282,Обычный
35283,Обычный
35284,Обычный
35285,Обычный
35286,Обычный
35287,Обычный
35304,Обычный
35305,Обычный
35306,Обычный
35307,Обычный
35308,Обычный
35309,Обычный
35310,Обычный
35311,Обычный
35320,Плохой
35321,Плохой
35322,Плохой
35323,Плохой
35324,Плохой
35325,Плохой
35326,Плохой
35327,Плохой
35336,Обычный
35337,Обычный
35338,Обычный
35339,Обычный
35340,Обычный
35341,Обычный
35342,Обычный
35343,Обычный
35344,Плохой
35345,Плохой
35346,Плохой
35347,Плохой
35348,Плохой
35349,Плохой
35350,Плохой
35351,Плохой
35376,Обычный
35377,Обычный
35378,Обычный
35379,Обычный
35380,Обычный
35381,Обычный
35382,Обычный
35383,Обычный
35384,Плохой
35385,Плохой
35386,Плохой
35387,Плохой
35388,Плохой
35389,Плохой
35390,Плохой
35391,Плохой
35392,Плохой
35393,Плохой
35394,Плохой
35395,Плохой
35396,Плохой
35397,Плохой
35398,Плохой
35399,Плохой
35488,Хороший
35489,Хороший
35490,Хороший
35491,Хороший
35492,Хороший
35493,Хороший
35494,Хороший
35495,Хороший
35512,Обычный
35513,Обычный
35514,Обычный
35515,Плохой
35516,Обычный
35517,Обычный
35518,Обычный
35519,Обычный
35528,Хороший
35529,Хороший
35530,Хороший
35531,Хороший
35532,Хороший
35533,Хороший
35534,Хороший
35535,Хороший
35552,Плохой
35553,Хороший
35554,Обычный
35555,Обычный
35556,Обычный
35557,Обычный
35558,Хороший
35559,Хороший
35576,Обычный
35577,Обычный
35578,Обычный
35579,Обычный
35580,Обычный
35581,Обычный
35582,Обычный
35583,Обычный
35608,Обычный
35609,Обычный
35610,Обычный
35611,Обычный
35612,Обычный
35613,Обычный
35614,Обычный
35615,Обычный
35624,Обычный
35625,Обычный
35626,Обычный
35627,Обычный
35628,Обычный
35629,Обычный
35630,Обычный
35631,Обычный
35648,Хороший
35649,Хороший
35650,Хороший
35651,Хороший
35652,Хороший
35653,Хороший
35654,Хороший
35655,Хороший
35688,Обычный
35689,Обычный
35690,Обычный
35691,Обычный
35692,Обычный
35693,Обычный
35694,Обычный
35695,Обычный
35696,Обычный
35697,Плохой
35698,Обычный
35699,Обычный
35700,Плохой
35701,Плохой
35702,Плохой
35703,Обычный
35744,Плохой
35745,Плохой
35746,Плохой
35747,Плохой
35748,Плохой
35749,Плохой
35750,Плохой
35751,Плохой
35808,Хороший
35809,Хороший
35810,Обычный
35811,Хороший
35812,Хороший
35813,Обычный
35814,Обычный
35815,Обычный
35840,Обычный
35841,Обычный
35842,Обычный
35843,Обычный
35844,Обычный
35845,Обычный
35846,Обычный
35847,Обычный
35864,Обычный
35865,Обычный
35866,Обычный
35867,Обычный
35868,Обычный
35869,Обычный
35870,Обычный
35871,Обычный
35896,Хороший
35897,Хороший
35898,Хороший
35899,Хороший
35900,Хороший
35901,Хороший
35902,Обычный
35903,Обычный
35912,Плохой
35913,Плохой
35914,Плохой
35915,Плохой
35916,Плохой
35917,Плохой
35918,Плохой
35919,Плохой
35960,Хороший
35961,Хороший
35962,Хороший
35963,Хороший
35964,Хороший
35965,Хороший
35966,Хороший
35967,Хороший
35968,Плохой
35969,Плохой
35970,Плохой
35971,Плохой
35972,Плохой
35973,Плохой
35974,Плохой
35975,Плохой
36000,Хороший
36001,Хороший
36002,Хороший
36003,Хороший
36004,Обычный
36005,Хороший
36006,Хороший
36007,Хороший
36016,Обычный
36017,Обычный
36018,Обычный
36019,Обычный
36020,Обычный
36021,Обычный
36022,Обычный
36023,Обычный
36040,Хороший
36041,Обычный
36042,Обычный
36043,Обычный
36044,Хороший
36045,Хороший
36046,Хороший
36047,Обычный
36056,Хороший
36057,Хороший
36058,Хороший
36059,Хороший
36060,Хороший
36061,Хороший
36062,Хороший
36063,Хороший
36080,Обычный
36081,Обычный
36082,Обычный
36083,Обычный
36084,Хороший
36085,Обычный
36086,Обычный
36087,Обычный
36104,Плохой
36105,Плохой
36106,Плохой
36107,Плохой
36108,Плохой
36109,Плохой
36110,Плохой
36111,Плохой
36128,Обычный
36129,Обычный
36130,Обычный
36131,Обычный
36132,Обычный
36133,Обычный
36134,Обычный
36135,Обычный
36160,Обычный
36161,Плохой
36162,Плохой
36163,Обычный
36164,Плохой
36165,Плохой
36166,Плохой
36167,Обычный
36176,Плохой
36177,Плохой
36178,Плохой
36179,Плохой
36180,Плохой
36181,Плохой
36182,Плохой
36183,Плохой
36200,Обычный
36201,Хороший
36202,Хороший
36203,Хороший
36204,Обычный
36205,Обычный
36206,Обычный
36207,Обычный
36208,Обычный
36209,Обычный
36210,Обычный
36211,Обычный
36212,Обычный
36213,Обычный
36214,Обычный
36215,Обычный
36216,Плохой
36217,Плохой
36218,Плохой
36219,Плохой
36220,Плохой
36221,Плохой
36222,Плохой
36223,Плохой
36272,Обычный
36273,Обычный
36274,Обычный
36275,Обычный
36276,Обычный
36277,Обычный
36278,Обычный
36279,Обычный
36320,Обычный
36321,Обычный
36322,Плохой
36323,Плохой
36324,Обычный
36325,Плохой
36326,Обычный
36327,Плохой
36336,Хороший
36337,Обычный
36338,Обычный
36339,Обычный
36340,Обычный
36341,Обычный
36342,Обычный
36343,Обычный
36352,Обычный
36353,Обычный
36354,Обычный
36355,Обычный
36356,Обычный
36357,Обычный
36358,Обычный
36359,Обычный
36368,Обычный
36369,Обычный
36370,Обычный
36371,Обычный
36372,Обычный
36373,Обычный
36374,Обычный
36375,Обычный
36376,Плохой
36377,Плохой
36378,Плохой
36379,Плохой
36380,Плохой
36381,Плохой
36382,Плохой
36383,Плохой
36472,Плохой
36473,Плохой
36474,Плохой
36475,Плохой
36476,Плохой
36477,Плохой
36478,Плохой
36479,Плохой
36512,Обычный
36513,Обычный
36514,Обычный
36515,Обычный
36516,Обычный
36517,Обычный
36518,Обычный
36519,Обычный
36520,Обычный
36521,Обычный
36522,Обычный
36523,Обычный
36524,Обычный
36525,Обычный
36526,Обычный
36527,Обычный
36528,Плохой
36529,Плохой
36530,Обычный
36531,Плохой
36532,Плохой
36533,Плохой
36534,Плохой
36535,Плохой
36552,Хороший
36553,Обычный
36554,Обычный
36555,Обычный
36556,Обычный
36557,Обычный
36558,Обычный
36559,Обычный
36560,Обычный
36561,Обычный
36562,Обычный
36563,Обычный
36564,Обычный
36565,Обычный
36566,Обычный
36567,Обычный
36592,Обычный
36593,Обычный
36594,Обычный
36595,Обычный
36596,Обычный
36597,Обычный
36598,Обычный
36599,Обычный
36600,Обычный
36601,Обычный
36602,Обычный
36603,Обычный
36604,Обычный
36605,Обычный
36606,Обычный
36607,Обычный
36624,Плохой
36625,Плохой
36626,Плохой
36627,Плохой
36628,Плохой
36629,Плохой
36630,Плохой
36631,Плохой
36656,Хороший
36657,Хороший
36658,Обычный
36659,Хороший
36660,Хороший
36661,Хороший
36662,Хороший
36663,Хороший
36664,Обычный
36665,Обычный
36666,Обычный
36667,Обычный
36668,Обычный
36669,Обычный
36670,Обычный
36671,Обычный
36696,Обычный
36697,Обычный
36698,Обычный
36699,Обычный
36700,Обычный
36701,Обычный
36702,Обычный
36703,Обычный
36720,Обычный
36721,Обычный
36722,Обычный
36723,Хороший
36724,Обычный
36725,Обычный
36726,Обычный
36727,Обычный
36728,Плохой
36729,Плохой
36730,Плохой
36731,Плохой
36732,Плохой
36733,Плохой
36734,Плохой
36735,Плохой
36752,Хороший
36753,Хороший
36754,Хороший
36755,Хороший
36756,Хороший
36757,Хороший
36758,Хороший
36759,Хороший
36768,Обычный
36769,Обычный
36770,Обычный
36771,Обычный
36772,Обычный
36773,Обычный
36774,Обычный
36775,Обычный
36808,Плохой
36809,Плохой
36810,Плохой
36811,Плохой
36812,Плохой
36813,Плохой
36814,Плохой
36815,Плохой
36824,Плохой
36825,Плохой
36826,Плохой
36827,Плохой
36828,Плохой
36829,Плохой
36830,Плохой
36831,Плохой
36840,Плохой
36841,Плохой
36842,Плохой
36843,Плохой
36844,Плохой
36845,Плохой
36846,Плохой
36847,Плохой
36872,Обычный
36873,Обычный
36874,Обычный
36875,Обычный
36876,Обычный
36877,Обычный
36878,Обычный
36879,Обычный
36880,Плохой
36881,Плохой
36882,Плохой
36883,Плохой
36884,Плохой
36885,Плохой
36886,Плохой
36887,Плохой
36912,Обычный
36913,Обычный
36914,Обычный
36915,Обычный
36916,Обычный
36917,Обычный
36918,Обычный
36919,Обычный
36952,Обычный
36953,Обычный
36954,Обычный
36955,Обычный
36956,Обычный
36957,Обычный
36958,Обычный
36959,Обычный
36960,Плохой
36961,Плохой
36962,Плохой
36963,Плохой
36964,Плохой
36965,Плохой
36966,Плохой
36967,Плохой
36968,Обычный
36969,Плохой
36970,Обычный
36971,Плохой
36972,Плохой
36973,Плохой
36974,Плохой
36975,Плохой
37000,Обычный
37001,Обычный
37002,Хороший
37003,Обычный
37004,Обычный
37005,Обычный
37006,Обычный
37007,Обычный
37064,Обычный
37065,Плохой
37066,Обычный
37067,Плохой
37068,Обычный
37069,Обычный
37070,Плохой
37071,Плохой
37072,Обычный
37073,Обычный
37074,Обычный
37075,Обычный
37076,Обычный
37077,Обычный
37078,Обычный
37079,Обычный
37088,Обычный
37089,Обычный
37090,Обычный
37091,Обычный
37092,Обычный
37093,Обычный
37094,Обычный
37095,Обычный
37104,Хороший
37105,Хороший
37106,Хороший
37107,Хороший
37108,Хороший
37109,Хороший
37110,Хороший
37111,Хороший
37128,Плохой
37129,Обычный
37130,Обычный
37131,Обычный
37132,Обычный
37133,Плохой
37134,Обычный
37135,Плохой
37136,Обычный
37137,Хороший
37138,Хороший
37139,Плохой
37140,Обычный
37141,Обычный
37142,Хороший
37143,Обычный
37152,Хороший
37153,Хороший
37154,Хороший
37155,Хороший
37156,Хороший
37157,Хороший
37158,Хороший
37159,Хороший
37160,Обычный
37161,Обычный
37162,Плохой
37163,Плохой
37164,Обычный
37165,Плохой
37166,Обычный
37167,Обычный
37200,Обычный
37201,Обычный
37202,Обычный
37203,Обычный
37204,Обычный
37205,Обычный
37206,Обычный
37207,Обычный
37208,Плохой
37209,Плохой
37210,Плохой
37211,Плохой
37212,Плохой
37213,Плохой
37214,Плохой
37215,Плохой
37232,Хороший
37233,Хороший
37234,Хороший
37235,Хороший
37236,Хороший
37237,Хороший
37238,Хороший
37239,Хороший
37256,Плохой
37257,Плохой
37258,Плохой
37259,Обычный
37260,Плохой
37261,Обычный
37262,Обычный
37263,Плохой
37280,Обычный
37281,Обычный
37282,Обычный
37283,Обычный
37284,Обычный
37285,Обычный
37286,Обычный
37287,Обычный
37304,Хороший
37305,Хороший
37306,Обычный
37307,Хороший
37308,Хороший
37309,Обычный
37310,Обычный
37311,Обычный
37352,Обычный
37353,Плохой
37354,Обычный
37355,Плохой
37356,Плохой
37357,Плохой
37358,Обычный
37359,Обычный
37376,Обычный
37377,Обычный
37378,Обычный
37379,Обычный
37380,Обычный
37381,Обычный
37382,Обычный
37383,Обычный
37392,Обычный
37393,Обычный
37394,Обычный
37395,Обычный
37396,Обычный
37397,Обычный
37398,Обычный
37399,Обычный
37424,Обычный
37425,Обычный
37426,Обычный
37427,Обычный
37428,Обычный
37429,Обычный
37430,Обычный
37431,Обычный
37432,Плохой
37433,Плохой
37434,Плохой
37435,Плохой
37436,Плохой
37437,Плохой
37438,Плохой
37439,Плохой
37472,Обычный
37473,Обычный
37474,Обычный
37475,Обычный
37476,Обычный
37477,Обычный
37478,Обычный
37479,Обычный
37544,Обычный
37545,Обычный
37546,Обычный
37547,Обычный
37548,Обычный
37549,Обычный
37550,Обычный
37551,Обычный
37568,Плохой
37569,Плохой
37570,Плохой
37571,Плохой
37572,Плохой
37573,Плохой
37574,Плохой
37575,Плохой
37576,Хороший
37577,Хороший
37578,Хороший
37579,Хороший
37580,Хороший
37581,Хороший
37582,Хороший
37583,Хороший
37592,Обычный
37593,Обычный
37594,Обычный
37595,Обычный
37596,Обычный
37597,Обычный
37598,Обычный
37599,Обычный
37656,Плохой
37657,Плохой
37658,Плохой
37659,Плохой
37660,Плохой
37661,Плохой
37662,Плохой
37663,Обычный
37672,Плохой
37673,Плохой
37674,Плохой
37675,Плохой
37676,Плохой
37677,Плохой
37678,Плохой
37679,Плохой
37696,Обычный
37697,Обычный
37698,Обычный
37699,Хороший
37700,Обычный
37701,Обычный
37702,Обычный
37703,Обычный
37704,Хороший
37705,Хороший
37706,Хороший
37707,Хороший
37708,Хороший
37709,Хороший
37710,Хороший
37711,Хороший
37712,Обычный
37713,Обычный
37714,Обычный
37715,Обычный
37716,Обычный
37717,Обычный
37718,Обычный
37719,Обычный
37736,Хороший
37737,Обычный
37738,Хороший
37739,Хороший
37740,Обычный
37741,Обычный
37742,Обычный
37743,Обычный
37752,Обычный
37753,Обычный
37754,Обычный
37755,Обычный
37756,Обычный
37757,Обычный
37758,Обычный
37759,Обычный
37768,Плохой
37769,Плохой
37770,Плохой
37771,Плохой
37772,Плохой
37773,Плохой
37774,Плохой
37775,Плохой
37784,Обычный
37785,Обычный
37786,Обычный
37787,Обычный
37788,Обычный
37789,Обычный
37790,Обычный
37791,Обычный
37792,Плохой
37793,Плохой
37794,Плохой
37795,Плохой
37796,Плохой
37797,Плохой
37798,Плохой
37799,Плохой
37816,Хороший
37817,Хороший
37818,Хороший
37819,Хороший
37820,Хороший
37821,Обычный
37822,Хороший
37823,Хороший
37848,Обычный
37849,Обычный
37850,Обычный
37851,Обычный
37852,Обычный
37853,Обычный
37854,Обычный
37855,Обычный
37872,Плохой
37873,Плохой
37874,Плохой
37875,Плохой
37876,Плохой
37877,Плохой
37878,Плохой
37879,Плохой
37880,Обычный
37881,Обычный
37882,Обычный
37883,Обычный
37884,Обычный
37885,Обычный
37886,Обычный
37887,Обычный
37896,Плохой
37897,Плохой
37898,Плохой
37899,Плохой
37900,Плохой
37901,Плохой
37902,Плохой
37903,Плохой
37928,Обычный
37929,Обычный
37930,Обычный
37931,Обычный
37932,Обычный
37933,Обычный
37934,Обычный
37935,Обычный
37952,Обычный
37953,Обычный
37954,Обычный
37955,Обычный
37956,Обычный
37957,Обычный
37958,Обычный
37959,Обычный
37960,Плохой
37961,Плохой
37962,Плохой
37963,Плохой
37964,Плохой
37965,Плохой
37966,Плохой
37967,Плохой
37976,Плохой
37977,Плохой
37978,Плохой
37979,Плохой
37980,Плохой
37981,Плохой
37982,Плохой
37983,Плохой
38000,Плохой
38001,Плохой
38002,Плохой
38003,Плохой
38004,Плохой
38005,Плохой
38006,Плохой
38007,Плохой
38008,Хороший
38009,Хороший
38010,Хороший
38011,Хороший
38012,Хороший
38013,Хороший
38014,Хороший
38015,Хороший
38016,Обычный
38017,Обычный
38018,Обычный
38019,Обычный
38020,Обычный
38021,Обычный
38022,Обычный
38023,Обычный
38024,Плохой
38025,Плохой
38026,Плохой
38027,Плохой
38028,Плохой
38029,Плохой
38030,Плохой
38031,Плохой
38040,Хороший
38041,Хороший
38042,Хороший
38043,Хороший
38044,Хороший
38045,Хороший
38046,Хороший
38047,Хороший
38080,Плохой
38081,Плохой
38082,Плохой
38083,Плохой
38084,Плохой
38085,Плохой
38086,Плохой
38087,Плохой
38168,Обычный
38169,Обычный
38170,Плохой
38171,Плохой
38172,Обычный
38173,Обычный
38174,Обычный
38175,Обычный
38200,Обычный
38201,Обычный
38202,Обычный
38203,Обычный
38204,Обычный
38205,Обычный
38206,Обычный
38207,Обычный
38208,Обычный
38209,Обычный
38210,Обычный
38211,Обычный
38212,Обычный
38213,Обычный
38214,Обычный
38215,Обычный
38224,Обычный
38225,Обычный
38226,Обычный
38227,Обычный
38228,Обычный
38229,Обычный
38230,Обычный
38231,Обычный
38232,Обычный
38233,Обычный
38234,Обычный
38235,Обычный
38236,Обычный
38237,Обычный
38238,Обычный
38239,Обычный
38256,Обычный
38257,Обычный
38258,Обычный
38259,Хороший
38260,Обычный
38261,Обычный
38262,Хороший
38263,Обычный
38264,Хороший
38265,Хороший
38266,Хороший
38267,Хороший
38268,Хороший
38269,Хороший
38270,Хороший
38271,Хороший
38288,Плохой
38289,Плохой
38290,Плохой
38291,Плохой
38292,Плохой
38293,Плохой
38294,Плохой
38295,Плохой
38304,Обычный
38305,Обычный
38306,Обычный
38307,Обычный
38308,Обычный
38309,Обычный
38310,Обычный
38311,Обычный
38320,Плохой
38321,Обычный
38322,Обычный
38323,Обычный
38324,Обычный
38325,Обычный
38326,Обычный
38327,Обычный
38336,Обычный
38337,Обычный
38338,Обычный
38339,Обычный
38340,Обычный
38341,Обычный
38342,Плохой
38343,Обычный
38344,Обычный
38345,Обычный
38346,Обычный
38347,Обычный
38348,Обычный
38349,Обычный
38350,Обычный
38351,Обычный
38360,Обычный
38361,Плохой
38362,Плохой
38363,Плохой
38364,Обычный
38365,Плохой
38366,Обычный
38367,Обычный
38368,Плохой
38369,Плохой
38370,Плохой
38371,Плохой
38372,Плохой
38373,Плохой
38374,Плохой
38375,Плохой
38376,Обычный
38377,Обычный
38378,Обычный
38379,Обычный
38380,Обычный
38381,Обычный
38382,Обычный
38383,Обычный
38408,Обычный
38409,Обычный
38410,Обычный
38411,Обычный
38412,Обычный
38413,Обычный
38414,Обычный
38415,Обычный
38416,Плохой
38417,Плохой
38418,Обычный
38419,Плохой
38420,Плохой
38421,Плохой
38422,Плохой
38423,Плохой
38424,Плохой
38425,Плохой
38426,Обычный
38427,Обычный
38428,Плохой
38429,Плохой
38430,Плохой
38431,Обычный
38432,Обычный
38433,Обычный
38434,Плохой
38435,Плохой
38436,Плохой
38437,Плохой
38438,Плохой
38439,Плохой
38448,Хороший
38449,Хороший
38450,Хороший
38451,Хороший
38452,Хороший
38453,Хороший
38454,Хороший
38455,Хороший
38480,Плохой
38481,Плохой
38482,Плохой
38483,Плохой
38484,Плохой
38485,Плохой
38486,Плохой
38487,Плохой
38488,Плохой
38489,Плохой
38490,Плохой
38491,Плохой
38492,Плохой
38493,Плохой
38494,Плохой
38495,Плохой
38504,Хороший
38505,Хороший
38506,Хороший
38507,Хороший
38508,Хороший
38509,Хороший
38510,Хороший
38511,Хороший
38552,Хороший
38553,Хороший
38554,Хороший
38555,Хороший
38556,Хороший
38557,Хороший
38558,Обычный
38559,Хороший
38584,Хороший
38585,Хороший
38586,Хороший
38587,Хороший
38588,Хороший
38589,Хороший
38590,Хороший
38591,Хороший
38640,Обычный
38641,Обычный
38642,Обычный
38643,Обычный
38644,Обычный
38645,Обычный
38646,Обычный
38647,Обычный
38760,Плохой
38761,Плохой
38762,Плохой
38763,Плохой
38764,Плохой
38765,Плохой
38766,Плохой
38767,Плохой
38776,Обычный
38777,Обычный
38778,Обычный
38779,Обычный
38780,Обычный
38781,Обычный
38782,Обычный
38783,Обычный
38792,Плохой
38793,Плохой
38794,Плохой
38795,Плохой
38796,Плохой
38797,Плохой
38798,Плохой
38799,Плохой
38832,Плохой
38833,Плохой
38834,Плохой
38835,Плохой
38836,Плохой
38837,Плохой
38838,Плохой
38839,Плохой
38856,Обычный
38857,Обычный
38858,Обычный
38859,Обычный
38860,Обычный
38861,Обычный
38862,Обычный
38863,Обычный
38888,Плохой
38889,Плохой
38890,Плохой
38891,Плохой
38892,Плохой
38893,Плохой
38894,Плохой
38895,Плохой
38904,Обычный
38905,Обычный
38906,Обычный
38907,Обычный
38908,Обычный
38909,Обычный
38910,Обычный
38911,Обычный
38912,Плохой
38913,Плохой
38914,Плохой
38915,Плохой
38916,Плохой
38917,Плохой
38918,Плохой
38919,Плохой
38944,Плохой
38945,Плохой
38946,Плохой
38947,Плохой
38948,Плохой
38949,Плохой
38950,Плохой
38951,Плохой
38952,Плохой
38953,Плохой
38954,Плохой
38955,Плохой
38956,Плохой
38957,Плохой
38958,Плохой
38959,Плохой
38968,Обычный
38969,Обычный
38970,Обычный
38971,Плохой
38972,Обычный
38973,Обычный
38974,Обычный
38975,Плохой
38976,Плохой
38977,Обычный
38978,Обычный
38979,Плохой
38980,Обычный
38981,Плохой
38982,Плохой
38983,Плохой
39000,Обычный
39001,Обычный
39002,Обычный
39003,Обычный
39004,Обычный
39005,Обычный
39006,Обычный
39007,Обычный
39064,Обычный
39065,Обычный
39066,Обычный
39067,Обычный
39068,Обычный
39069,Обычный
39070,Обычный
39071,Обычный
39072,Обычный
39073,Обычный
39074,Обычный
39075,Обычный
39076,Обычный
39077,Обычный
39078,Обычный
39079,Обычный
39080,Плохой
39081,Плохой
39082,Обычный
39083,Обычный
39084,Обычный
39085,Плохой
39086,Обычный
39087,Обычный
39192,Обычный
39193,Обычный
39194,Обычный
39195,Обычный
39196,Обычный
39197,Обычный
39198,Обычный
39199,Обычный
39208,Обычный
39209,Обычный
39210,Обычный
39211,Обычный
39212,Хороший
39213,Обычный
39214,Обычный
39215,Обычный
39216,Плохой
39217,Плохой
39218,Плохой
39219,Плохой
39220,Плохой
39221,Плохой
39222,Плохой
39223,Плохой
39248,Обычный
39249,Обычный
39250,Обычный
39251,Обычный
39252,Обычный
39253,Обычный
39254,Обычный
39255,Обычный
39264,Обычный
39265,Обычный
39266,Обычный
39267,Обычный
39268,Обычный
39269,Обычный
39270,Обычный
39271,Обычный
39304,Хороший
39305,Обычный
39306,Хороший
39307,Хороший
39308,Хороший
39309,Хороший
39310,Обычный
39311,Хороший
39328,Плохой
39329,Плохой
39330,Плохой
39331,Плохой
39332,Плохой
39333,Плохой
39334,Плохой
39335,Обычный
39336,Плохой
39337,Плохой
39338,Плохой
39339,Плохой
39340,Плохой
39341,Плохой
39342,Плохой
39343,Плохой
39344,Обычный
39345,Обычный
39346,Обычный
39347,Обычный
39348,Обычный
39349,Обычный
39350,Обычный
39351,Обычный
39352,Обычный
39353,Хороший
39354,Хороший
39355,Хороший
39356,Обычный
39357,Хороший
39358,Хороший
39359,Хороший
39392,Обычный
39393,Обычный
39394,Обычный
39395,Обычный
39396,Обычный
39397,Обычный
39398,Обычный
39399,Плохой
39448,Плохой
39449,Обычный
39450,Обычный
39451,Обычный
39452,Обычный
39453,Обычный
39454,Обычный
39455,Обычный
39480,Плохой
39481,Плохой
39482,Плохой
39483,Плохой
39484,Плохой
39485,Плохой
39486,Плохой
39487,Плохой
39528,Обычный
39529,Обычный
39530,Обычный
39531,Обычный
39532,Обычный
39533,Обычный
39534,Обычный
39535,Обычный
39536,Обычный
39537,Обычный
39538,Обычный
39539,Обычный
39540,Обычный
39541,Обычный
39542,Обычный
39543,Обычный
39552,Обычный
39553,Обычный
39554,Хороший
39555,Обычный
39556,Обычный
39557,Обычный
39558,Обычный
39559,Обычный
39568,Обычный
39569,Обычный
39570,Обычный
39571,Обычный
39572,Обычный
39573,Обычный
39574,Обычный
39575,Обычный
39576,Обычный
39577,Обычный
39578,Обычный
39579,Обычный
39580,Обычный
39581,Обычный
39582,Обычный
39583,Обычный
39608,Хороший
39609,Хороший
39610,Хороший
39611,Хороший
39612,Хороший
39613,Хороший
39614,Хороший
39615,Хороший
39656,Хороший
39657,Хороший
39658,Хороший
39659,Обычный
39660,Хороший
39661,Хороший
39662,Хороший
39663,Хороший
39680,Обычный
39681,Плохой
39682,Плохой
39683,Обычный
39684,Обычный
39685,Плохой
39686,Плохой
39687,Плохой
39688,Обычный
39689,Обычный
39690,Обычный
39691,Обычный
39692,Обычный
39693,Обычный
39694,Обычный
39695,Обычный
39696,Обычный
39697,Обычный
39698,Обычный
39699,Обычный
39700,Обычный
39701,Обычный
39702,Обычный
39703,Обычный
39800,Хороший
39801,Хороший
39802,Хороший
39803,Хороший
39804,Обычный
39805,Хороший
39806,Хороший
39807,Хороший
39848,Плохой
39849,Обычный
39850,Плохой
39851,Обычный
39852,Плохой
39853,Плохой
39854,Плохой
39855,Плохой
39880,Плохой
39881,Плохой
39882,Плохой
39883,Плохой
39884,Плохой
39885,Плохой
39886,Плохой
39887,Плохой
39944,Плохой
39945,Плохой
39946,Плохой
39947,Плохой
39948,Плохой
39949,Плохой
39950,Плохой
39951,Плохой
39952,Обычный
39953,Обычный
39954,Обычный
39955,Обычный
39956,Обычный
39957,Обычный
39958,Обычный
39959,Обычный
39968,Плохой
39969,Плохой
39970,Плохой
39971,Плохой
39972,Плохой
39973,Плохой
39974,Плохой
39975,Плохой
39992,Обычный
39993,Обычный
39994,Обычный
39995,Обычный
39996,Обычный
39997,Обычный
39998,Обычный
39999,Обычный
40000,Обычный
40001,Обычный
40002,Обычный
40003,Обычный
40004,Обычный
40005,Обычный
40006,Обычный
40007,Обычный
40032,Обычный
40033,Обычный
40034,Обычный
40035,Обычный
40036,Обычный
40037,Обычный
40038,Обычный
40039,Обычный
40048,Обычный
40049,Обычный
40050,Обычный
40051,Обычный
40052,Обычный
40053,Обычный
40054,Обычный
40055,Обычный
40112,Обычный
40113,Плохой
40114,Плохой
40115,Плохой
40116,Обычный
40117,Плохой
40118,Плохой
40119,Плохой
40120,Плохой
40121,Плохой
40122,Плохой
40123,Плохой
40124,Плохой
40125,Плохой
40126,Плохой
40127,Плохой
40160,Обычный
40161,Обычный
40162,Обычный
40163,Обычный
40164,Обычный
40165,Обычный
40166,Обычный
40167,Обычный
40192,Плохой
40193,Плохой
40194,Плохой
40195,Плохой
40196,Плохой
40197,Плохой
40198,Плохой
40199,Плохой
40240,Обычный
40241,Обычный
40242,Обычный
40243,Обычный
40244,Обычный
40245,Обычный
40246,Обычный
40247,Обычный
40248,Плохой
40249,Плохой
40250,Плохой
40251,Плохой
40252,Плохой
40253,Плохой
40254,Плохой
40255,Плохой
40288,Хороший
40289,Хороший
40290,Хороший
40291,Хороший
40292,Хороший
40293,Хороший
40294,Хороший
40295,Хороший
40328,Хороший
40329,Хороший
40330,Обычный
40331,Хороший
40332,Хороший
40333,Хороший
40334,Хороший
40335,Хороший
40344,Обычный
40345,Обычный
40346,Обычный
40347,Обычный
40348,Обычный
40349,Обычный
40350,Обычный
40351,Обычный
40392,Обычный
40393,Обычный
40394,Обычный
40395,Обычный
40396,Обычный
40397,Обычный
40398,Обычный
40399,Обычный
40408,Обычный
40409,Обычный
40410,Обычный
40411,Обычный
40412,Обычный
40413,Обычный
40414,Обычный
40415,Обычный
40424,Обычный
40425,Обычный
40426,Обычный
40427,Обычный
40428,Обычный
40429,Обычный
40430,Обычный
40431,Обычный
40440,Обычный
40441,Хороший
40442,Хороший
40443,Обычный
40444,Обычный
40445,Хороший
40446,Хороший
40447,Обычный
40448,Обычный
40449,Плохой
40450,Плохой
40451,Обычный
40452,Обычный
40453,Плохой
40454,Плохой
40455,Плохой
40464,Плохой
40465,Плохой
40466,Плохой
40467,Плохой
40468,Плохой
40469,Плохой
40470,Плохой
40471,Плохой
40488,Обычный
40489,Хороший
40490,Хороший
40491,Обычный
40492,Обычный
40493,Хороший
40494,Обычный
40495,Хороший
40552,Плохой
40553,Плохой
40554,Плохой
40555,Плохой
40556,Плохой
40557,Плохой
40558,Плохой
40559,Плохой
40592,Хороший
40593,Хороший
40594,Хороший
40595,Хороший
40596,Хороший
40597,Хороший
40598,Хороший
40599,Хороший
40600,Обычный
40601,Обычный
40602,Обычный
40603,Обычный
40604,Обычный
40605,Обычный
40606,Обычный
40607,Обычный
40672,Обычный
40673,Хороший
40674,Обычный
40675,Хороший
40676,Хороший
40677,Обычный
40678,Обычный
40679,Хороший
40688,Плохой
40689,Плохой
40690,Плохой
40691,Плохой
40692,Плохой
40693,Плохой
40694,Плохой
40695,Плохой
40712,Хороший
40713,Обычный
40714,Хороший
40715,Хороший
40716,Хороший
40717,Хороший
40718,Обычный
40719,Хороший
40728,Обычный
40729,Обычный
40730,Обычный
40731,Обычный
40732,Обычный
40733,Обычный
40734,Обычный
40735,Обычный
40736,Плохой
40737,Плохой
40738,Плохой
40739,Плохой
40740,Плохой
40741,Плохой
40742,Плохой
40743,Плохой
40760,Хороший
40761,Хороший
40762,Хороший
40763,Хороший
40764,Хороший
40765,Хороший
40766,Хороший
40767,Хороший
40768,Обычный
40769,Обычный
40770,Обычный
40771,Обычный
40772,Обычный
40773,Обычный
40774,Обычный
40775,Обычный
40776,Обычный
40777,Хороший
40778,Обычный
40779,Обычный
40780,Обычный
40781,Хороший
40782,Обычный
40783,Хороший
40784,Обычный
40785,Плохой
40786,Плохой
40787,Плохой
40788,Плохой
40789,Плохой
40790,Плохой
40791,Плохой
40824,Плохой
40825,Плохой
40826,Плохой
40827,Плохой
40828,Плохой
40829,Плохой
40830,Плохой
40831,Плохой
40832,Обычный
40833,Обычный
40834,Обычный
40835,Обычный
40836,Обычный
40837,Обычный
40838,Обычный
40839,Обычный
40864,Плохой
40865,Плохой
40866,Плохой
40867,Плохой
40868,Плохой
40869,Плохой
40870,Плохой
40871,Плохой
40872,Обычный
40873,Обычный
40874,Обычный
40875,Обычный
40876,Обычный
40877,Плохой
40878,Плохой
40879,Обычный
40888,Плохой
40889,Плохой
40890,Плохой
40891,Плохой
40892,Плохой
40893,Плохой
40894,Плохой
40895,Плохой
40896,Хороший
40897,Хороший
40898,Хороший
40899,Хороший
40900,Хороший
40901,Хороший
40902,Хороший
40903,Хороший
40904,Обычный
40905,Обычный
40906,Обычный
40907,Обычный
40908,Обычный
40909,Обычный
40910,Обычный
40911,Обычный
40912,Обычный
40913,Обычный
40914,Обычный
40915,Обычный
40916,Обычный
40917,Обычный
40918,Обычный
40919,Обычный
40936,Обычный
40937,Обычный
40938,Обычный
40939,Обычный
40940,Обычный
40941,Обычный
40942,Обычный
40943,Обычный
40960,Плохой
40961,Плохой
40962,Плохой
40963,Плохой
40964,Плохой
40965,Плохой
40966,Плохой
40967,Плохой
40984,Хороший
40985,Хороший
40986,Хороший
40987,Обычный
40988,Хороший
40989,Хороший
40990,Хороший
40991,Хороший
40992,Плохой
40993,Плохой
40994,Плохой
40995,Плохой
40996,Плохой
40997,Плохой
40998,Плохой
40999,Плохой
41000,Плохой
41001,Обычный
41002,Обычный
41003,Плохой
41004,Плохой
41005,Обычный
41006,Обычный
41007,Плохой
41008,Плохой
41009,Плохой
41010,Плохой
41011,Плохой
41012,Плохой
41013,Плохой
41014,Плохой
41015,Плохой
41016,Плохой
41017,Плохой
41018,Плохой
41019,Плохой
41020,Плохой
41021,Обычный
41022,Плохой
41023,Обычный
41032,Обычный
41033,Обычный
41034,Обычный
41035,Обычный
41036,Обычный
41037,Обычный
41038,Обычный
41039,Обычный
41048,Хороший
41049,Хороший
41050,Хороший
41051,Хороший
41052,Хороший
41053,Хороший
41054,Хороший
41055,Хороший
41072,Обычный
41073,Обычный
41074,Обычный
41075,Обычный
41076,Обычный
41077,Обычный
41078,Обычный
41079,Обычный
41088,Обычный
41089,Обычный
41090,Обычный
41091,Обычный
41092,Обычный
41093,Обычный
41094,Обычный
41095,Обычный
41096,Обычный
41097,Обычный
41098,Обычный
41099,Обычный
41100,Обычный
41101,Обычный
41102,Обычный
41103,Обычный
41120,Обычный
41121,Плохой
41122,Плохой
41123,Плохой
41124,Плохой
41125,Плохой
41126,Обычный
41127,Обычный
41128,Обычный
41129,Обычный
41130,Обычный
41131,Обычный
41132,Обычный
41133,Обычный
41134,Обычный
41135,Обычный
41136,Обычный
41137,Обычный
41138,Обычный
41139,Обычный
41140,Обычный
41141,Обычный
41142,Обычный
41143,Обычный
41152,Плохой
41153,Плохой
41154,Плохой
41155,Плохой
41156,Плохой
41157,Плохой
41158,Плохой
41159,Плохой
41160,Обычный
41161,Обычный
41162,Обычный
41163,Обычный
41164,Обычный
41165,Обычный
41166,Обычный
41167,Обычный
41168,Обычный
41169,Обычный
41170,Обычный
41171,Обычный
41172,Обычный
41173,Обычный
41174,Обычный
41175,Обычный
41184,Обычный
41185,Плохой
41186,Плохой
41187,Обычный
41188,Плохой
41189,Плохой
41190,Плохой
41191,Плохой
41192,Плохой
41193,Плохой
41194,Плохой
41195,Плохой
41196,Плохой
41197,Плохой
41198,Обычный
41199,Плохой
41208,Обычный
41209,Обычный
41210,Обычный
41211,Обычный
41212,Обычный
41213,Обычный
41214,Обычный
41215,Обычный
41248,Плохой
41249,Плохой
41250,Плохой
41251,Обычный
41252,Плохой
41253,Плохой
41254,Плохой
41255,Плохой
41256,Плохой
41257,Обычный
41258,Обычный
41259,Обычный
41260,Обычный
41261,Плохой
41262,Плохой
41263,Обычный
41264,Обычный
41265,Обычный
41266,Обычный
41267,Обычный
41268,Обычный
41269,Обычный
41270,Обычный
41271,Обычный
41272,Обычный
41273,Обычный
41274,Обычный
41275,Обычный
41276,Обычный
41277,Обычный
41278,Обычный
41279,Обычный
41296,Хороший
41297,Хороший
41298,Хороший
41299,Хороший
41300,Хороший
41301,Хороший
41302,Хороший
41303,Хороший
41312,Обычный
41313,Обычный
41314,Обычный
41315,Обычный
41316,Обычный
41317,Обычный
41318,Обычный
41319,Плохой
41320,Обычный
41321,Обычный
41322,Обычный
41323,Обычный
41324,Обычный
41325,Обычный
41326,Обычный
41327,Обычный
41328,Обычный
41329,Обычный
41330,Обычный
41331,Плохой
41332,Обычный
41333,Обычный
41334,Плохой
41335,Обычный
41360,Обычный
41361,Обычный
41362,Обычный
41363,Обычный
41364,Обычный
41365,Обычный
41366,Обычный
41367,Обычный
41368,Обычный
41369,Обычный
41370,Обычный
41371,Обычный
41372,Обычный
41373,Обычный
41374,Обычный
41375,Обычный
41400,Обычный
41401,Обычный
41402,Обычный
41403,Обычный
41404,Обычный
41405,Обычный
41406,Обычный
41407,Обычный
41408,Обычный
41409,Обычный
41410,Обычный
41411,Хороший
41412,Хороший
41413,Обычный
41414,Хороший
41415,Хороший
41440,Плохой
41441,Плохой
41442,Плохой
41443,Плохой
41444,Плохой
41445,Плохой
41446,Плохой
41447,Плохой
41464,Хороший
41465,Хороший
41466,Хороший
41467,Обычный
41468,Хороший
41469,Хороший
41470,Хороший
41471,Хороший
41496,Обычный
41497,Обычный
41498,Обычный
41499,Обычный
41500,Обычный
41501,Обычный
41502,Обычный
41503,Обычный
41520,Обычный
41521,Обычный
41522,Обычный
41523,Обычный
41524,Обычный
41525,Плохой
41526,Плохой
41527,Плохой
41528,Обычный
41529,Обычный
41530,Обычный
41531,Обычный
41532,Обычный
41533,Обычный
41534,Обычный
41535,Обычный
41560,Обычный
41561,Обычный
41562,Обычный
41563,Обычный
41564,Обычный
41565,Обычный
41566,Обычный
41567,Обычный
41584,Обычный
41585,Обычный
41586,Обычный
41587,Обычный
41588,Обычный
41589,Обычный
41590,Обычный
41591,Обычный
41632,Обычный
41633,Обычный
41634,Обычный
41635,Обычный
41636,Обычный
41637,Обычный
41638,Обычный
41639,Обычный
41648,Обычный
41649,Обычный
41650,Обычный
41651,Обычный
41652,Обычный
41653,Обычный
41654,Обычный
41655,Обычный
41656,Хороший
41657,Хороший
41658,Хороший
41659,Хороший
41660,Хороший
41661,Хороший
41662,Хороший
41663,Хороший
41688,Обычный
41689,Обычный
41690,Хороший
41691,Обычный
41692,Хороший
41693,Обычный
41694,Хороший
41695,Обычный
41704,Обычный
41705,Обычный
41706,Обычный
41707,Обычный
41708,Обычный
41709,Обычный
41710,Обычный
41711,Обычный
41712,Хороший
41713,Хороший
41714,Хороший
41715,Хороший
41716,Хороший
41717,Хороший
41718,Хороший
41719,Хороший
41736,Плохой
41737,Плохой
41738,Плохой
41739,Плохой
41740,Плохой
41741,Плохой
41742,Плохой
41743,Плохой
41744,Обычный
41745,Обычный
41746,Плохой
41747,Обычный
41748,Обычный
41749,Плохой
41750,Обычный
41751,Обычный
41760,Обычный
41761,Обычный
41762,Обычный
41763,Обычный
41764,Обычный
41765,Обычный
41766,Обычный
41767,Обычный
41792,Обычный
41793,Обычный
41794,Обычный
41795,Обычный
41796,Обычный
41797,Обычный
41798,Обычный
41799,Обычный
41824,Хороший
41825,Хороший
41826,Хороший
41827,Хороший
41828,Хороший
41829,Хороший
41830,Хороший
41831,Обычный
41832,Плохой
41833,Плохой
41834,Плохой
41835,Плохой
41836,Плохой
41837,Плохой
41838,Плохой
41839,Плохой
41896,Плохой
41897,Плохой
41898,Плохой
41899,Плохой
41900,Плохой
41901,Плохой
41902,Плохой
41903,Плохой
41904,Обычный
41905,Обычный
41906,Обычный
41907,Обычный
41908,Обычный
41909,Обычный
41910,Обычный
41911,Обычный
41912,Обычный
41913,Обычный
41914,Обычный
41915,Обычный
41916,Обычный
41917,Обычный
41918,Обычный
41919,Обычный
41920,Обычный
41921,Обычный
41922,Обычный
41923,Обычный
41924,Обычный
41925,Обычный
41926,Обычный
41927,Обычный
41944,Обычный
41945,Обычный
41946,Обычный
41947,Обычный
41948,Обычный
41949,Обычный
41950,Обычный
41951,Обычный
41984,Плохой
41985,Плохой
41986,Плохой
41987,Плохой
41988,Плохой
41989,Плохой
41990,Плохой
41991,Плохой
42008,Обычный
42009,Обычный
42010,Обычный
42011,Обычный
42012,Обычный
42013,Обычный
42014,Обычный
42015,Обычный
42016,Плохой
42017,Плохой
42018,Плохой
42019,Плохой
42020,Плохой
42021,Обычный
42022,Обычный
42023,Плохой
42024,Плохой
42025,Плохой
42026,Плохой
42027,Плохой
42028,Плохой
42029,Плохой
42030,Плохой
42031,Плохой
42048,Обычный
42049,Обычный
42050,Обычный
42051,Обычный
42052,Обычный
42053,Обычный
42054,Обычный
42055,Обычный
42112,Хороший
42113,Хороший
42114,Хороший
42115,Обычный
42116,Обычный
42117,Обычный
42118,Обычный
42119,Обычный
42120,Плохой
42121,Плохой
42122,Плохой
42123,Плохой
42124,Плохой
42125,Плохой
42126,Плохой
42127,Плохой
42144,Плохой
42145,Плохой
42146,Плохой
42147,Плохой
42148,Плохой
42149,Плохой
42150,Плохой
42151,Плохой
42152,Обычный
42153,Обычный
42154,Обычный
42155,Обычный
42156,Обычный
42157,Обычный
42158,Обычный
42159,Обычный
42160,Обычный
42161,Обычный
42162,Обычный
42163,Обычный
42164,Обычный
42165,Обычный
42166,Обычный
42167,Обычный
42184,Обычный
42185,Обычный
42186,Обычный
42187,Обычный
42188,Обычный
42189,Обычный
42190,Обычный
42191,Обычный
42200,Обычный
42201,Обычный
42202,Обычный
42203,Обычный
42204,Обычный
42205,Обычный
42206,Обычный
42207,Обычный
42248,Обычный
42249,Обычный
42250,Обычный
42251,Обычный
42252,Обычный
42253,Обычный
42254,Обычный
42255,Обычный
42264,Обычный
42265,Плохой
42266,Обычный
42267,Плохой
42268,Плохой
42269,Плохой
42270,Плохой
42271,Обычный
42288,Обычный
42289,Обычный
42290,Плохой
42291,Обычный
42292,Плохой
42293,Обычный
42294,Обычный
42295,Плохой
42296,Хороший
42297,Хороший
42298,Хороший
42299,Хороший
42300,Хороший
42301,Хороший
42302,Хороший
42303,Хороший
42328,Обычный
42329,Обычный
42330,Обычный
42331,Обычный
42332,Обычный
42333,Обычный
42334,Обычный
42335,Обычный
42368,Хороший
42369,Хороший
42370,Хороший
42371,Хороший
42372,Хороший
42373,Хороший
42374,Хороший
42375,Хороший
42376,Хороший
42377,Хороший
42378,Хороший
42379,Плохой
42380,Хороший
42381,Хороший
42382,Хороший
42383,Плохой
42392,Хороший
42393,Хороший
42394,Хороший
42395,Хороший
42396,Хороший
42397,Хороший
42398,Хороший
42399,Хороший
42408,Плохой
42409,Плохой
42410,Плохой
42411,Плохой
42412,Плохой
42413,Плохой
42414,Плохой
42415,Плохой
42416,Хороший
42417,Хороший
42418,Хороший
42419,Хороший
42420,Хороший
42421,Хороший
42422,Хороший
42423,Обычный
42424,Обычный
42425,Обычный
42426,Обычный
42427,Обычный
42428,Обычный
42429,Обычный
42430,Обычный
42431,Обычный
42464,Обычный
42465,Обычный
42466,Обычный
42467,Обычный
42468,Плохой
42469,Обычный
42470,Обычный
42471,Обычный
42472,Хороший
42473,Хороший
42474,Хороший
42475,Хороший
42476,Хороший
42477,Хороший
42478,Хороший
42479,Хороший
42520,Плохой
42521,Плохой
42522,Плохой
42523,Плохой
42524,Плохой
42525,Плохой
42526,Плохой
42527,Плохой
42544,Обычный
42545,Обычный
42546,Обычный
42547,Обычный
42548,Обычный
42549,Обычный
42550,Обычный
42551,Обычный
42560,Обычный
42561,Хороший
42562,Хороший
42563,Хороший
42564,Хороший
42565,Хороший
42566,Хороший
42567,Обычный
42568,Хороший
42569,Хороший
42570,Хороший
42571,Хороший
42572,Хороший
42573,Хороший
42574,Хороший
42575,Хороший
42616,Обычный
42617,Обычный
42618,Обычный
42619,Обычный
42620,Обычный
42621,Обычный
42622,Обычный
42623,Обычный
42632,Хороший
42633,Хороший
42634,Хороший
42635,Хороший
42636,Хороший
42637,Хороший
42638,Хороший
42639,Хороший
42640,Плохой
42641,Плохой
42642,Плохой
42643,Плохой
42644,Обычный
42645,Обычный
42646,Обычный
42647,Плохой
42648,Обычный
42649,Обычный
42650,Обычный
42651,Обычный
42652,Обычный
42653,Обычный
42654,Обычный
42655,Обычный
42656,Обычный
42657,Обычный
42658,Обычный
42659,Обычный
42660,Обычный
42661,Обычный
42662,Обычный
42663,Обычный
42664,Плохой
42665,Плохой
42666,Плохой
42667,Плохой
42668,Плохой
42669,Плохой
42670,Плохой
42671,Плохой
42672,Плохой
42673,Плохой
42674,Плохой
42675,Плохой
42676,Плохой
42677,Плохой
42678,Плохой
42679,Плохой
42680,Плохой
42681,Плохой
42682,Плохой
42683,Плохой
42684,Плохой
42685,Плохой
42686,Плохой
42687,Плохой
42808,Хороший
42809,Хороший
42810,Хороший
42811,Хороший
42812,Хороший
42813,Хороший
42814,Хороший
42815,Хороший
42824,Обычный
42825,Обычный
42826,Обычный
42827,Обычный
42828,Обычный
42829,Обычный
42830,Обычный
42831,Обычный
42888,Обычный
42889,Обычный
42890,Обычный
42891,Обычный
42892,Обычный
42893,Обычный
42894,Обычный
42895,Обычный
42904,Плохой
42905,Плохой
42906,Плохой
42907,Плохой
42908,Плохой
42909,Плохой
42910,Плохой
42911,Плохой
42928,Обычный
42929,Обычный
42930,Обычный
42931,Обычный
42932,Обычный
42933,Обычный
42934,Обычный
42935,Обычный
42936,Хороший
42937,Хороший
42938,Хороший
42939,Хороший
42940,Хороший
42941,Хороший
42942,Хороший
42943,Хороший
42952,Хороший
42953,Хороший
42954,Хороший
42955,Хороший
42956,Хороший
42957,Хороший
42958,Хороший
42959,Хороший
43016,Плохой
43017,Плохой
43018,Плохой
43019,Плохой
43020,Плохой
43021,Плохой
43022,Плохой
43023,Плохой
43040,Обычный
43041,Обычный
43042,Обычный
43043,Обычный
43044,Обычный
43045,Обычный
43046,Обычный
43047,Обычный
43048,Обычный
43049,Обычный
43050,Обычный
43051,Обычный
43052,Обычный
43053,Обычный
43054,Обычный
43055,Обычный
43072,Обычный
43073,Плохой
43074,Плохой
43075,Плохой
43076,Плохой
43077,Плохой
43078,Плохой
43079,Плохой
43088,Обычный
43089,Плохой
43090,Плохой
43091,Плохой
43092,Плохой
43093,Плохой
43094,Плохой
43095,Плохой
43104,Обычный
43105,Обычный
43106,Обычный
43107,Обычный
43108,Обычный
43109,Обычный
43110,Обычный
43111,Обычный
43120,Обычный
43121,Обычный
43122,Обычный
43123,Обычный
43124,Обычный
43125,Обычный
43126,Обычный
43127,Обычный
43152,Обычный
43153,Обычный
43154,Обычный
43155,Обычный
43156,Обычный
43157,Обычный
43158,Обычный
43159,Обычный
43160,Обычный
43161,Обычный
43162,Обычный
43163,Обычный
43164,Обычный
43165,Обычный
43166,Обычный
43167,Обычный
43184,Обычный
43185,Обычный
43186,Обычный
43187,Обычный
43188,Обычный
43189,Обычный
43190,Обычный
43191,Обычный
43200,Плохой
43201,Плохой
43202,Плохой
43203,Плохой
43204,Плохой
43205,Плохой
43206,Плохой
43207,Обычный
43208,Обычный
43209,Обычный
43210,Обычный
43211,Обычный
43212,Обычный
43213,Обычный
43214,Обычный
43215,Обычный
43216,Обычный
43217,Обычный
43218,Обычный
43219,Обычный
43220,Обычный
43221,Обычный
43222,Плохой
43223,Плохой
43288,Хороший
43289,Хороший
43290,Хороший
43291,Хороший
43292,Обычный
43293,Хороший
43294,Обычный
43295,Обычный
43296,Плохой
43297,Плохой
43298,Плохой
43299,Плохой
43300,Плохой
43301,Плохой
43302,Плохой
43303,Плохой
43312,Обычный
43313,Обычный
43314,Обычный
43315,Обычный
43316,Обычный
43317,Обычный
43318,Обычный
43319,Обычный
43320,Обычный
43321,Обычный
43322,Обычный
43323,Обычный
43324,Обычный
43325,Обычный
43326,Обычный
43327,Обычный
43328,Обычный
43329,Обычный
43330,Обычный
43331,Обычный
43332,Обычный
43333,Обычный
43334,Обычный
43335,Обычный
43344,Обычный
43345,Обычный
43346,Обычный
43347,Обычный
43348,Обычный
43349,Обычный
43350,Обычный
43351,Обычный
43352,Плохой
43353,Плохой
43354,Плохой
43355,Плохой
43356,Плохой
43357,Плохой
43358,Плохой
43359,Плохой
43384,Обычный
43385,Обычный
43386,Обычный
43387,Обычный
43388,Обычный
43389,Обычный
43390,Обычный
43391,Обычный
43456,Обычный
43457,Обычный
43458,Обычный
43459,Обычный
43460,Обычный
43461,Обычный
43462,Обычный
43463,Обычный
43472,Обычный
43473,Обычный
43474,Обычный
43475,Обычный
43476,Обычный
43477,Обычный
43478,Обычный
43479,Обычный
43480,Хороший
43481,Хороший
43482,Хороший
43483,Хороший
43484,Хороший
43485,Хороший
43486,Хороший
43487,Хороший
43488,Плохой
43489,Плохой
43490,Плохой
43491,Плохой
43492,Плохой
43493,Плохой
43494,Плохой
43495,Плохой
43520,Хороший
43521,Хороший
43522,Хороший
43523,Хороший
43524,Хороший
43525,Хороший
43526,Хороший
43527,Хороший
43544,Хороший
43545,Хороший
43546,Хороший
43547,Хороший
43548,Хороший
43549,Хороший
43550,Хороший
43551,Хороший
43552,Плохой
43553,Плохой
43554,Плохой
43555,Плохой
43556,Плохой
43557,Плохой
43558,Плохой
43559,Плохой
43576,Обычный
43577,Плохой
43578,Плохой
43579,Обычный
43580,Плохой
43581,Плохой
43582,Обычный
43583,Плохой
43584,Обычный
43585,Обычный
43586,Обычный
43587,Обычный
43588,Обычный
43589,Обычный
43590,Обычный
43591,Обычный
43608,Плохой
43609,Плохой
43610,Плохой
43611,Плохой
43612,Обычный
43613,Обычный
43614,Плохой
43615,Плохой
43616,Обычный
43617,Обычный
43618,Обычный
43619,Обычный
43620,Обычный
43621,Обычный
43622,Обычный
43623,Обычный
43624,Хороший
43625,Обычный
43626,Хороший
43627,Обычный
43628,Плохой
43629,Хороший
43630,Хороший
43631,Хороший
43632,Хороший
43633,Обычный
43634,Хороший
43635,Хороший
43636,Хороший
43637,Обычный
43638,Хороший
43639,Обычный
43640,Обычный
43641,Обычный
43642,Обычный
43643,Плохой
43644,Обычный
43645,Обычный
43646,Обычный
43647,Плохой
43656,Плохой
43657,Плохой
43658,Плохой
43659,Плохой
43660,Плохой
43661,Плохой
43662,Плохой
43663,Плохой
43672,Обычный
43673,Обычный
43674,Обычный
43675,Обычный
43676,Обычный
43677,Обычный
43678,Обычный
43679,Обычный
43696,Плохой
43697,Плохой
43698,Плохой
43699,Плохой
43700,Плохой
43701,Плохой
43702,Плохой
43703,Плохой
43704,Обычный
43705,Хороший
43706,Хороший
43707,Обычный
43708,Хороший
43709,Обычный
43710,Обычный
43711,Обычный
43728,Плохой
43729,Плохой
43730,Плохой
43731,Плохой
43732,Плохой
43733,Плохой
43734,Плохой
43735,Плохой
43736,Хороший
43737,Обычный
43738,Обычный
43739,Хороший
43740,Обычный
43741,Хороший
43742,Хороший
43743,Хороший
43752,Плохой
43753,Плохой
43754,Плохой
43755,Плохой
43756,Плохой
43757,Плохой
43758,Плохой
43759,Плохой
43760,Хороший
43761,Хороший
43762,Хороший
43763,Хороший
43764,Хороший
43765,Хороший
43766,Хороший
43767,Хороший
43792,Плохой
43793,Плохой
43794,Плохой
43795,Плохой
43796,Плохой
43797,Плохой
43798,Плохой
43799,Плохой
43816,Обычный
43817,Обычный
43818,Обычный
43819,Обычный
43820,Обычный
43821,Обычный
43822,Обычный
43823,Обычный
43824,Обычный
43825,Обычный
43826,Обычный
43827,Обычный
43828,Обычный
43829,Обычный
43830,Обычный
43831,Обычный
43840,Плохой
43841,Плохой
43842,Плохой
43843,Плохой
43844,Плохой
43845,Плохой
43846,Плохой
43847,Плохой
43856,Обычный
43857,Обычный
43858,Обычный
43859,Обычный
43860,Обычный
43861,Обычный
43862,Обычный
43863,Обычный
43888,Хороший
43889,Хороший
43890,Хороший
43891,Хороший
43892,Обычный
43893,Хороший
43894,Плохой
43895,Хороший
43928,Обычный
43929,Обычный
43930,Обычный
43931,Обычный
43932,Обычный
43933,Обычный
43934,Обычный
43935,Обычный
44000,Плохой
44001,Плохой
44002,Плохой
44003,Плохой
44004,Плохой
44005,Плохой
44006,Плохой
44007,Плохой
44024,Обычный
44025,Хороший
44026,Обычный
44027,Обычный
44028,Обычный
44029,Хороший
44030,Хороший
44031,Хороший
44032,Обычный
44033,Обычный
44034,Обычный
44035,Обычный
44036,Обычный
44037,Обычный
44038,Обычный
44039,Обычный
44048,Плохой
44049,Плохой
44050,Плохой
44051,Плохой
44052,Плохой
44053,Плохой
44054,Плохой
44055,Плохой
44080,Обычный
44081,Обычный
44082,Обычный
44083,Обычный
44084,Обычный
44085,Обычный
44086,Обычный
44087,Обычный
44088,Хороший
44089,Хороший
44090,Хороший
44091,Хороший
44092,Хороший
44093,Хороший
44094,Хороший
44095,Хороший
44112,Обычный
44113,Обычный
44114,Обычный
44115,Обычный
44116,Обычный
44117,Обычный
44118,Обычный
44119,Обычный
44120,Плохой
44121,Плохой
44122,Плохой
44123,Плохой
44124,Плохой
44125,Плохой
44126,Плохой
44127,Плохой
44152,Плохой
44153,Плохой
44154,Плохой
44155,Плохой
44156,Плохой
44157,Плохой
44158,Плохой
44159,Плохой
44168,Плохой
44169,Плохой
44170,Плохой
44171,Плохой
44172,Плохой
44173,Плохой
44174,Плохой
44175,Плохой
44176,Обычный
44177,Обычный
44178,Обычный
44179,Обычный
44180,Обычный
44181,Обычный
44182,Обычный
44183,Обычный
44192,Обычный
44193,Плохой
44194,Плохой
44195,Плохой
44196,Плохой
44197,Обычный
44198,Плохой
44199,Плохой
44240,Обычный
44241,Плохой
44242,Плохой
44243,Плохой
44244,Плохой
44245,Плохой
44246,Плохой
44247,Плохой
44256,Обычный
44257,Обычный
44258,Обычный
44259,Обычный
44260,Обычный
44261,Обычный
44262,Обычный
44263,Обычный
44264,Обычный
44265,Обычный
44266,Обычный
44267,Обычный
44268,Обычный
44269,Обычный
44270,Обычный
44271,Обычный
44280,Обычный
44281,Обычный
44282,Обычный
44283,Обычный
44284,Обычный
44285,Обычный
44286,Обычный
44287,Обычный
44288,Плохой
44289,Плохой
44290,Плохой
44291,Плохой
44292,Плохой
44293,Плохой
44294,Обычный
44295,Обычный
44304,Плохой
44305,Плохой
44306,Плохой
44307,Плохой
44308,Плохой
44309,Плохой
44310,Плохой
44311,Плохой
44336,Обычный
44337,Обычный
44338,Обычный
44339,Обычный
44340,Обычный
44341,Обычный
44342,Обычный
44343,Обычный
44344,Обычный
44345,Обычный
44346,Обычный
44347,Обычный
44348,Обычный
44349,Обычный
44350,Обычный
44351,Обычный
44352,Плохой
44353,Плохой
44354,Плохой
44355,Плохой
44356,Плохой
44357,Плохой
44358,Плохой
44359,Плохой
44360,Хороший
44361,Хороший
44362,Обычный
44363,Обычный
44364,Хороший
44365,Хороший
44366,Обычный
44367,Хороший
44400,Хороший
44401,Хороший
44402,Хороший
44403,Хороший
44404,Хороший
44405,Хороший
44406,Хороший
44407,Хороший
44416,Плохой
44417,Плохой
44418,Плохой
44419,Плохой
44420,Плохой
44421,Обычный
44422,Плохой
44423,Плохой
44456,Плохой
44457,Плохой
44458,Плохой
44459,Плохой
44460,Плохой
44461,Плохой
44462,Плохой
44463,Плохой
44472,Плохой
44473,Плохой
44474,Плохой
44475,Плохой
44476,Плохой
44477,Плохой
44478,Плохой
44479,Плохой
44480,Хороший
44481,Хороший
44482,Хороший
44483,Обычный
44484,Хороший
44485,Обычный
44486,Хороший
44487,Обычный
44488,Обычный
44489,Обычный
44490,Обычный
44491,Хороший
44492,Хороший
44493,Обычный
44494,Обычный
44495,Хороший
44504,Обычный
44505,Обычный
44506,Обычный
44507,Обычный
44508,Обычный
44509,Обычный
44510,Обычный
44511,Обычный
44536,Обычный
44537,Обычный
44538,Обычный
44539,Обычный
44540,Обычный
44541,Обычный
44542,Обычный
44543,Обычный
44560,Обычный
44561,Обычный
44562,Обычный
44563,Обычный
44564,Обычный
44565,Обычный
44566,Обычный
44567,Обычный
44640,Хороший
44641,Обычный
44642,Обычный
44643,Обычный
44644,Обычный
44645,Обычный
44646,Плохой
44647,Обычный
44656,Плохой
44657,Плохой
44658,Плохой
44659,Плохой
44660,Плохой
44661,Плохой
44662,Плохой
44663,Плохой
44712,Обычный
44713,Обычный
44714,Обычный
44715,Обычный
44716,Обычный
44717,Обычный
44718,Обычный
44719,Обычный
44720,Обычный
44721,Обычный
44722,Обычный
44723,Обычный
44724,Обычный
44725,Обычный
44726,Обычный
44727,Обычный
44736,Плохой
44737,Плохой
44738,Плохой
44739,Плохой
44740,Плохой
44741,Плохой
44742,Плохой
44743,Плохой
44752,Обычный
44753,Плохой
44754,Обычный
44755,Плохой
44756,Обычный
44757,Обычный
44758,Плохой
44759,Плохой
44808,Обычный
44809,Обычный
44810,Обычный
44811,Обычный
44812,Обычный
44813,Обычный
44814,Обычный
44815,Обычный
44824,Плохой
44825,Плохой
44826,Плохой
44827,Плохой
44828,Плохой
44829,Плохой
44830,Плохой
44831,Плохой
44832,Обычный
44833,Обычный
44834,Обычный
44835,Обычный
44836,Обычный
44837,Обычный
44838,Обычный
44839,Обычный
44848,Плохой
44849,Плохой
44850,Плохой
44851,Плохой
44852,Плохой
44853,Плохой
44854,Плохой
44855,Плохой
44856,Плохой
44857,Обычный
44858,Обычный
44859,Обычный
44860,Обычный
44861,Обычный
44862,Обычный
44863,Плохой
44864,Хороший
44865,Хороший
44866,Хороший
44867,Хороший
44868,Хороший
44869,Хороший
44870,Хороший
44871,Хороший
44872,Хороший
44873,Хороший
44874,Хороший
44875,Хороший
44876,Хороший
44877,Хороший
44878,Хороший
44879,Хороший
44928,Обычный
44929,Обычный
44930,Обычный
44931,Обычный
44932,Обычный
44933,Обычный
44934,Обычный
44935,Обычный
44936,Обычный
44937,Обычный
44938,Обычный
44939,Обычный
44940,Обычный
44941,Обычный
44942,Плохой
44943,Обычный
44960,Обычный
44961,Обычный
44962,Обычный
44963,Обычный
44964,Обычный
44965,Обычный
44966,Обычный
44967,Обычный
44968,Обычный
44969,Обычный
44970,Обычный
44971,Обычный
44972,Обычный
44973,Обычный
44974,Обычный
44975,Обычный
45008,Плохой
45009,Плохой
45010,Плохой
45011,Плохой
45012,Плохой
45013,Плохой
45014,Плохой
45015,Плохой
45024,Плохой
45025,Плохой
45026,Плохой
45027,Плохой
45028,Плохой
45029,Плохой
45030,Плохой
45031,Плохой
45032,Плохой
45033,Обычный
45034,Плохой
45035,Плохой
45036,Плохой
45037,Обычный
45038,Обычный
45039,Плохой
45040,Обычный
45041,Обычный
45042,Обычный
45043,Обычный
45044,Обычный
45045,Обычный
45046,Обычный
45047,Обычный
45048,Обычный
45049,Обычный
45050,Обычный
45051,Обычный
45052,Обычный
45053,Обычный
45054,Обычный
45055,Обычный
45112,Плохой
45113,Плохой
45114,Плохой
45115,Плохой
45116,Плохой
45117,Плохой
45118,Плохой
45119,Плохой
45136,Обычный
45137,Обычный
45138,Обычный
45139,Обычный
45140,Обычный
45141,Обычный
45142,Обычный
45143,Обычный
45152,Обычный
45153,Обычный
45154,Обычный
45155,Обычный
45156,Обычный
45157,Обычный
45158,Обычный
45159,Обычный
45160,Обычный
45161,Обычный
45162,Обычный
45163,Обычный
45164,Обычный
45165,Обычный
45166,Обычный
45167,Обычный
45176,Хороший
45177,Обычный
45178,Хороший
45179,Обычный
45180,Хороший
45181,Обычный
45182,Обычный
45183,Хороший
45184,Плохой
45185,Плохой
45186,Плохой
45187,Плохой
45188,Плохой
45189,Плохой
45190,Плохой
45191,Плохой
45192,Плохой
45193,Плохой
45194,Плохой
45195,Плохой
45196,Обычный
45197,Плохой
45198,Плохой
45199,Плохой
45208,Плохой
45209,Обычный
45210,Плохой
45211,Плохой
45212,Плохой
45213,Плохой
45214,Плохой
45215,Плохой
45224,Обычный
45225,Обычный
45226,Обычный
45227,Обычный
45228,Обычный
45229,Обычный
45230,Обычный
45231,Обычный
45256,Плохой
45257,Плохой
45258,Обычный
45259,Обычный
45260,Обычный
45261,Обычный
45262,Плохой
45263,Обычный
45328,Плохой
45329,Плохой
45330,Плохой
45331,Плохой
45332,Плохой
45333,Плохой
45334,Плохой
45335,Плохой
45336,Обычный
45337,Обычный
45338,Обычный
45339,Обычный
45340,Обычный
45341,Обычный
45342,Обычный
45343,Обычный
45360,Хороший
45361,Хороший
45362,Хороший
45363,Хороший
45364,Хороший
45365,Хороший
45366,Хороший
45367,Хороший
45392,Плохой
45393,Обычный
45394,Плохой
45395,Обычный
45396,Плохой
45397,Обычный
45398,Обычный
45399,Плохой
45440,Хороший
45441,Хороший
45442,Хороший
45443,Хороший
45444,Хороший
45445,Хороший
45446,Хороший
45447,Хороший
45448,Хороший
45449,Хороший
45450,Хороший
45451,Хороший
45452,Хороший
45453,Хороший
45454,Хороший
45455,Хороший
45456,Обычный
45457,Обычный
45458,Обычный
45459,Обычный
45460,Плохой
45461,Плохой
45462,Обычный
45463,Обычный
45504,Хороший
45505,Хороший
45506,Хороший
45507,Хороший
45508,Хороший
45509,Хороший
45510,Хороший
45511,Хороший
45520,Плохой
45521,Плохой
45522,Плохой
45523,Плохой
45524,Плохой
45525,Плохой
45526,Плохой
45527,Плохой
45528,Обычный
45529,Обычный
45530,Обычный
45531,Обычный
45532,Обычный
45533,Обычный
45534,Обычный
45535,Обычный
45584,Обычный
45585,Обычный
45586,Обычный
45587,Обычный
45588,Обычный
45589,Обычный
45590,Обычный
45591,Обычный
45624,Обычный
45625,Хороший
45626,Хороший
45627,Обычный
45628,Обычный
45629,Обычный
45630,Хороший
45631,Хороший
45648,Обычный
45649,Обычный
45650,Обычный
45651,Обычный
45652,Обычный
45653,Обычный
45654,Обычный
45655,Обычный
45656,Плохой
45657,Плохой
45658,Плохой
45659,Плохой
45660,Плохой
45661,Плохой
45662,Плохой
45663,Плохой
45664,Хороший
45665,Хороший
45666,Хороший
45667,Хороший
45668,Хороший
45669,Хороший
45670,Хороший
45671,Хороший
45688,Плохой
45689,Плохой
45690,Плохой
45691,Плохой
45692,Плохой
45693,Плохой
45694,Плохой
45695,Плохой
45696,Хороший
45697,Хороший
45698,Хороший
45699,Хороший
45700,Хороший
45701,Хороший
45702,Хороший
45703,Хороший
45728,Обычный
45729,Обычный
45730,Обычный
45731,Обычный
45732,Обычный
45733,Обычный
45734,Обычный
45735,Обычный
45736,Обычный
45737,Обычный
45738,Обычный
45739,Обычный
45740,Обычный
45741,Обычный
45742,Обычный
45743,Обычный
45744,Хороший
45745,Хороший
45746,Хороший
45747,Хороший
45748,Хороший
45749,Хороший
45750,Хороший
45751,Хороший
45808,Обычный
45809,Обычный
45810,Обычный
45811,Обычный
45812,Обычный
45813,Обычный
45814,Обычный
45815,Обычный
45816,Обычный
45817,Обычный
45818,Обычный
45819,Обычный
45820,Обычный
45821,Обычный
45822,Обычный
45823,Обычный
45824,Хороший
45825,Обычный
45826,Обычный
45827,Хороший
45828,Обычный
45829,Обычный
45830,Обычный
45831,Хороший
45904,Обычный
45905,Обычный
45906,Обычный
45907,Обычный
45908,Обычный
45909,Обычный
45910,Обычный
45911,Обычный
45912,Обычный
45913,Обычный
45914,Обычный
45915,Обычный
45916,Обычный
45917,Обычный
45918,Обычный
45919,Обычный
45944,Плохой
45945,Плохой
45946,Плохой
45947,Плохой
45948,Плохой
45949,Плохой
45950,Плохой
45951,Плохой
45984,Обычный
45985,Обычный
45986,Обычный
45987,Обычный
45988,Обычный
45989,Обычный
45990,Обычный
45991,Обычный
46008,Обычный
46009,Обычный
46010,Обычный
46011,Обычный
46012,Обычный
46013,Обычный
46014,Обычный
46015,Обычный
46024,Хороший
46025,Хороший
46026,Хороший
46027,Хороший
46028,Хороший
46029,Хороший
46030,Хороший
46031,Хороший
46040,Обычный
46041,Обычный
46042,Обычный
46043,Обычный
46044,Обычный
46045,Обычный
46046,Обычный
46047,Обычный
46048,Обычный
46049,Обычный
46050,Обычный
46051,Обычный
46052,Хороший
46053,Хороший
46054,Хороший
46055,Хороший
46064,Обычный
46065,Обычный
46066,Обычный
46067,Обычный
46068,Обычный
46069,Обычный
46070,Обычный
46071,Обычный
46072,Обычный
46073,Обычный
46074,Обычный
46075,Обычный
46076,Обычный
46077,Обычный
46078,Обычный
46079,Обычный
46096,Обычный
46097,Обычный
46098,Обычный
46099,Обычный
46100,Обычный
46101,Обычный
46102,Обычный
46103,Обычный
46104,Обычный
46105,Обычный
46106,Плохой
46107,Плохой
46108,Обычный
46109,Обычный
46110,Плохой
46111,Обычный
46128,Обычный
46129,Обычный
46130,Обычный
46131,Обычный
46132,Обычный
46133,Обычный
46134,Обычный
46135,Обычный
46168,Хороший
46169,Обычный
46170,Хороший
46171,Хороший
46172,Хороший
46173,Хороший
46174,Хороший
46175,Обычный
46192,Обычный
46193,Обычный
46194,Обычный
46195,Хороший
46196,Обычный
46197,Хороший
46198,Обычный
46199,Обычный
46208,Обычный
46209,Обычный
46210,Обычный
46211,Обычный
46212,Обычный
46213,Обычный
46214,Обычный
46215,Обычный
46240,Обычный
46241,Обычный
46242,Обычный
46243,Обычный
46244,Обычный
46245,Обычный
46246,Обычный
46247,Обычный
46272,Обычный
46273,Обычный
46274,Обычный
46275,Обычный
46276,Обычный
46277,Обычный
46278,Обычный
46279,Обычный
46296,Обычный
46297,Обычный
46298,Обычный
46299,Обычный
46300,Обычный
46301,Обычный
46302,Обычный
46303,Обычный
46368,Обычный
46369,Обычный
46370,Обычный
46371,Обычный
46372,Обычный
46373,Обычный
46374,Обычный
46375,Обычный
46384,Плохой
46385,Плохой
46386,Плохой
46387,Плохой
46388,Плохой
46389,Плохой
46390,Плохой
46391,Плохой
46408,Обычный
46409,Обычный
46410,Обычный
46411,Обычный
46412,Обычный
46413,Обычный
46414,Обычный
46415,Обычный
46416,Плохой
46417,Плохой
46418,Плохой
46419,Плохой
46420,Плохой
46421,Плохой
46422,Плохой
46423,Плохой
46448,Обычный
46449,Обычный
46450,Обычный
46451,Обычный
46452,Обычный
46453,Обычный
46454,Обычный
46455,Обычный
46456,Обычный
46457,Обычный
46458,Обычный
46459,Обычный
46460,Обычный
46461,Обычный
46462,Обычный
46463,Обычный
46464,Обычный
46465,Обычный
46466,Обычный
46467,Обычный
46468,Обычный
46469,Обычный
46470,Обычный
46471,Обычный
46472,Обычный
46473,Обычный
46474,Обычный
46475,Обычный
46476,Обычный
46477,Обычный
46478,Обычный
46479,Обычный
46480,Хороший
46481,Хороший
46482,Хороший
46483,Хороший
46484,Хороший
46485,Хороший
46486,Хороший
46487,Хороший
46512,Обычный
46513,Обычный
46514,Обычный
46515,Обычный
46516,Обычный
46517,Обычный
46518,Обычный
46519,Обычный
46544,Хороший
46545,Хороший
46546,Хороший
46547,Хороший
46548,Хороший
46549,Хороший
46550,Хороший
46551,Хороший
46552,Обычный
46553,Обычный
46554,Обычный
46555,Обычный
46556,Обычный
46557,Обычный
46558,Обычный
46559,Обычный
46576,Хороший
46577,Хороший
46578,Хороший
46579,Хороший
46580,Хороший
46581,Хороший
46582,Хороший
46583,Хороший
46600,Хороший
46601,Обычный
46602,Обычный
46603,Обычный
46604,Хороший
46605,Обычный
46606,Обычный
46607,Обычный
46624,Обычный
46625,Обычный
46626,Обычный
46627,Обычный
46628,Обычный
46629,Обычный
46630,Обычный
46631,Обычный
46632,Хороший
46633,Хороший
46634,Хороший
46635,Хороший
46636,Хороший
46637,Хороший
46638,Хороший
46639,Хороший
46640,Обычный
46641,Обычный
46642,Обычный
46643,Обычный
46644,Обычный
46645,Обычный
46646,Обычный
46647,Обычный
46672,Обычный
46673,Обычный
46674,Обычный
46675,Обычный
46676,Обычный
46677,Обычный
46678,Обычный
46679,Обычный
46680,Обычный
46681,Хороший
46682,Обычный
46683,Обычный
46684,Обычный
46685,Обычный
46686,Обычный
46687,Обычный
46720,Обычный
46721,Обычный
46722,Обычный
46723,Обычный
46724,Обычный
46725,Обычный
46726,Обычный
46727,Обычный
46752,Обычный
46753,Обычный
46754,Обычный
46755,Обычный
46756,Обычный
46757,Обычный
46758,Обычный
46759,Обычный
46856,Хороший
46857,Обычный
46858,Обычный
46859,Обычный
46860,Обычный
46861,Обычный
46862,Обычный
46863,Обычный
46864,Плохой
46865,Плохой
46866,Плохой
46867,Плохой
46868,Плохой
46869,Плохой
46870,Плохой
46871,Плохой
46904,Обычный
46905,Обычный
46906,Обычный
46907,Обычный
46908,Обычный
46909,Обычный
46910,Обычный
46911,Обычный
46968,Плохой
46969,Плохой
46970,Плохой
46971,Плохой
46972,Плохой
46973,Плохой
46974,Плохой
46975,Плохой
47000,Обычный
47001,Обычный
47002,Обычный
47003,Обычный
47004,Обычный
47005,Обычный
47006,Обычный
47007,Обычный
47016,Обычный
47017,Обычный
47018,Обычный
47019,Обычный
47020,Обычный
47021,Обычный
47022,Обычный
47023,Обычный
47032,Хороший
47033,Хороший
47034,Хороший
47035,Хороший
47036,Хороший
47037,Хороший
47038,Хороший
47039,Хороший
47048,Плохой
47049,Плохой
47050,Плохой
47051,Плохой
47052,Плохой
47053,Плохой
47054,Плохой
47055,Плохой
47088,Обычный
47089,Обычный
47090,Обычный
47091,Обычный
47092,Обычный
47093,Обычный
47094,Обычный
47095,Обычный
47096,Хороший
47097,Хороший
47098,Хороший
47099,Хороший
47100,Хороший
47101,Хороший
47102,Хороший
47103,Хороший
47112,Обычный
47113,Обычный
47114,Обычный
47115,Обычный
47116,Обычный
47117,Обычный
47118,Обычный
47119,Обычный
47120,Хороший
47121,Хороший
47122,Обычный
47123,Хороший
47124,Хороший
47125,Хороший
47126,Хороший
47127,Обычный
47128,Хороший
47129,Хороший
47130,Хороший
47131,Хороший
47132,Хороший
47133,Хороший
47134,Хороший
47135,Хороший
47136,Обычный
47137,Обычный
47138,Обычный
47139,Обычный
47140,Обычный
47141,Обычный
47142,Обычный
47143,Обычный
47168,Обычный
47169,Обычный
47170,Обычный
47171,Обычный
47172,Обычный
47173,Обычный
47174,Обычный
47175,Обычный
47200,Плохой
47201,Плохой
47202,Плохой
47203,Плохой
47204,Плохой
47205,Плохой
47206,Плохой
47207,Плохой
47240,Плохой
47241,Плохой
47242,Плохой
47243,Плохой
47244,Плохой
47245,Плохой
47246,Плохой
47247,Плохой
47256,Обычный
47257,Обычный
47258,Обычный
47259,Обычный
47260,Обычный
47261,Обычный
47262,Обычный
47263,Обычный
47288,Обычный
47289,Обычный
47290,Обычный
47291,Обычный
47292,Обычный
47293,Обычный
47294,Обычный
47295,Обычный
47304,Хороший
47305,Хороший
47306,Хороший
47307,Хороший
47308,Хороший
47309,Хороший
47310,Хороший
47311,Хороший
47320,Плохой
47321,Плохой
47322,Плохой
47323,Плохой
47324,Плохой
47325,Плохой
47326,Плохой
47327,Плохой
47392,Обычный
47393,Обычный
47394,Обычный
47395,Обычный
47396,Обычный
47397,Обычный
47398,Обычный
47399,Обычный
47400,Обычный
47401,Обычный
47402,Обычный
47403,Обычный
47404,Обычный
47405,Обычный
47406,Обычный
47407,Обычный
47408,Хороший
47409,Обычный
47410,Обычный
47411,Обычный
47412,Обычный
47413,Обычный
47414,Хороший
47415,Обычный
47424,Плохой
47425,Плохой
47426,Плохой
47427,Плохой
47428,Плохой
47429,Плохой
47430,Плохой
47431,Плохой
47440,Плохой
47441,Обычный
47442,Обычный
47443,Плохой
47444,Плохой
47445,Обычный
47446,Обычный
47447,Плохой
47472,Обычный
47473,Обычный
47474,Обычный
47475,Обычный
47476,Обычный
47477,Обычный
47478,Обычный
47479,Обычный
47488,Обычный
47489,Обычный
47490,Обычный
47491,Обычный
47492,Обычный
47493,Обычный
47494,Обычный
47495,Обычный
47496,Хороший
47497,Хороший
47498,Обычный
47499,Обычный
47500,Хороший
47501,Хороший
47502,Обычный
47503,Хороший
47512,Плохой
47513,Плохой
47514,Плохой
47515,Плохой
47516,Плохой
47517,Плохой
47518,Плохой
47519,Плохой
47536,Хороший
47537,Хороший
47538,Хороший
47539,Хороший
47540,Хороший
47541,Хороший
47542,Хороший
47543,Хороший
47576,Плохой
47577,Плохой
47578,Плохой
47579,Плохой
47580,Плохой
47581,Плохой
47582,Плохой
47583,Плохой
47608,Плохой
47609,Плохой
47610,Плохой
47611,Плохой
47612,Плохой
47613,Плохой
47614,Плохой
47615,Плохой
47632,Обычный
47633,Обычный
47634,Обычный
47635,Обычный
47636,Обычный
47637,Обычный
47638,Обычный
47639,Обычный
47640,Обычный
47641,Плохой
47642,Обычный
47643,Обычный
47644,Обычный
47645,Обычный
47646,Хороший
47647,Хороший
47664,Обычный
47665,Плохой
47666,Плохой
47667,Плохой
47668,Плохой
47669,Плохой
47670,Обычный
47671,Обычный
47696,Хороший
47697,Хороший
47698,Хороший
47699,Хороший
47700,Хороший
47701,Хороший
47702,Хороший
47703,Хороший
47736,Плохой
47737,Плохой
47738,Плохой
47739,Плохой
47740,Плохой
47741,Плохой
47742,Плохой
47743,Плохой
47752,Плохой
47753,Плохой
47754,Плохой
47755,Плохой
47756,Плохой
47757,Плохой
47758,Плохой
47759,Плохой
47768,Обычный
47769,Обычный
47770,Обычный
47771,Обычный
47772,Обычный
47773,Обычный
47774,Обычный
47775,Обычный
47792,Хороший
47793,Обычный
47794,Хороший
47795,Обычный
47796,Хороший
47797,Хороший
47798,Хороший
47799,Хороший
47808,Обычный
47809,Плохой
47810,Обычный
47811,Обычный
47812,Обычный
47813,Обычный
47814,Плохой
47815,Обычный
47824,Обычный
47825,Обычный
47826,Обычный
47827,Обычный
47828,Обычный
47829,Обычный
47830,Обычный
47831,Обычный
47832,Плохой
47833,Плохой
47834,Обычный
47835,Плохой
47836,Плохой
47837,Плохой
47838,Плохой
47839,Плохой
47848,Обычный
47849,Обычный
47850,Обычный
47851,Обычный
47852,Обычный
47853,Обычный
47854,Обычный
47855,Обычный
47864,Плохой
47865,Плохой
47866,Плохой
47867,Плохой
47868,Плохой
47869,Плохой
47870,Плохой
47871,Плохой
47888,Обычный
47889,Плохой
47890,Плохой
47891,Плохой
47892,Плохой
47893,Плохой
47894,Обычный
47895,Плохой
47904,Обычный
47905,Обычный
47906,Обычный
47907,Обычный
47908,Обычный
47909,Обычный
47910,Обычный
47911,Обычный
47920,Обычный
47921,Обычный
47922,Обычный
47923,Обычный
47924,Обычный
47925,Обычный
47926,Обычный
47927,Обычный
47928,Плохой
47929,Плохой
47930,Плохой
47931,Плохой
47932,Плохой
47933,Плохой
47934,Плохой
47935,Плохой
47936,Обычный
47937,Обычный
47938,Обычный
47939,Хороший
47940,Хороший
47941,Обычный
47942,Обычный
47943,Обычный
47944,Плохой
47945,Плохой
47946,Плохой
47947,Плохой
47948,Плохой
47949,Плохой
47950,Плохой
47951,Плохой
47952,Обычный
47953,Хороший
47954,Хороший
47955,Хороший
47956,Обычный
47957,Хороший
47958,Хороший
47959,Обычный
47960,Плохой
47961,Плохой
47962,Обычный
47963,Обычный
47964,Плохой
47965,Обычный
47966,Обычный
47967,Обычный
47968,Хороший
47969,Обычный
47970,Обычный
47971,Обычный
47972,Обычный
47973,Обычный
47974,Обычный
47975,Обычный
47992,Обычный
47993,Обычный
47994,Обычный
47995,Обычный
47996,Обычный
47997,Обычный
47998,Обычный
47999,Обычный
48000,Хороший
48001,Хороший
48002,Хороший
48003,Хороший
48004,Хороший
48005,Хороший
48006,Хороший
48007,Хороший
48024,Хороший
48025,Хороший
48026,Хороший
48027,Хороший
48028,Хороший
48029,Хороший
48030,Хороший
48031,Обычный
48056,Обычный
48057,Обычный
48058,Обычный
48059,Обычный
48060,Обычный
48061,Обычный
48062,Обычный
48063,Обычный
48072,Обычный
48073,Обычный
48074,Обычный
48075,Обычный
48076,Обычный
48077,Обычный
48078,Обычный
48079,Обычный
48096,Плохой
48097,Плохой
48098,Плохой
48099,Плохой
48100,Плохой
48101,Плохой
48102,Плохой
48103,Плохой
48104,Обычный
48105,Обычный
48106,Обычный
48107,Обычный
48108,Обычный
48109,Плохой
48110,Обычный
48111,Обычный
48160,Обычный
48161,Обычный
48162,Обычный
48163,Обычный
48164,Обычный
48165,Обычный
48166,Обычный
48167,Обычный
48200,Обычный
48201,Обычный
48202,Обычный
48203,Обычный
48204,Обычный
48205,Обычный
48206,Обычный
48207,Обычный
48216,Обычный
48217,Обычный
48218,Обычный
48219,Обычный
48220,Обычный
48221,Обычный
48222,Обычный
48223,Обычный
48240,Хороший
48241,Хороший
48242,Хороший
48243,Хороший
48244,Хороший
48245,Хороший
48246,Хороший
48247,Хороший
48264,Обычный
48265,Обычный
48266,Обычный
48267,Обычный
48268,Обычный
48269,Обычный
48270,Обычный
48271,Хороший
48320,Хороший
48321,Обычный
48322,Хороший
48323,Хороший
48324,Обычный
48325,Обычный
48326,Хороший
48327,Обычный
48328,Плохой
48329,Плохой
48330,Плохой
48331,Плохой
48332,Плохой
48333,Плохой
48334,Плохой
48335,Плохой
48344,Обычный
48345,Обычный
48346,Обычный
48347,Обычный
48348,Обычный
48349,Обычный
48350,Обычный
48351,Обычный
48368,Обычный
48369,Обычный
48370,Обычный
48371,Обычный
48372,Обычный
48373,Обычный
48374,Обычный
48375,Обычный
48376,Обычный
48377,Плохой
48378,Обычный
48379,Плохой
48380,Обычный
48381,Плохой
48382,Плохой
48383,Обычный
48440,Хороший
48441,Хороший
48442,Хороший
48443,Хороший
48444,Хороший
48445,Хороший
48446,Хороший
48447,Хороший
48448,Плохой
48449,Обычный
48450,Обычный
48451,Плохой
48452,Плохой
48453,Плохой
48454,Плохой
48455,Обычный
48456,Обычный
48457,Обычный
48458,Плохой
48459,Обычный
48460,Хороший
48461,Обычный
48462,Обычный
48463,Обычный
48496,Обычный
48497,Обычный
48498,Плохой
48499,Плохой
48500,Плохой
48501,Плохой
48502,Плохой
48503,Обычный
48520,Плохой
48521,Плохой
48522,Плохой
48523,Плохой
48524,Плохой
48525,Плохой
48526,Плохой
48527,Плохой
48536,Обычный
48537,Обычный
48538,Обычный
48539,Обычный
48540,Обычный
48541,Обычный
48542,Обычный
48543,Обычный
48616,Обычный
48617,Обычный
48618,Обычный
48619,Обычный
48620,Плохой
48621,Обычный
48622,Обычный
48623,Обычный
48624,Обычный
48625,Обычный
48626,Обычный
48627,Обычный
48628,Обычный
48629,Обычный
48630,Обычный
48631,Обычный
48672,Обычный
48673,Обычный
48674,Обычный
48675,Обычный
48676,Обычный
48677,Обычный
48678,Обычный
48679,Обычный
48688,Обычный
48689,Обычный
48690,Обычный
48691,Обычный
48692,Обычный
48693,Обычный
48694,Обычный
48695,Обычный
48704,Плохой
48705,Плохой
48706,Плохой
48707,Плохой
48708,Плохой
48709,Плохой
48710,Плохой
48711,Плохой
48712,Обычный
48713,Обычный
48714,Обычный
48715,Обычный
48716,Обычный
48717,Обычный
48718,Обычный
48719,Обычный
48728,Хороший
48729,Хороший
48730,Хороший
48731,Хороший
48732,Хороший
48733,Хороший
48734,Хороший
48735,Хороший
48776,Обычный
48777,Обычный
48778,Обычный
48779,Обычный
48780,Обычный
48781,Обычный
48782,Обычный
48783,Обычный
48784,Обычный
48785,Обычный
48786,Обычный
48787,Обычный
48788,Обычный
48789,Обычный
48790,Обычный
48791,Обычный
48848,Хороший
48849,Хороший
48850,Хороший
48851,Хороший
48852,Хороший
48853,Хороший
48854,Обычный
48855,Хороший
48856,Обычный
48857,Обычный
48858,Обычный
48859,Обычный
48860,Обычный
48861,Обычный
48862,Обычный
48863,Обычный
48872,Обычный
48873,Плохой
48874,Обычный
48875,Обычный
48876,Обычный
48877,Обычный
48878,Обычный
48879,Обычный
48880,Плохой
48881,Плохой
48882,Плохой
48883,Плохой
48884,Плохой
48885,Плохой
48886,Плохой
48887,Плохой
48904,Хороший
48905,Хороший
48906,Обычный
48907,Хороший
48908,Хороший
48909,Хороший
48910,Обычный
48911,Хороший
48936,Обычный
48937,Обычный
48938,Обычный
48939,Обычный
48940,Обычный
48941,Обычный
48942,Обычный
48943,Обычный
48944,Обычный
48945,Обычный
48946,Обычный
48947,Обычный
48948,Обычный
48949,Обычный
48950,Обычный
48951,Обычный
48968,Обычный
48969,Обычный
48970,Обычный
48971,Обычный
48972,Обычный
48973,Обычный
48974,Обычный
48975,Обычный
48976,Хороший
48977,Хороший
48978,Хороший
48979,Хороший
48980,Хороший
48981,Хороший
48982,Хороший
48983,Хороший
49016,Обычный
49017,Обычный
49018,Обычный
49019,Обычный
49020,Обычный
49021,Обычный
49022,Обычный
49023,Обычный
49024,Плохой
49025,Плохой
49026,Плохой
49027,Обычный
49028,Плохой
49029,Плохой
49030,Плохой
49031,Обычный
49040,Обычный
49041,Обычный
49042,Обычный
49043,Обычный
49044,Обычный
49045,Обычный
49046,Обычный
49047,Обычный
49088,Плохой
49089,Плохой
49090,Плохой
49091,Плохой
49092,Плохой
49093,Плохой
49094,Плохой
49095,Плохой
49104,Хороший
49105,Хороший
49106,Хороший
49107,Хороший
49108,Хороший
49109,Хороший
49110,Хороший
49111,Хороший
49120,Обычный
49121,Обычный
49122,Хороший
49123,Обычный
49124,Хороший
49125,Обычный
49126,Обычный
49127,Хороший
49128,Обычный
49129,Обычный
49130,Обычный
49131,Обычный
49132,Обычный
49133,Обычный
49134,Обычный
49135,Обычный
49152,Обычный
49153,Обычный
49154,Обычный
49155,Обычный
49156,Обычный
49157,Обычный
49158,Обычный
49159,Обычный
49192,Обычный
49193,Обычный
49194,Обычный
49195,Обычный
49196,Обычный
49197,Обычный
49198,Обычный
49199,Обычный
49224,Обычный
49225,Обычный
49226,Обычный
49227,Обычный
49228,Обычный
49229,Обычный
49230,Обычный
49231,Обычный
49232,Обычный
49233,Обычный
49234,Обычный
49235,Обычный
49236,Обычный
49237,Обычный
49238,Обычный
49239,Обычный
49280,Обычный
49281,Обычный
49282,Обычный
49283,Обычный
49284,Обычный
49285,Обычный
49286,Обычный
49287,Обычный
49288,Обычный
49289,Обычный
49290,Обычный
49291,Обычный
49292,Обычный
49293,Обычный
49294,Обычный
49295,Обычный
49304,Обычный
49305,Обычный
49306,Обычный
49307,Обычный
49308,Обычный
49309,Обычный
49310,Обычный
49311,Обычный
49320,Плохой
49321,Плохой
49322,Плохой
49323,Плохой
49324,Плохой
49325,Обычный
49326,Обычный
49327,Плохой
49328,Плохой
49329,Плохой
49330,Плохой
49331,Плохой
49332,Плохой
49333,Плохой
49334,Плохой
49335,Плохой
49336,Плохой
49337,Плохой
49338,Плохой
49339,Плохой
49340,Плохой
49341,Плохой
49342,Плохой
49343,Плохой
49352,Обычный
49353,Обычный
49354,Плохой
49355,Обычный
49356,Обычный
49357,Плохой
49358,Обычный
49359,Обычный
49384,Хороший
49385,Хороший
49386,Хороший
49387,Хороший
49388,Хороший
49389,Хороший
49390,Хороший
49391,Хороший
49448,Обычный
49449,Обычный
49450,Обычный
49451,Обычный
49452,Обычный
49453,Обычный
49454,Обычный
49455,Обычный
49464,Плохой
49465,Плохой
49466,Плохой
49467,Плохой
49468,Плохой
49469,Плохой
49470,Плохой
49471,Плохой
49472,Плохой
49473,Плохой
49474,Плохой
49475,Плохой
49476,Плохой
49477,Плохой
49478,Плохой
49479,Плохой
49520,Обычный
49521,Обычный
49522,Обычный
49523,Обычный
49524,Обычный
49525,Обычный
49526,Обычный
49527,Обычный
49528,Обычный
49529,Обычный
49530,Обычный
49531,Обычный
49532,Обычный
49533,Обычный
49534,Обычный
49535,Обычный
49536,Плохой
49537,Плохой
49538,Плохой
49539,Плохой
49540,Плохой
49541,Плохой
49542,Плохой
49543,Плохой
49560,Плохой
49561,Плохой
49562,Плохой
49563,Плохой
49564,Плохой
49565,Плохой
49566,Плохой
49567,Плохой
49568,Хороший
49569,Хороший
49570,Хороший
49571,Хороший
49572,Хороший
49573,Хороший
49574,Хороший
49575,Хороший
49600,Обычный
49601,Обычный
49602,Обычный
49603,Хороший
49604,Обычный
49605,Обычный
49606,Обычный
49607,Обычный
49632,Обычный
49633,Обычный
49634,Обычный
49635,Обычный
49636,Обычный
49637,Обычный
49638,Обычный
49639,Обычный
49672,Плохой
49673,Плохой
49674,Плохой
49675,Плохой
49676,Плохой
49677,Плохой
49678,Плохой
49679,Плохой
49688,Плохой
49689,Плохой
49690,Плохой
49691,Плохой
49692,Плохой
49693,Плохой
49694,Плохой
49695,Плохой
49704,Обычный
49705,Обычный
49706,Обычный
49707,Обычный
49708,Обычный
49709,Обычный
49710,Обычный
49711,Обычный
49712,Хороший
49713,Хороший
49714,Хороший
49715,Хороший
49716,Хороший
49717,Хороший
49718,Хороший
49719,Хороший
49720,Обычный
49721,Обычный
49722,Обычный
49723,Обычный
49724,Обычный
49725,Обычный
49726,Обычный
49727,Обычный
49728,Обычный
49729,Обычный
49730,Обычный
49731,Обычный
49732,Обычный
49733,Обычный
49734,Обычный
49735,Обычный
49744,Обычный
49745,Обычный
49746,Обычный
49747,Плохой
49748,Обычный
49749,Обычный
49750,Обычный
49751,Обычный
49760,Хороший
49761,Хороший
49762,Хороший
49763,Хороший
49764,Хороший
49765,Хороший
49766,Хороший
49767,Хороший
49784,Плохой
49785,Плохой
49786,Плохой
49787,Плохой
49788,Плохой
49789,Плохой
49790,Плохой
49791,Плохой
49792,Обычный
49793,Обычный
49794,Обычный
49795,Обычный
49796,Обычный
49797,Обычный
49798,Обычный
49799,Обычный
49832,Плохой
49833,Плохой
49834,Плохой
49835,Плохой
49836,Плохой
49837,Плохой
49838,Плохой
49839,Плохой
49856,Обычный
49857,Хороший
49858,Хороший
49859,Хороший
49860,Хороший
49861,Обычный
49862,Хороший
49863,Хороший
49888,Обычный
49889,Обычный
49890,Обычный
49891,Обычный
49892,Обычный
49893,Обычный
49894,Обычный
49895,Обычный
49904,Плохой
49905,Плохой
49906,Плохой
49907,Плохой
49908,Плохой
49909,Плохой
49910,Плохой
49911,Плохой
49912,Обычный
49913,Обычный
49914,Обычный
49915,Обычный
49916,Обычный
49917,Обычный
49918,Обычный
49919,Обычный
49928,Плохой
49929,Плохой
49930,Плохой
49931,Плохой
49932,Плохой
49933,Плохой
49934,Плохой
49935,Плохой
49936,Обычный
49937,Обычный
49938,Обычный
49939,Обычный
49940,Обычный
49941,Обычный
49942,Обычный
49943,Обычный
49952,Обычный
49953,Обычный
49954,Обычный
49955,Обычный
49956,Обычный
49957,Обычный
49958,Обычный
49959,Обычный
49960,Обычный
49961,Обычный
49962,Обычный
49963,Плохой
49964,Обычный
49965,Плохой
49966,Плохой
49967,Обычный
49984,Плохой
49985,Плохой
49986,Плохой
49987,Плохой
49988,Плохой
49989,Плохой
49990,Плохой
49991,Плохой
50016,Обычный
50017,Обычный
50018,Обычный
50019,Обычный
50020,Обычный
50021,Обычный
50022,Обычный
50023,Обычный
50032,Обычный
50033,Обычный
50034,Обычный
50035,Обычный
50036,Обычный
50037,Обычный
50038,Обычный
50039,Обычный
50048,Обычный
50049,Обычный
50050,Обычный
50051,Обычный
50052,Обычный
50053,Обычный
50054,Обычный
50055,Обычный
50128,Плохой
50129,Плохой
50130,Плохой
50131,Плохой
50132,Плохой
50133,Плохой
50134,Плохой
50135,Плохой
50152,Плохой
50153,Плохой
50154,Плохой
50155,Плохой
50156,Плохой
50157,Плохой
50158,Плохой
50159,Плохой
50200,Плохой
50201,Плохой
50202,Плохой
50203,Плохой
50204,Плохой
50205,Плохой
50206,Плохой
50207,Плохой
50208,Плохой
50209,Плохой
50210,Плохой
50211,Плохой
50212,Плохой
50213,Плохой
50214,Плохой
50215,Плохой
50216,Обычный
50217,Обычный
50218,Обычный
50219,Обычный
50220,Обычный
50221,Обычный
50222,Обычный
50223,Обычный
50232,Плохой
50233,Плохой
50234,Плохой
50235,Плохой
50236,Плохой
50237,Плохой
50238,Плохой
50239,Плохой
50288,Хороший
50289,Хороший
50290,Хороший
50291,Хороший
50292,Хороший
50293,Хороший
50294,Хороший
50295,Хороший
50296,Обычный
50297,Обычный
50298,Обычный
50299,Обычный
50300,Обычный
50301,Обычный
50302,Обычный
50303,Обычный
50304,Обычный
50305,Обычный
50306,Обычный
50307,Обычный
50308,Обычный
50309,Обычный
50310,Обычный
50311,Обычный
50312,Хороший
50313,Хороший
50314,Хороший
50315,Хороший
50316,Хороший
50317,Хороший
50318,Хороший
50319,Хороший
50320,Обычный
50321,Обычный
50322,Обычный
50323,Обычный
50324,Обычный
50325,Обычный
50326,Обычный
50327,Обычный
50344,Плохой
50345,Плохой
50346,Плохой
50347,Плохой
50348,Плохой
50349,Плохой
50350,Плохой
50351,Плохой
50352,Обычный
50353,Обычный
50354,Обычный
50355,Обычный
50356,Обычный
50357,Обычный
50358,Обычный
50359,Обычный
50360,Плохой
50361,Плохой
50362,Плохой
50363,Плохой
50364,Плохой
50365,Плохой
50366,Плохой
50367,Плохой
50368,Обычный
50369,Обычный
50370,Обычный
50371,Обычный
50372,Обычный
50373,Обычный
50374,Обычный
50375,Обычный
50384,Плохой
50385,Плохой
50386,Плохой
50387,Плохой
50388,Плохой
50389,Плохой
50390,Плохой
50391,Плохой
50416,Хороший
50417,Плохой
50418,Хороший
50419,Хороший
50420,Хороший
50421,Хороший
50422,Хороший
50423,Хороший
50456,Хороший
50457,Обычный
50458,Хороший
50459,Обычный
50460,Обычный
50461,Обычный
50462,Хороший
50463,Хороший
50464,Хороший
50465,Плохой
50466,Хороший
50467,Хороший
50468,Хороший
50469,Хороший
50470,Хороший
50471,Хороший
50472,Плохой
50473,Обычный
50474,Обычный
50475,Обычный
50476,Обычный
50477,Обычный
50478,Обычный
50479,Обычный
50488,Обычный
50489,Обычный
50490,Обычный
50491,Обычный
50492,Обычный
50493,Обычный
50494,Обычный
50495,Обычный
50496,Обычный
50497,Обычный
50498,Обычный
50499,Обычный
50500,Обычный
50501,Обычный
50502,Обычный
50503,Обычный
50504,Плохой
50505,Плохой
50506,Плохой
50507,Плохой
50508,Плохой
50509,Плохой
50510,Плохой
50511,Плохой
50512,Обычный
50513,Обычный
50514,Обычный
50515,Обычный
50516,Хороший
50517,Хороший
50518,Хороший
50519,Хороший
50536,Обычный
50537,Обычный
50538,Обычный
50539,Обычный
50540,Обычный
50541,Плохой
50542,Обычный
50543,Плохой
50552,Хороший
50553,Хороший
50554,Хороший
50555,Хороший
50556,Хороший
50557,Хороший
50558,Обычный
50559,Хороший
50560,Хороший
50561,Хороший
50562,Хороший
50563,Хороший
50564,Хороший
50565,Хороший
50566,Хороший
50567,Хороший
50568,Плохой
50569,Обычный
50570,Плохой
50571,Обычный
50572,Плохой
50573,Плохой
50574,Обычный
50575,Обычный
50608,Плохой
50609,Плохой
50610,Плохой
50611,Плохой
50612,Плохой
50613,Плохой
50614,Плохой
50615,Плохой
50648,Обычный
50649,Обычный
50650,Хороший
50651,Обычный
50652,Обычный
50653,Обычный
50654,Обычный
50655,Обычный
50672,Обычный
50673,Плохой
50674,Плохой
50675,Обычный
50676,Плохой
50677,Плохой
50678,Плохой
50679,Плохой
50704,Плохой
50705,Плохой
50706,Плохой
50707,Плохой
50708,Плохой
50709,Плохой
50710,Плохой
50711,Плохой
50768,Обычный
50769,Хороший
50770,Обычный
50771,Хороший
50772,Обычный
50773,Хороший
50774,Обычный
50775,Обычный
50792,Обычный
50793,Обычный
50794,Обычный
50795,Обычный
50796,Обычный
50797,Обычный
50798,Плохой
50799,Обычный
50808,Обычный
50809,Обычный
50810,Обычный
50811,Обычный
50812,Обычный
50813,Обычный
50814,Обычный
50815,Обычный
50824,Обычный
50825,Обычный
50826,Обычный
50827,Обычный
50828,Обычный
50829,Обычный
50830,Обычный
50831,Обычный
50832,Обычный
50833,Обычный
50834,Обычный
50835,Обычный
50836,Обычный
50837,Обычный
50838,Обычный
50839,Обычный
50880,Обычный
50881,Плохой
50882,Обычный
50883,Плохой
50884,Обычный
50885,Плохой
50886,Плохой
50887,Обычный
50896,Обычный
50897,Обычный
50898,Обычный
50899,Обычный
50900,Обычный
50901,Обычный
50902,Обычный
50903,Обычный
50928,Плохой
50929,Плохой
50930,Плохой
50931,Плохой
50932,Плохой
50933,Плохой
50934,Плохой
50935,Плохой
50936,Обычный
50937,Обычный
50938,Обычный
50939,Обычный
50940,Обычный
50941,Обычный
50942,Обычный
50943,Обычный
50960,Обычный
50961,Обычный
50962,Обычный
50963,Обычный
50964,Обычный
50965,Обычный
50966,Обычный
50967,Обычный
50984,Хороший
50985,Хороший
50986,Обычный
50987,Хороший
50988,Хороший
50989,Обычный
50990,Хороший
50991,Хороший
51024,Обычный
51025,Обычный
51026,Обычный
51027,Обычный
51028,Обычный
51029,Обычный
51030,Обычный
51031,Обычный
51040,Плохой
51041,Плохой
51042,Плохой
51043,Плохой
51044,Плохой
51045,Плохой
51046,Плохой
51047,Плохой
51048,Хороший
51049,Обычный
51050,Обычный
51051,Хороший
51052,Обычный
51053,Обычный
51054,Обычный
51055,Обычный
51056,Обычный
51057,Обычный
51058,Обычный
51059,Обычный
51060,Обычный
51061,Обычный
51062,Обычный
51063,Обычный
51080,Обычный
51081,Обычный
51082,Обычный
51083,Обычный
51084,Обычный
51085,Обычный
51086,Обычный
51087,Обычный
51096,Обычный
51097,Хороший
51098,Обычный
51099,Обычный
51100,Хороший
51101,Обычный
51102,Обычный
51103,Хороший
51112,Обычный
51113,Обычный
51114,Обычный
51115,Обычный
51116,Обычный
51117,Обычный
51118,Обычный
51119,Обычный
51160,Плохой
51161,Плохой
51162,Обычный
51163,Обычный
51164,Обычный
51165,Плохой
51166,Обычный
51167,Обычный
51192,Плохой
51193,Плохой
51194,Обычный
51195,Плохой
51196,Плохой
51197,Плохой
51198,Плохой
51199,Плохой
51208,Хороший
51209,Хороший
51210,Хороший
51211,Хороший
51212,Обычный
51213,Хороший
51214,Хороший
51215,Хороший
51216,Хороший
51217,Хороший
51218,Обычный
51219,Обычный
51220,Хороший
51221,Хороший
51222,Обычный
51223,Обычный
51224,Хороший
51225,Хороший
51226,Хороший
51227,Хороший
51228,Хороший
51229,Хороший
51230,Хороший
51231,Хороший
51272,Обычный
51273,Обычный
51274,Обычный
51275,Обычный
51276,Обычный
51277,Обычный
51278,Обычный
51279,Обычный
51280,Плохой
51281,Обычный
51282,Обычный
51283,Обычный
51284,Плохой
51285,Плохой
51286,Плохой
51287,Плохой
51296,Обычный
51297,Обычный
51298,Обычный
51299,Обычный
51300,Обычный
51301,Обычный
51302,Обычный
51303,Обычный
51328,Обычный
51329,Обычный
51330,Обычный
51331,Хороший
51332,Обычный
51333,Хороший
51334,Обычный
51335,Обычный
51416,Плохой
51417,Плохой
51418,Плохой
51419,Плохой
51420,Плохой
51421,Плохой
51422,Плохой
51423,Плохой
51424,Обычный
51425,Обычный
51426,Обычный
51427,Обычный
51428,Обычный
51429,Обычный
51430,Обычный
51431,Обычный
51440,Плохой
51441,Плохой
51442,Плохой
51443,Плохой
51444,Плохой
51445,Плохой
51446,Плохой
51447,Плохой
51448,Обычный
51449,Обычный
51450,Обычный
51451,Обычный
51452,Обычный
51453,Обычный
51454,Обычный
51455,Обычный
51480,Обычный
51481,Обычный
51482,Обычный
51483,Обычный
51484,Обычный
51485,Обычный
51486,Обычный
51487,Обычный
51488,Хороший
51489,Хороший
51490,Хороший
51491,Хороший
51492,Хороший
51493,Хороший
51494,Хороший
51495,Хороший
51512,Плохой
51513,Обычный
51514,Обычный
51515,Плохой
51516,Плохой
51517,Обычный
51518,Плохой
51519,Плохой
51528,Обычный
51529,Обычный
51530,Обычный
51531,Обычный
51532,Обычный
51533,Обычный
51534,Обычный
51535,Обычный
51560,Обычный
51561,Обычный
51562,Обычный
51563,Обычный
51564,Обычный
51565,Обычный
51566,Обычный
51567,Обычный
51592,Обычный
51593,Обычный
51594,Обычный
51595,Обычный
51596,Обычный
51597,Обычный
51598,Обычный
51599,Обычный
51600,Обычный
51601,Обычный
51602,Обычный
51603,Обычный
51604,Обычный
51605,Обычный
51606,Обычный
51607,Обычный
51616,Обычный
51617,Обычный
51618,Обычный
51619,Обычный
51620,Обычный
51621,Обычный
51622,Обычный
51623,Обычный
51624,Плохой
51625,Плохой
51626,Плохой
51627,Плохой
51628,Плохой
51629,Плохой
51630,Плохой
51631,Плохой
51632,Обычный
51633,Обычный
51634,Обычный
51635,Обычный
51636,Обычный
51637,Обычный
51638,Обычный
51639,Обычный
51640,Обычный
51641,Обычный
51642,Обычный
51643,Обычный
51644,Обычный
51645,Обычный
51646,Обычный
51647,Обычный
51656,Обычный
51657,Обычный
51658,Обычный
51659,Обычный
51660,Обычный
51661,Обычный
51662,Обычный
51663,Обычный
51688,Обычный
51689,Обычный
51690,Обычный
51691,Обычный
51692,Обычный
51693,Обычный
51694,Обычный
51695,Обычный
51696,Плохой
51697,Плохой
51698,Плохой
51699,Плохой
51700,Плохой
51701,Плохой
51702,Плохой
51703,Плохой
51728,Обычный
51729,Обычный
51730,Плохой
51731,Плохой
51732,Плохой
51733,Обычный
51734,Обычный
51735,Плохой
51760,Обычный
51761,Обычный
51762,Обычный
51763,Плохой
51764,Обычный
51765,Обычный
51766,Обычный
51767,Плохой
51784,Обычный
51785,Плохой
51786,Плохой
51787,Плохой
51788,Плохой
51789,Плохой
51790,Плохой
51791,Обычный
51792,Обычный
51793,Обычный
51794,Обычный
51795,Обычный
51796,Обычный
51797,Обычный
51798,Обычный
51799,Обычный
51808,Обычный
51809,Обычный
51810,Обычный
51811,Обычный
51812,Обычный
51813,Обычный
51814,Обычный
51815,Обычный
51816,Обычный
51817,Обычный
51818,Обычный
51819,Обычный
51820,Обычный
51821,Обычный
51822,Обычный
51823,Обычный
51848,Хороший
51849,Хороший
51850,Хороший
51851,Хороший
51852,Хороший
51853,Хороший
51854,Хороший
51855,Хороший
51856,Хороший
51857,Хороший
51858,Хороший
51859,Хороший
51860,Хороший
51861,Хороший
51862,Хороший
51863,Хороший
51888,Плохой
51889,Плохой
51890,Плохой
51891,Плохой
51892,Плохой
51893,Плохой
51894,Плохой
51895,Плохой
51912,Плохой
51913,Плохой
51914,Плохой
51915,Плохой
51916,Плохой
51917,Плохой
51918,Плохой
51919,Плохой
51936,Обычный
51937,Обычный
51938,Обычный
51939,Обычный
51940,Обычный
51941,Обычный
51942,Обычный
51943,Обычный
51952,Обычный
51953,Обычный
51954,Обычный
51955,Обычный
51956,Обычный
51957,Обычный
51958,Обычный
51959,Обычный
52056,Обычный
52057,Обычный
52058,Обычный
52059,Обычный
52060,Обычный
52061,Обычный
52062,Обычный
52063,Обычный
52064,Обычный
52065,Обычный
52066,Обычный
52067,Обычный
52068,Обычный
52069,Обычный
52070,Обычный
52071,Обычный
52088,Плохой
52089,Плохой
52090,Плохой
52091,Плохой
52092,Плохой
52093,Плохой
52094,Плохой
52095,Плохой
52136,Обычный
52137,Обычный
52138,Обычный
52139,Обычный
52140,Обычный
52141,Обычный
52142,Обычный
52143,Обычный
52160,Плохой
52161,Плохой
52162,Плохой
52163,Обычный
52164,Плохой
52165,Обычный
52166,Обычный
52167,Плохой
52168,Хороший
52169,Хороший
52170,Хороший
52171,Обычный
52172,Хороший
52173,Хороший
52174,Хороший
52175,Хороший
52176,Плохой
52177,Обычный
52178,Плохой
52179,Плохой
52180,Плохой
52181,Плохой
52182,Плохой
52183,Плохой
52232,Обычный
52233,Обычный
52234,Обычный
52235,Обычный
52236,Обычный
52237,Обычный
52238,Обычный
52239,Обычный
52280,Плохой
52281,Плохой
52282,Плохой
52283,Плохой
52284,Плохой
52285,Плохой
52286,Плохой
52287,Плохой
52320,Обычный
52321,Обычный
52322,Обычный
52323,Обычный
52324,Обычный
52325,Обычный
52326,Обычный
52327,Обычный
52328,Плохой
52329,Плохой
52330,Плохой
52331,Обычный
52332,Плохой
52333,Обычный
52334,Обычный
52335,Плохой
52352,Обычный
52353,Обычный
52354,Обычный
52355,Обычный
52356,Обычный
52357,Обычный
52358,Обычный
52359,Обычный
52392,Плохой
52393,Плохой
52394,Плохой
52395,Плохой
52396,Плохой
52397,Плохой
52398,Плохой
52399,Плохой
52400,Обычный
52401,Обычный
52402,Обычный
52403,Обычный
52404,Обычный
52405,Обычный
52406,Обычный
52407,Обычный
52432,Обычный
52433,Обычный
52434,Обычный
52435,Обычный
52436,Обычный
52437,Обычный
52438,Обычный
52439,Плохой
52496,Плохой
52497,Плохой
52498,Плохой
52499,Плохой
52500,Плохой
52501,Плохой
52502,Плохой
52503,Плохой
52504,Обычный
52505,Хороший
52506,Хороший
52507,Хороший
52508,Хороший
52509,Хороший
52510,Хороший
52511,Хороший
52512,Обычный
52513,Обычный
52514,Обычный
52515,Обычный
52516,Обычный
52517,Обычный
52518,Обычный
52519,Обычный
52528,Хороший
52529,Хороший
52530,Хороший
52531,Хороший
52532,Хороший
52533,Хороший
52534,Хороший
52535,Хороший
52552,Хороший
52553,Обычный
52554,Хороший
52555,Хороший
52556,Хороший
52557,Хороший
52558,Хороший
52559,Обычный
52568,Обычный
52569,Обычный
52570,Обычный
52571,Обычный
52572,Обычный
52573,Обычный
52574,Обычный
52575,Обычный
52584,Обычный
52585,Обычный
52586,Обычный
52587,Обычный
52588,Обычный
52589,Обычный
52590,Обычный
52591,Обычный
52592,Плохой
52593,Плохой
52594,Обычный
52595,Обычный
52596,Обычный
52597,Обычный
52598,Обычный
52599,Обычный
52600,Обычный
52601,Обычный
52602,Обычный
52603,Обычный
52604,Обычный
52605,Обычный
52606,Обычный
52607,Обычный
52624,Плохой
52625,Плохой
52626,Плохой
52627,Плохой
52628,Плохой
52629,Плохой
52630,Плохой
52631,Плохой
52640,Обычный
52641,Обычный
52642,Обычный
52643,Обычный
52644,Обычный
52645,Обычный
52646,Обычный
52647,Обычный
52696,Плохой
52697,Плохой
52698,Плохой
52699,Плохой
52700,Плохой
52701,Плохой
52702,Плохой
52703,Плохой
52704,Обычный
52705,Обычный
52706,Обычный
52707,Обычный
52708,Обычный
52709,Обычный
52710,Обычный
52711,Обычный
52712,Хороший
52713,Хороший
52714,Обычный
52715,Хороший
52716,Хороший
52717,Хороший
52718,Хороший
52719,Хороший
52720,Обычный
52721,Обычный
52722,Обычный
52723,Обычный
52724,Обычный
52725,Обычный
52726,Обычный
52727,Обычный
52728,Обычный
52729,Обычный
52730,Обычный
52731,Обычный
52732,Обычный
52733,Обычный
52734,Обычный
52735,Обычный
52760,Хороший
52761,Хороший
52762,Хороший
52763,Хороший
52764,Обычный
52765,Хороший
52766,Хороший
52767,Хороший
52792,Плохой
52793,Плохой
52794,Плохой
52795,Плохой
52796,Плохой
52797,Плохой
52798,Плохой
52799,Плохой
52800,Хороший
52801,Хороший
52802,Хороший
52803,Хороший
52804,Хороший
52805,Хороший
52806,Хороший
52807,Хороший
52808,Плохой
52809,Плохой
52810,Плохой
52811,Плохой
52812,Плохой
52813,Плохой
52814,Плохой
52815,Плохой
52824,Обычный
52825,Обычный
52826,Обычный
52827,Обычный
52828,Обычный
52829,Обычный
52830,Хороший
52831,Обычный
52888,Хороший
52889,Обычный
52890,Хороший
52891,Хороший
52892,Хороший
52893,Хороший
52894,Хороший
52895,Хороший
52904,Обычный
52905,Хороший
52906,Обычный
52907,Обычный
52908,Хороший
52909,Обычный
52910,Хороший
52911,Обычный
52920,Плохой
52921,Плохой
52922,Плохой
52923,Плохой
52924,Плохой
52925,Плохой
52926,Плохой
52927,Плохой
52960,Хороший
52961,Хороший
52962,Хороший
52963,Хороший
52964,Хороший
52965,Хороший
52966,Хороший
52967,Хороший
52968,Обычный
52969,Обычный
52970,Обычный
52971,Обычный
52972,Обычный
52973,Обычный
52974,Обычный
52975,Обычный
52976,Хороший
52977,Хороший
52978,Хороший
52979,Хороший
52980,Хороший
52981,Хороший
52982,Хороший
52983,Хороший
52992,Плохой
52993,Плохой
52994,Плохой
52995,Обычный
52996,Плохой
52997,Плохой
52998,Обычный
52999,Плохой
53048,Плохой
53049,Плохой
53050,Плохой
53051,Плохой
53052,Плохой
53053,Плохой
53054,Плохой
53055,Плохой
53136,Обычный
53137,Обычный
53138,Обычный
53139,Обычный
53140,Обычный
53141,Обычный
53142,Обычный
53143,Обычный
53144,Обычный
53145,Обычный
53146,Обычный
53147,Обычный
53148,Обычный
53149,Обычный
53150,Обычный
53151,Обычный
53168,Обычный
53169,Обычный
53170,Обычный
53171,Обычный
53172,Обычный
53173,Обычный
53174,Обычный
53175,Обычный
53176,Плохой
53177,Обычный
53178,Плохой
53179,Обычный
53180,Плохой
53181,Плохой
53182,Плохой
53183,Плохой
53184,Плохой
53185,Плохой
53186,Плохой
53187,Плохой
53188,Плохой
53189,Плохой
53190,Плохой
53191,Плохой
53192,Обычный
53193,Обычный
53194,Обычный
53195,Обычный
53196,Обычный
53197,Обычный
53198,Обычный
53199,Обычный
53208,Плохой
53209,Обычный
53210,Обычный
53211,Обычный
53212,Обычный
53213,Плохой
53214,Обычный
53215,Обычный
53240,Обычный
53241,Обычный
53242,Обычный
53243,Обычный
53244,Обычный
53245,Обычный
53246,Обычный
53247,Обычный
53264,Хороший
53265,Хороший
53266,Хороший
53267,Хороший
53268,Хороший
53269,Хороший
53270,Хороший
53271,Хороший
53272,Плохой
53273,Плохой
53274,Плохой
53275,Плохой
53276,Плохой
53277,Плохой
53278,Плохой
53279,Плохой
53280,Обычный
53281,Обычный
53282,Обычный
53283,Обычный
53284,Обычный
53285,Обычный
53286,Обычный
53287,Обычный
53320,Обычный
53321,Обычный
53322,Обычный
53323,Обычный
53324,Обычный
53325,Обычный
53326,Обычный
53327,Обычный
53344,Обычный
53345,Обычный
53346,Обычный
53347,Обычный
53348,Обычный
53349,Обычный
53350,Обычный
53351,Обычный
53368,Обычный
53369,Плохой
53370,Плохой
53371,Плохой
53372,Плохой
53373,Плохой
53374,Плохой
53375,Плохой
53376,Плохой
53377,Плохой
53378,Плохой
53379,Плохой
53380,Плохой
53381,Плохой
53382,Плохой
53383,Плохой
53408,Обычный
53409,Обычный
53410,Обычный
53411,Обычный
53412,Обычный
53413,Обычный
53414,Обычный
53415,Обычный
53416,Обычный
53417,Обычный
53418,Обычный
53419,Обычный
53420,Обычный
53421,Обычный
53422,Обычный
53423,Обычный
53440,Обычный
53441,Обычный
53442,Обычный
53443,Обычный
53444,Обычный
53445,Обычный
53446,Обычный
53447,Обычный
53488,Обычный
53489,Обычный
53490,Обычный
53491,Обычный
53492,Обычный
53493,Обычный
53494,Обычный
53495,Обычный
53520,Хороший
53521,Хороший
53522,Хороший
53523,Хороший
53524,Хороший
53525,Хороший
53526,Хороший
53527,Хороший
53528,Обычный
53529,Обычный
53530,Обычный
53531,Обычный
53532,Обычный
53533,Обычный
53534,Обычный
53535,Обычный
53592,Обычный
53593,Обычный
53594,Обычный
53595,Обычный
53596,Обычный
53597,Обычный
53598,Обычный
53599,Обычный
53616,Обычный
53617,Обычный
53618,Обычный
53619,Обычный
53620,Обычный
53621,Обычный
53622,Обычный
53623,Обычный
53680,Плохой
53681,Плохой
53682,Плохой
53683,Плохой
53684,Плохой
53685,Плохой
53686,Плохой
53687,Плохой
53688,Плохой
53689,Плохой
53690,Плохой
53691,Плохой
53692,Обычный
53693,Плохой
53694,Плохой
53695,Плохой
53696,Плохой
53697,Обычный
53698,Плохой
53699,Плохой
53700,Плохой
53701,Плохой
53702,Плохой
53703,Плохой
53736,Обычный
53737,Обычный
53738,Обычный
53739,Обычный
53740,Обычный
53741,Обычный
53742,Обычный
53743,Обычный
53744,Обычный
53745,Обычный
53746,Обычный
53747,Обычный
53748,Обычный
53749,Обычный
53750,Обычный
53751,Обычный
53760,Обычный
53761,Обычный
53762,Обычный
53763,Обычный
53764,Обычный
53765,Обычный
53766,Обычный
53767,Обычный
53776,Обычный
53777,Обычный
53778,Обычный
53779,Обычный
53780,Хороший
53781,Обычный
53782,Обычный
53783,Обычный
53792,Плохой
53793,Плохой
53794,Плохой
53795,Плохой
53796,Плохой
53797,Плохой
53798,Плохой
53799,Плохой
53824,Плохой
53825,Плохой
53826,Плохой
53827,Плохой
53828,Плохой
53829,Плохой
53830,Плохой
53831,Плохой
53832,Плохой
53833,Обычный
53834,Плохой
53835,Плохой
53836,Плохой
53837,Обычный
53838,Плохой
53839,Плохой
53864,Обычный
53865,Обычный
53866,Обычный
53867,Обычный
53868,Обычный
53869,Обычный
53870,Обычный
53871,Обычный
53880,Плохой
53881,Плохой
53882,Плохой
53883,Плохой
53884,Плохой
53885,Плохой
53886,Плохой
53887,Обычный
53888,Обычный
53889,Обычный
53890,Обычный
53891,Обычный
53892,Обычный
53893,Обычный
53894,Обычный
53895,Обычный
53896,Обычный
53897,Обычный
53898,Обычный
53899,Обычный
53900,Обычный
53901,Обычный
53902,Обычный
53903,Обычный
53904,Плохой
53905,Плохой
53906,Обычный
53907,Плохой
53908,Плохой
53909,Плохой
53910,Плохой
53911,Плохой
53960,Плохой
53961,Плохой
53962,Плохой
53963,Плохой
53964,Плохой
53965,Плохой
53966,Плохой
53967,Плохой
53976,Обычный
53977,Обычный
53978,Обычный
53979,Обычный
53980,Обычный
53981,Обычный
53982,Обычный
53983,Обычный
54000,Обычный
54001,Обычный
54002,Обычный
54003,Обычный
54004,Обычный
54005,Обычный
54006,Обычный
54007,Обычный
54048,Обычный
54049,Обычный
54050,Обычный
54051,Обычный
54052,Обычный
54053,Плохой
54054,Обычный
54055,Обычный
54072,Обычный
54073,Хороший
54074,Обычный
54075,Обычный
54076,Обычный
54077,Хороший
54078,Обычный
54079,Обычный
54136,Обычный
54137,Обычный
54138,Хороший
54139,Обычный
54140,Хороший
54141,Обычный
54142,Обычный
54143,Обычный
54160,Обычный
54161,Обычный
54162,Обычный
54163,Обычный
54164,Обычный
54165,Обычный
54166,Обычный
54167,Обычный
54168,Обычный
54169,Обычный
54170,Обычный
54171,Плохой
54172,Обычный
54173,Обычный
54174,Обычный
54175,Обычный
54200,Плохой
54201,Плохой
54202,Плохой
54203,Плохой
54204,Плохой
54205,Плохой
54206,Плохой
54207,Плохой
54216,Хороший
54217,Хороший
54218,Хороший
54219,Хороший
54220,Хороший
54221,Хороший
54222,Хороший
54223,Хороший
54232,Хороший
54233,Хороший
54234,Хороший
54235,Хороший
54236,Хороший
54237,Хороший
54238,Хороший
54239,Хороший
54240,Обычный
54241,Обычный
54242,Обычный
54243,Хороший
54244,Обычный
54245,Обычный
54246,Обычный
54247,Обычный
54280,Обычный
54281,Обычный
54282,Обычный
54283,Обычный
54284,Обычный
54285,Обычный
54286,Обычный
54287,Обычный
54288,Плохой
54289,Плохой
54290,Плохой
54291,Плохой
54292,Плохой
54293,Плохой
54294,Плохой
54295,Плохой
54304,Хороший
54305,Обычный
54306,Обычный
54307,Обычный
54308,Хороший
54309,Хороший
54310,Хороший
54311,Хороший
54328,Обычный
54329,Обычный
54330,Обычный
54331,Обычный
54332,Обычный
54333,Обычный
54334,Обычный
54335,Обычный
54360,Обычный
54361,Обычный
54362,Плохой
54363,Плохой
54364,Плохой
54365,Плохой
54366,Плохой
54367,Обычный
54400,Хороший
54401,Хороший
54402,Хороший
54403,Хороший
54404,Хороший
54405,Хороший
54406,Хороший
54407,Хороший
54408,Хороший
54409,Хороший
54410,Хороший
54411,Хороший
54412,Хороший
54413,Хороший
54414,Хороший
54415,Хороший
54456,Обычный
54457,Обычный
54458,Обычный
54459,Обычный
54460,Обычный
54461,Обычный
54462,Обычный
54463,Обычный
54504,Плохой
54505,Плохой
54506,Плохой
54507,Плохой
54508,Плохой
54509,Плохой
54510,Плохой
54511,Плохой
54528,Обычный
54529,Обычный
54530,Обычный
54531,Обычный
54532,Обычный
54533,Обычный
54534,Обычный
54535,Обычный
54552,Обычный
54553,Обычный
54554,Обычный
54555,Обычный
54556,Обычный
54557,Обычный
54558,Обычный
54559,Обычный
54560,Плохой
54561,Плохой
54562,Плохой
54563,Плохой
54564,Плохой
54565,Плохой
54566,Плохой
54567,Обычный
54576,Обычный
54577,Обычный
54578,Обычный
54579,Обычный
54580,Обычный
54581,Обычный
54582,Обычный
54583,Обычный
54592,Обычный
54593,Обычный
54594,Обычный
54595,Обычный
54596,Обычный
54597,Обычный
54598,Обычный
54599,Обычный
54600,Обычный
54601,Обычный
54602,Обычный
54603,Обычный
54604,Обычный
54605,Обычный
54606,Обычный
54607,Обычный
54640,Обычный
54641,Обычный
54642,Обычный
54643,Обычный
54644,Обычный
54645,Обычный
54646,Обычный
54647,Обычный
54648,Плохой
54649,Плохой
54650,Плохой
54651,Плохой
54652,Плохой
54653,Плохой
54654,Плохой
54655,Плохой
54656,Обычный
54657,Обычный
54658,Обычный
54659,Обычный
54660,Обычный
54661,Обычный
54662,Обычный
54663,Обычный
54664,Обычный
54665,Обычный
54666,Хороший
54667,Хороший
54668,Обычный
54669,Хороший
54670,Обычный
54671,Хороший
54712,Обычный
54713,Обычный
54714,Обычный
54715,Обычный
54716,Обычный
54717,Обычный
54718,Обычный
54719,Обычный
54760,Плохой
54761,Плохой
54762,Плохой
54763,Плохой
54764,Плохой
54765,Плохой
54766,Плохой
54767,Плохой
54776,Хороший
54777,Обычный
54778,Обычный
54779,Обычный
54780,Хороший
54781,Обычный
54782,Обычный
54783,Обычный
54808,Плохой
54809,Обычный
54810,Обычный
54811,Плохой
54812,Обычный
54813,Обычный
54814,Обычный
54815,Плохой
54832,Хороший
54833,Хороший
54834,Хороший
54835,Хороший
54836,Хороший
54837,Хороший
54838,Хороший
54839,Обычный
54840,Хороший
54841,Хороший
54842,Хороший
54843,Хороший
54844,Хороший
54845,Хороший
54846,Хороший
54847,Хороший
54872,Плохой
54873,Плохой
54874,Плохой
54875,Плохой
54876,Плохой
54877,Плохой
54878,Плохой
54879,Плохой
54928,Обычный
54929,Обычный
54930,Обычный
54931,Обычный
54932,Обычный
54933,Обычный
54934,Плохой
54935,Обычный
54936,Плохой
54937,Плохой
54938,Плохой
54939,Плохой
54940,Плохой
54941,Плохой
54942,Плохой
54943,Плохой
54944,Плохой
54945,Плохой
54946,Плохой
54947,Плохой
54948,Плохой
54949,Плохой
54950,Плохой
54951,Плохой
54960,Обычный
54961,Обычный
54962,Обычный
54963,Обычный
54964,Обычный
54965,Обычный
54966,Обычный
54967,Обычный
54984,Обычный
54985,Обычный
54986,Обычный
54987,Обычный
54988,Обычный
54989,Хороший
54990,Обычный
54991,Обычный
55008,Хороший
55009,Хороший
55010,Хороший
55011,Обычный
55012,Хороший
55013,Хороший
55014,Хороший
55015,Хороший
55032,Плохой
55033,Плохой
55034,Плохой
55035,Плохой
55036,Плохой
55037,Плохой
55038,Плохой
55039,Плохой
55112,Обычный
55113,Обычный
55114,Обычный
55115,Обычный
55116,Обычный
55117,Обычный
55118,Обычный
55119,Обычный
55144,Обычный
55145,Обычный
55146,Обычный
55147,Обычный
55148,Обычный
55149,Обычный
55150,Обычный
55151,Обычный
55200,Плохой
55201,Плохой
55202,Плохой
55203,Плохой
55204,Плохой
55205,Плохой
55206,Плохой
55207,Плохой
55216,Обычный
55217,Обычный
55218,Обычный
55219,Обычный
55220,Обычный
55221,Обычный
55222,Обычный
55223,Обычный
55240,Плохой
55241,Плохой
55242,Плохой
55243,Плохой
55244,Плохой
55245,Плохой
55246,Плохой
55247,Плохой
55280,Обычный
55281,Обычный
55282,Обычный
55283,Обычный
55284,Обычный
55285,Обычный
55286,Обычный
55287,Обычный
55288,Обычный
55289,Обычный
55290,Обычный
55291,Обычный
55292,Обычный
55293,Обычный
55294,Обычный
55295,Обычный
55384,Плохой
55385,Плохой
55386,Плохой
55387,Обычный
55388,Обычный
55389,Плохой
55390,Плохой
55391,Обычный
55416,Плохой
55417,Плохой
55418,Плохой
55419,Плохой
55420,Плохой
55421,Плохой
55422,Плохой
55423,Плохой
55448,Обычный
55449,Обычный
55450,Обычный
55451,Обычный
55452,Обычный
55453,Обычный
55454,Обычный
55455,Обычный
55456,Обычный
55457,Хороший
55458,Хороший
55459,Хороший
55460,Хороший
55461,Хороший
55462,Хороший
55463,Хороший
55504,Обычный
55505,Обычный
55506,Обычный
55507,Обычный
55508,Обычный
55509,Обычный
55510,Обычный
55511,Обычный
55528,Обычный
55529,Обычный
55530,Обычный
55531,Обычный
55532,Обычный
55533,Обычный
55534,Обычный
55535,Обычный
55552,Обычный
55553,Обычный
55554,Обычный
55555,Обычный
55556,Обычный
55557,Обычный
55558,Обычный
55559,Обычный
55568,Хороший
55569,Хороший
55570,Хороший
55571,Хороший
55572,Хороший
55573,Хороший
55574,Хороший
55575,Хороший
55576,Плохой
55577,Плохой
55578,Плохой
55579,Плохой
55580,Плохой
55581,Плохой
55582,Плохой
55583,Плохой
55584,Плохой
55585,Плохой
55586,Плохой
55587,Плохой
55588,Плохой
55589,Плохой
55590,Плохой
55591,Плохой
55600,Обычный
55601,Обычный
55602,Обычный
55603,Обычный
55604,Обычный
55605,Обычный
55606,Обычный
55607,Обычный
55640,Хороший
55641,Хороший
55642,Хороший
55643,Хороший
55644,Хороший
55645,Обычный
55646,Хороший
55647,Хороший
55648,Обычный
55649,Обычный
55650,Обычный
55651,Обычный
55652,Обычный
55653,Обычный
55654,Обычный
55655,Обычный
55672,Хороший
55673,Хороший
55674,Хороший
55675,Хороший
55676,Хороший
55677,Хороший
55678,Хороший
55679,Хороший
55704,Обычный
55705,Обычный
55706,Обычный
55707,Обычный
55708,Обычный
55709,Обычный
55710,Обычный
55711,Обычный
55728,Обычный
55729,Обычный
55730,Хороший
55731,Обычный
55732,Хороший
55733,Обычный
55734,Обычный
55735,Хороший
55736,Обычный
55737,Обычный
55738,Обычный
55739,Обычный
55740,Обычный
55741,Обычный
55742,Обычный
55743,Обычный
55744,Обычный
55745,Обычный
55746,Обычный
55747,Обычный
55748,Обычный
55749,Обычный
55750,Обычный
55751,Обычный
55752,Обычный
55753,Обычный
55754,Обычный
55755,Обычный
55756,Обычный
55757,Обычный
55758,Обычный
55759,Обычный
55792,Обычный
55793,Обычный
55794,Обычный
55795,Обычный
55796,Обычный
55797,Обычный
55798,Обычный
55799,Обычный
55808,Обычный
55809,Обычный
55810,Обычный
55811,Обычный
55812,Обычный
55813,Обычный
55814,Обычный
55815,Обычный
55816,Обычный
55817,Обычный
55818,Обычный
55819,Обычный
55820,Обычный
55821,Обычный
55822,Обычный
55823,Обычный
55840,Обычный
55841,Обычный
55842,Обычный
55843,Обычный
55844,Плохой
55845,Плохой
55846,Обычный
55847,Обычный
55848,Плохой
55849,Плохой
55850,Плохой
55851,Плохой
55852,Плохой
55853,Плохой
55854,Плохой
55855,Плохой
55856,Обычный
55857,Обычный
55858,Обычный
55859,Обычный
55860,Обычный
55861,Обычный
55862,Обычный
55863,Обычный
55880,Обычный
55881,Обычный
55882,Плохой
55883,Обычный
55884,Обычный
55885,Обычный
55886,Обычный
55887,Плохой
55888,Обычный
55889,Обычный
55890,Обычный
55891,Обычный
55892,Обычный
55893,Обычный
55894,Обычный
55895,Обычный
55904,Хороший
55905,Хороший
55906,Хороший
55907,Хороший
55908,Хороший
55909,Хороший
55910,Хороший
55911,Хороший
55912,Обычный
55913,Обычный
55914,Обычный
55915,Обычный
55916,Обычный
55917,Обычный
55918,Обычный
55919,Обычный
55920,Плохой
55921,Плохой
55922,Плохой
55923,Плохой
55924,Плохой
55925,Плохой
55926,Плохой
55927,Плохой
55928,Обычный
55929,Обычный
55930,Обычный
55931,Обычный
55932,Обычный
55933,Обычный
55934,Обычный
55935,Обычный
55944,Плохой
55945,Плохой
55946,Плохой
55947,Плохой
55948,Плохой
55949,Плохой
55950,Плохой
55951,Плохой
55968,Хороший
55969,Хороший
55970,Хороший
55971,Хороший
55972,Хороший
55973,Хороший
55974,Хороший
55975,Хороший
55976,Обычный
55977,Обычный
55978,Обычный
55979,Обычный
55980,Обычный
55981,Обычный
55982,Обычный
55983,Обычный
55984,Обычный
55985,Обычный
55986,Обычный
55987,Обычный
55988,Обычный
55989,Обычный
55990,Обычный
55991,Обычный
56000,Обычный
56001,Плохой
56002,Плохой
56003,Плохой
56004,Плохой
56005,Плохой
56006,Плохой
56007,Плохой
56040,Плохой
56041,Плохой
56042,Плохой
56043,Плохой
56044,Плохой
56045,Плохой
56046,Плохой
56047,Плохой
56072,Хороший
56073,Обычный
56074,Хороший
56075,Хороший
56076,Хороший
56077,Хороший
56078,Хороший
56079,Хороший
56088,Обычный
56089,Обычный
56090,Обычный
56091,Обычный
56092,Обычный
56093,Обычный
56094,Обычный
56095,Обычный
56120,Плохой
56121,Обычный
56122,Обычный
56123,Плохой
56124,Плохой
56125,Обычный
56126,Плохой
56127,Плохой
56128,Обычный
56129,Обычный
56130,Обычный
56131,Обычный
56132,Обычный
56133,Обычный
56134,Обычный
56135,Обычный
56136,Плохой
56137,Плохой
56138,Плохой
56139,Плохой
56140,Плохой
56141,Плохой
56142,Плохой
56143,Плохой
56144,Плохой
56145,Плохой
56146,Плохой
56147,Плохой
56148,Плохой
56149,Плохой
56150,Плохой
56151,Плохой
56160,Обычный
56161,Обычный
56162,Обычный
56163,Обычный
56164,Обычный
56165,Обычный
56166,Обычный
56167,Обычный
56168,Обычный
56169,Обычный
56170,Обычный
56171,Обычный
56172,Обычный
56173,Обычный
56174,Обычный
56175,Обычный
56256,Хороший
56257,Хороший
56258,Хороший
56259,Хороший
56260,Обычный
56261,Хороший
56262,Хороший
56263,Хороший
56280,Обычный
56281,Обычный
56282,Обычный
56283,Обычный
56284,Обычный
56285,Обычный
56286,Обычный
56287,Обычный
56288,Хороший
56289,Хороший
56290,Хороший
56291,Хороший
56292,Хороший
56293,Хороший
56294,Хороший
56295,Хороший
56312,Обычный
56313,Обычный
56314,Обычный
56315,Обычный
56316,Обычный
56317,Обычный
56318,Обычный
56319,Обычный
56320,Хороший
56321,Хороший
56322,Хороший
56323,Хороший
56324,Хороший
56325,Хороший
56326,Хороший
56327,Хороший
56424,Обычный
56425,Обычный
56426,Обычный
56427,Обычный
56428,Плохой
56429,Обычный
56430,Обычный
56431,Обычный
56480,Хороший
56481,Хороший
56482,Хороший
56483,Хороший
56484,Хороший
56485,Хороший
56486,Хороший
56487,Хороший
56600,Обычный
56601,Обычный
56602,Обычный
56603,Обычный
56604,Обычный
56605,Обычный
56606,Обычный
56607,Обычный
56648,Обычный
56649,Обычный
56650,Обычный
56651,Обычный
56652,Обычный
56653,Обычный
56654,Обычный
56655,Обычный
56656,Плохой
56657,Обычный
56658,Плохой
56659,Плохой
56660,Плохой
56661,Обычный
56662,Обычный
56663,Плохой
56672,Обычный
56673,Обычный
56674,Обычный
56675,Обычный
56676,Обычный
56677,Обычный
56678,Обычный
56679,Обычный
56688,Хороший
56689,Обычный
56690,Обычный
56691,Обычный
56692,Обычный
56693,Хороший
56694,Хороший
56695,Хороший
56704,Обычный
56705,Обычный
56706,Хороший
56707,Хороший
56708,Хороший
56709,Хороший
56710,Обычный
56711,Обычный
56712,Обычный
56713,Обычный
56714,Обычный
56715,Обычный
56716,Обычный
56717,Обычный
56718,Обычный
56719,Обычный
56720,Обычный
56721,Обычный
56722,Обычный
56723,Обычный
56724,Обычный
56725,Обычный
56726,Обычный
56727,Обычный
56728,Плохой
56729,Плохой
56730,Плохой
56731,Плохой
56732,Плохой
56733,Обычный
56734,Плохой
56735,Плохой
56744,Плохой
56745,Плохой
56746,Плохой
56747,Плохой
56748,Обычный
56749,Плохой
56750,Обычный
56751,Плохой
56784,Плохой
56785,Плохой
56786,Плохой
56787,Плохой
56788,Плохой
56789,Плохой
56790,Плохой
56791,Плохой
56808,Плохой
56809,Плохой
56810,Плохой
56811,Плохой
56812,Плохой
56813,Плохой
56814,Плохой
56815,Плохой
56816,Обычный
56817,Обычный
56818,Хороший
56819,Обычный
56820,Обычный
56821,Обычный
56822,Обычный
56823,Обычный
56832,Плохой
56833,Плохой
56834,Плохой
56835,Плохой
56836,Плохой
56837,Плохой
56838,Плохой
56839,Плохой
56848,Обычный
56849,Обычный
56850,Обычный
56851,Обычный
56852,Обычный
56853,Обычный
56854,Обычный
56855,Обычный
56856,Хороший
56857,Хороший
56858,Хороший
56859,Хороший
56860,Хороший
56861,Хороший
56862,Хороший
56863,Хороший
56896,Обычный
56897,Обычный
56898,Обычный
56899,Обычный
56900,Обычный
56901,Обычный
56902,Обычный
56903,Обычный
56912,Обычный
56913,Обычный
56914,Обычный
56915,Обычный
56916,Обычный
56917,Обычный
56918,Обычный
56919,Обычный
56920,Хороший
56921,Хороший
56922,Хороший
56923,Хороший
56924,Хороший
56925,Хороший
56926,Хороший
56927,Обычный
56928,Хороший
56929,Обычный
56930,Хороший
56931,Обычный
56932,Обычный
56933,Обычный
56934,Обычный
56935,Обычный
56936,Плохой
56937,Плохой
56938,Плохой
56939,Плохой
56940,Плохой
56941,Плохой
56942,Плохой
56943,Плохой
56944,Обычный
56945,Обычный
56946,Обычный
56947,Обычный
56948,Обычный
56949,Обычный
56950,Обычный
56951,Обычный
56952,Обычный
56953,Обычный
56954,Обычный
56955,Обычный
56956,Обычный
56957,Обычный
56958,Обычный
56959,Обычный
56960,Плохой
56961,Плохой
56962,Плохой
56963,Плохой
56964,Плохой
56965,Плохой
56966,Плохой
56967,Плохой
56976,Обычный
56977,Обычный
56978,Обычный
56979,Обычный
56980,Обычный
56981,Обычный
56982,Обычный
56983,Обычный
56984,Обычный
56985,Обычный
56986,Обычный
56987,Обычный
56988,Обычный
56989,Обычный
56990,Обычный
56991,Обычный
56992,Хороший
56993,Хороший
56994,Хороший
56995,Хороший
56996,Хороший
56997,Хороший
56998,Хороший
56999,Хороший
57024,Обычный
57025,Обычный
57026,Обычный
57027,Обычный
57028,Обычный
57029,Обычный
57030,Обычный
57031,Обычный
57040,Обычный
57041,Обычный
57042,Обычный
57043,Хороший
57044,Хороший
57045,Обычный
57046,Обычный
57047,Обычный
57056,Плохой
57057,Обычный
57058,Плохой
57059,Плохой
57060,Обычный
57061,Плохой
57062,Обычный
57063,Обычный
57064,Обычный
57065,Обычный
57066,Обычный
57067,Обычный
57068,Обычный
57069,Обычный
57070,Обычный
57071,Обычный
57088,Плохой
57089,Плохой
57090,Плохой
57091,Плохой
57092,Обычный
57093,Обычный
57094,Обычный
57095,Плохой
57120,Плохой
57121,Плохой
57122,Плохой
57123,Плохой
57124,Плохой
57125,Плохой
57126,Плохой
57127,Плохой
57136,Хороший
57137,Хороший
57138,Хороший
57139,Хороший
57140,Хороший
57141,Хороший
57142,Хороший
57143,Хороший
57176,Обычный
57177,Обычный
57178,Обычный
57179,Плохой
57180,Плохой
57181,Обычный
57182,Обычный
57183,Обычный
57184,Плохой
57185,Плохой
57186,Плохой
57187,Плохой
57188,Плохой
57189,Обычный
57190,Обычный
57191,Плохой
57208,Обычный
57209,Обычный
57210,Обычный
57211,Обычный
57212,Обычный
57213,Обычный
57214,Обычный
57215,Обычный
57232,Обычный
57233,Обычный
57234,Обычный
57235,Обычный
57236,Обычный
57237,Обычный
57238,Обычный
57239,Обычный
57256,Обычный
57257,Плохой
57258,Обычный
57259,Плохой
57260,Плохой
57261,Обычный
57262,Плохой
57263,Плохой
57264,Хороший
57265,Хороший
57266,Хороший
57267,Хороший
57268,Хороший
57269,Хороший
57270,Хороший
57271,Хороший
57272,Хороший
57273,Хороший
57274,Хороший
57275,Хороший
57276,Хороший
57277,Хороший
57278,Хороший
57279,Обычный
57280,Хороший
57281,Хороший
57282,Хороший
57283,Хороший
57284,Обычный
57285,Хороший
57286,Обычный
57287,Хороший
57288,Обычный
57289,Обычный
57290,Обычный
57291,Обычный
57292,Обычный
57293,Обычный
57294,Обычный
57295,Обычный
57296,Обычный
57297,Обычный
57298,Обычный
57299,Обычный
57300,Обычный
57301,Обычный
57302,Обычный
57303,Обычный
57320,Плохой
57321,Плохой
57322,Плохой
57323,Плохой
57324,Плохой
57325,Плохой
57326,Плохой
57327,Плохой
57328,Плохой
57329,Плохой
57330,Плохой
57331,Плохой
57332,Плохой
57333,Плохой
57334,Плохой
57335,Плохой
57336,Обычный
57337,Обычный
57338,Обычный
57339,Обычный
57340,Обычный
57341,Обычный
57342,Обычный
57343,Обычный
57392,Обычный
57393,Обычный
57394,Обычный
57395,Обычный
57396,Обычный
57397,Обычный
57398,Обычный
57399,Обычный
57408,Хороший
57409,Хороший
57410,Хороший
57411,Хороший
57412,Хороший
57413,Хороший
57414,Обычный
57415,Хороший
57416,Плохой
57417,Плохой
57418,Плохой
57419,Плохой
57420,Плохой
57421,Обычный
57422,Плохой
57423,Плохой
57448,Плохой
57449,Плохой
57450,Плохой
57451,Плохой
57452,Плохой
57453,Плохой
57454,Плохой
57455,Плохой
57504,Обычный
57505,Обычный
57506,Обычный
57507,Обычный
57508,Обычный
57509,Обычный
57510,Обычный
57511,Обычный
57552,Обычный
57553,Обычный
57554,Обычный
57555,Обычный
57556,Обычный
57557,Обычный
57558,Обычный
57559,Обычный
57576,Обычный
57577,Обычный
57578,Обычный
57579,Обычный
57580,Обычный
57581,Обычный
57582,Обычный
57583,Обычный
57600,Обычный
57601,Обычный
57602,Обычный
57603,Обычный
57604,Обычный
57605,Обычный
57606,Обычный
57607,Хороший
57656,Плохой
57657,Плохой
57658,Плохой
57659,Плохой
57660,Плохой
57661,Плохой
57662,Плохой
57663,Плохой
57664,Обычный
57665,Обычный
57666,Обычный
57667,Обычный
57668,Обычный
57669,Обычный
57670,Обычный
57671,Обычный
57680,Плохой
57681,Плохой
57682,Плохой
57683,Плохой
57684,Плохой
57685,Плохой
57686,Плохой
57687,Плохой
57784,Плохой
57785,Плохой
57786,Плохой
57787,Плохой
57788,Плохой
57789,Плохой
57790,Плохой
57791,Плохой
57792,Плохой
57793,Плохой
57794,Плохой
57795,Плохой
57796,Плохой
57797,Плохой
57798,Плохой
57799,Плохой
57800,Плохой
57801,Плохой
57802,Плохой
57803,Плохой
57804,Плохой
57805,Плохой
57806,Плохой
57807,Плохой
57824,Обычный
57825,Обычный
57826,Обычный
57827,Обычный
57828,Обычный
57829,Обычный
57830,Обычный
57831,Обычный
57840,Обычный
57841,Обычный
57842,Обычный
57843,Обычный
57844,Обычный
57845,Обычный
57846,Обычный
57847,Обычный
57880,Обычный
57881,Обычный
57882,Обычный
57883,Обычный
57884,Обычный
57885,Плохой
57886,Плохой
57887,Плохой
57888,Обычный
57889,Обычный
57890,Обычный
57891,Обычный
57892,Обычный
57893,Обычный
57894,Обычный
57895,Хороший
57912,Обычный
57913,Обычный
57914,Обычный
57915,Обычный
57916,Обычный
57917,Обычный
57918,Обычный
57919,Обычный
57920,Хороший
57921,Хороший
57922,Хороший
57923,Хороший
57924,Хороший
57925,Хороший
57926,Хороший
57927,Хороший
57928,Плохой
57929,Плохой
57930,Плохой
57931,Плохой
57932,Плохой
57933,Плохой
57934,Плохой
57935,Плохой
57936,Плохой
57937,Плохой
57938,Плохой
57939,Плохой
57940,Плохой
57941,Плохой
57942,Плохой
57943,Плохой
57944,Плохой
57945,Плохой
57946,Плохой
57947,Плохой
57948,Плохой
57949,Плохой
57950,Плохой
57951,Плохой
57960,Плохой
57961,Плохой
57962,Плохой
57963,Плохой
57964,Плохой
57965,Плохой
57966,Плохой
57967,Плохой
57984,Обычный
57985,Обычный
57986,Обычный
57987,Обычный
57988,Обычный
57989,Обычный
57990,Обычный
57991,Обычный
57992,Хороший
57993,Хороший
57994,Хороший
57995,Хороший
57996,Обычный
57997,Хороший
57998,Хороший
57999,Хороший
58008,Обычный
58009,Обычный
58010,Обычный
58011,Обычный
58012,Обычный
58013,Обычный
58014,Обычный
58015,Обычный
58040,Плохой
58041,Плохой
58042,Плохой
58043,Плохой
58044,Плохой
58045,Плохой
58046,Плохой
58047,Плохой
58088,Плохой
58089,Плохой
58090,Плохой
58091,Плохой
58092,Плохой
58093,Плохой
58094,Плохой
58095,Плохой
58112,Обычный
58113,Обычный
58114,Обычный
58115,Обычный
58116,Обычный
58117,Обычный
58118,Обычный
58119,Обычный
58136,Обычный
58137,Плохой
58138,Обычный
58139,Обычный
58140,Обычный
58141,Обычный
58142,Плохой
58143,Обычный
58144,Обычный
58145,Обычный
58146,Обычный
58147,Обычный
58148,Обычный
58149,Обычный
58150,Обычный
58151,Плохой
58208,Обычный
58209,Обычный
58210,Обычный
58211,Плохой
58212,Обычный
58213,Обычный
58214,Плохой
58215,Обычный
58264,Обычный
58265,Обычный
58266,Обычный
58267,Обычный
58268,Обычный
58269,Обычный
58270,Обычный
58271,Обычный
58296,Обычный
58297,Обычный
58298,Обычный
58299,Обычный
58300,Обычный
58301,Обычный
58302,Обычный
58303,Обычный
58320,Обычный
58321,Обычный
58322,Обычный
58323,Обычный
58324,Обычный
58325,Обычный
58326,Обычный
58327,Обычный
58344,Обычный
58345,Хороший
58346,Обычный
58347,Обычный
58348,Хороший
58349,Хороший
58350,Обычный
58351,Хороший
58384,Обычный
58385,Обычный
58386,Хороший
58387,Хороший
58388,Хороший
58389,Хороший
58390,Обычный
58391,Обычный
58392,Обычный
58393,Обычный
58394,Обычный
58395,Обычный
58396,Обычный
58397,Обычный
58398,Обычный
58399,Обычный
58408,Плохой
58409,Обычный
58410,Обычный
58411,Плохой
58412,Обычный
58413,Плохой
58414,Плохой
58415,Обычный
58456,Обычный
58457,Обычный
58458,Обычный
58459,Обычный
58460,Обычный
58461,Обычный
58462,Обычный
58463,Обычный
58464,Обычный
58465,Обычный
58466,Обычный
58467,Обычный
58468,Обычный
58469,Обычный
58470,Обычный
58471,Обычный
58472,Плохой
58473,Плохой
58474,Плохой
58475,Плохой
58476,Плохой
58477,Плохой
58478,Плохой
58479,Плохой
58488,Обычный
58489,Обычный
58490,Хороший
58491,Обычный
58492,Хороший
58493,Хороший
58494,Обычный
58495,Обычный
58512,Плохой
58513,Плохой
58514,Плохой
58515,Плохой
58516,Плохой
58517,Плохой
58518,Плохой
58519,Плохой
58544,Обычный
58545,Обычный
58546,Обычный
58547,Обычный
58548,Обычный
58549,Обычный
58550,Обычный
58551,Обычный
58552,Обычный
58553,Обычный
58554,Обычный
58555,Обычный
58556,Обычный
58557,Обычный
58558,Обычный
58559,Обычный
58568,Обычный
58569,Обычный
58570,Обычный
58571,Обычный
58572,Обычный
58573,Обычный
58574,Обычный
58575,Обычный
58584,Обычный
58585,Хороший
58586,Хороший
58587,Хороший
58588,Хороший
58589,Хороший
58590,Хороший
58591,Хороший
58616,Обычный
58617,Обычный
58618,Обычный
58619,Обычный
58620,Обычный
58621,Обычный
58622,Обычный
58623,Обычный
58624,Плохой
58625,Плохой
58626,Плохой
58627,Плохой
58628,Плохой
58629,Плохой
58630,Плохой
58631,Плохой
58632,Плохой
58633,Плохой
58634,Плохой
58635,Плохой
58636,Плохой
58637,Плохой
58638,Плохой
58639,Плохой
58640,Плохой
58641,Плохой
58642,Плохой
58643,Плохой
58644,Плохой
58645,Плохой
58646,Плохой
58647,Плохой
58656,Плохой
58657,Плохой
58658,Плохой
58659,Плохой
58660,Плохой
58661,Плохой
58662,Плохой
58663,Плохой
58712,Обычный
58713,Обычный
58714,Обычный
58715,Обычный
58716,Обычный
58717,Обычный
58718,Обычный
58719,Обычный
58720,Обычный
58721,Обычный
58722,Обычный
58723,Обычный
58724,Обычный
58725,Обычный
58726,Обычный
58727,Обычный
58728,Обычный
58729,Обычный
58730,Обычный
58731,Обычный
58732,Обычный
58733,Обычный
58734,Обычный
58735,Обычный
58752,Плохой
58753,Плохой
58754,Плохой
58755,Плохой
58756,Плохой
58757,Плохой
58758,Плохой
58759,Плохой
58768,Обычный
58769,Обычный
58770,Обычный
58771,Обычный
58772,Обычный
58773,Обычный
58774,Обычный
58775,Обычный
58808,Плохой
58809,Плохой
58810,Обычный
58811,Обычный
58812,Обычный
58813,Плохой
58814,Плохой
58815,Плохой
58816,Хороший
58817,Хороший
58818,Хороший
58819,Хороший
58820,Хороший
58821,Хороший
58822,Хороший
58823,Хороший
58824,Хороший
58825,Хороший
58826,Хороший
58827,Хороший
58828,Хороший
58829,Хороший
58830,Хороший
58831,Хороший
58832,Обычный
58833,Обычный
58834,Обычный
58835,Обычный
58836,Обычный
58837,Обычный
58838,Плохой
58839,Обычный
58848,Плохой
58849,Плохой
58850,Плохой
58851,Плохой
58852,Плохой
58853,Плохой
58854,Плохой
58855,Плохой
58880,Плохой
58881,Плохой
58882,Плохой
58883,Плохой
58884,Плохой
58885,Плохой
58886,Плохой
58887,Плохой
58896,Плохой
58897,Плохой
58898,Плохой
58899,Плохой
58900,Плохой
58901,Обычный
58902,Плохой
58903,Плохой
58912,Обычный
58913,Обычный
58914,Обычный
58915,Обычный
58916,Обычный
58917,Обычный
58918,Обычный
58919,Обычный
58920,Обычный
58921,Обычный
58922,Плохой
58923,Обычный
58924,Обычный
58925,Плохой
58926,Плохой
58927,Плохой
58952,Плохой
58953,Плохой
58954,Плохой
58955,Плохой
58956,Плохой
58957,Плохой
58958,Плохой
58959,Плохой
58984,Плохой
58985,Плохой
58986,Плохой
58987,Плохой
58988,Плохой
58989,Плохой
58990,Плохой
58991,Плохой
59032,Плохой
59033,Плохой
59034,Плохой
59035,Плохой
59036,Обычный
59037,Обычный
59038,Плохой
59039,Плохой
59040,Обычный
59041,Обычный
59042,Обычный
59043,Обычный
59044,Обычный
59045,Обычный
59046,Обычный
59047,Обычный
59120,Обычный
59121,Обычный
59122,Обычный
59123,Обычный
59124,Обычный
59125,Обычный
59126,Обычный
59127,Обычный
59128,Обычный
59129,Обычный
59130,Обычный
59131,Обычный
59132,Обычный
59133,Обычный
59134,Обычный
59135,Обычный
59168,Обычный
59169,Обычный
59170,Обычный
59171,Обычный
59172,Обычный
59173,Обычный
59174,Обычный
59175,Обычный
59176,Обычный
59177,Обычный
59178,Обычный
59179,Обычный
59180,Обычный
59181,Обычный
59182,Обычный
59183,Обычный
59184,Обычный
59185,Обычный
59186,Обычный
59187,Обычный
59188,Обычный
59189,Обычный
59190,Обычный
59191,Обычный
59232,Плохой
59233,Плохой
59234,Плохой
59235,Плохой
59236,Плохой
59237,Плохой
59238,Плохой
59239,Плохой
59240,Плохой
59241,Плохой
59242,Плохой
59243,Плохой
59244,Обычный
59245,Обычный
59246,Плохой
59247,Плохой
59264,Обычный
59265,Обычный
59266,Обычный
59267,Обычный
59268,Обычный
59269,Обычный
59270,Обычный
59271,Обычный
59280,Плохой
59281,Плохой
59282,Плохой
59283,Плохой
59284,Плохой
59285,Плохой
59286,Плохой
59287,Плохой
59328,Обычный
59329,Обычный
59330,Обычный
59331,Обычный
59332,Обычный
59333,Обычный
59334,Обычный
59335,Обычный
59368,Плохой
59369,Плохой
59370,Плохой
59371,Плохой
59372,Плохой
59373,Плохой
59374,Плохой
59375,Плохой
59384,Плохой
59385,Плохой
59386,Плохой
59387,Плохой
59388,Плохой
59389,Плохой
59390,Плохой
59391,Плохой
59392,Обычный
59393,Обычный
59394,Обычный
59395,Плохой
59396,Обычный
59397,Обычный
59398,Обычный
59399,Плохой
59400,Обычный
59401,Обычный
59402,Обычный
59403,Обычный
59404,Обычный
59405,Обычный
59406,Обычный
59407,Обычный
59408,Обычный
59409,Обычный
59410,Обычный
59411,Обычный
59412,Плохой
59413,Плохой
59414,Плохой
59415,Плохой
59512,Обычный
59513,Обычный
59514,Обычный
59515,Обычный
59516,Обычный
59517,Обычный
59518,Обычный
59519,Обычный
59552,Обычный
59553,Обычный
59554,Обычный
59555,Обычный
59556,Обычный
59557,Обычный
59558,Обычный
59559,Обычный
59560,Обычный
59561,Обычный
59562,Обычный
59563,Обычный
59564,Обычный
59565,Обычный
59566,Обычный
59567,Обычный
59568,Плохой
59569,Плохой
59570,Плохой
59571,Плохой
59572,Плохой
59573,Плохой
59574,Плохой
59575,Плохой
59608,Обычный
59609,Обычный
59610,Обычный
59611,Обычный
59612,Обычный
59613,Обычный
59614,Обычный
59615,Обычный
59616,Обычный
59617,Обычный
59618,Обычный
59619,Хороший
59620,Хороший
59621,Обычный
59622,Обычный
59623,Обычный
59640,Плохой
59641,Плохой
59642,Плохой
59643,Плохой
59644,Плохой
59645,Плохой
59646,Плохой
59647,Плохой
59648,Хороший
59649,Хороший
59650,Хороший
59651,Хороший
59652,Хороший
59653,Хороший
59654,Хороший
59655,Хороший
59656,Обычный
59657,Обычный
59658,Обычный
59659,Обычный
59660,Обычный
59661,Обычный
59662,Обычный
59663,Обычный
59664,Плохой
59665,Плохой
59666,Плохой
59667,Плохой
59668,Плохой
59669,Плохой
59670,Плохой
59671,Плохой
59680,Обычный
59681,Обычный
59682,Обычный
59683,Обычный
59684,Обычный
59685,Обычный
59686,Обычный
59687,Обычный
59688,Обычный
59689,Обычный
59690,Обычный
59691,Обычный
59692,Обычный
59693,Обычный
59694,Обычный
59695,Обычный
59704,Обычный
59705,Обычный
59706,Обычный
59707,Обычный
59708,Обычный
59709,Обычный
59710,Обычный
59711,Обычный
59736,Обычный
59737,Обычный
59738,Обычный
59739,Обычный
59740,Обычный
59741,Обычный
59742,Обычный
59743,Обычный
59792,Хороший
59793,Хороший
59794,Хороший
59795,Хороший
59796,Хороший
59797,Хороший
59798,Хороший
59799,Хороший
59808,Обычный
59809,Обычный
59810,Обычный
59811,Обычный
59812,Обычный
59813,Обычный
59814,Обычный
59815,Обычный
59816,Хороший
59817,Хороший
59818,Хороший
59819,Хороший
59820,Хороший
59821,Обычный
59822,Хороший
59823,Обычный
59824,Хороший
59825,Хороший
59826,Хороший
59827,Хороший
59828,Хороший
59829,Хороший
59830,Хороший
59831,Обычный
59856,Обычный
59857,Обычный
59858,Обычный
59859,Обычный
59860,Обычный
59861,Обычный
59862,Обычный
59863,Обычный
59864,Плохой
59865,Плохой
59866,Плохой
59867,Плохой
59868,Плохой
59869,Плохой
59870,Плохой
59871,Плохой
59872,Плохой
59873,Плохой
59874,Плохой
59875,Плохой
59876,Плохой
59877,Плохой
59878,Плохой
59879,Плохой
59880,Плохой
59881,Плохой
59882,Плохой
59883,Плохой
59884,Плохой
59885,Плохой
59886,Плохой
59887,Плохой
59928,Обычный
59929,Обычный
59930,Обычный
59931,Обычный
59932,Обычный
59933,Обычный
59934,Обычный
59935,Обычный
60008,Обычный
60009,Обычный
60010,Обычный
60011,Обычный
60012,Обычный
60013,Обычный
60014,Обычный
60015,Обычный
60016,Хороший
60017,Хороший
60018,Хороший
60019,Хороший
60020,Хороший
60021,Хороший
60022,Хороший
60023,Хороший
60040,Плохой
60041,Плохой
60042,Плохой
60043,Плохой
60044,Плохой
60045,Плохой
60046,Плохой
60047,Плохой
60048,Плохой
60049,Плохой
60050,Плохой
60051,Плохой
60052,Плохой
60053,Плохой
60054,Плохой
60055,Плохой
60056,Хороший
60057,Хороший
60058,Хороший
60059,Хороший
60060,Хороший
60061,Хороший
60062,Обычный
60063,Хороший
60072,Обычный
60073,Обычный
60074,Обычный
60075,Обычный
60076,Обычный
60077,Обычный
60078,Обычный
60079,Обычный
60080,Обычный
60081,Обычный
60082,Обычный
60083,Обычный
60084,Обычный
60085,Обычный
60086,Обычный
60087,Обычный
60112,Хороший
60113,Хороший
60114,Хороший
60115,Хороший
60116,Хороший
60117,Хороший
60118,Хороший
60119,Хороший
60152,Обычный
60153,Обычный
60154,Обычный
60155,Обычный
60156,Обычный
60157,Обычный
60158,Обычный
60159,Обычный
60192,Плохой
60193,Плохой
60194,Плохой
60195,Обычный
60196,Плохой
60197,Плохой
60198,Плохой
60199,Плохой
60208,Обычный
60209,Обычный
60210,Обычный
60211,Обычный
60212,Обычный
60213,Обычный
60214,Обычный
60215,Обычный
60232,Обычный
60233,Обычный
60234,Обычный
60235,Обычный
60236,Обычный
60237,Обычный
60238,Обычный
60239,Обычный
60248,Плохой
60249,Плохой
60250,Плохой
60251,Плохой
60252,Плохой
60253,Плохой
60254,Плохой
60255,Плохой
60288,Хороший
60289,Хороший
60290,Хороший
60291,Хороший
60292,Хороший
60293,Хороший
60294,Хороший
60295,Хороший
60296,Плохой
60297,Плохой
60298,Плохой
60299,Плохой
60300,Плохой
60301,Плохой
60302,Плохой
60303,Плохой
60312,Обычный
60313,Обычный
60314,Обычный
60315,Обычный
60316,Обычный
60317,Обычный
60318,Обычный
60319,Обычный
60328,Плохой
60329,Плохой
60330,Плохой
60331,Плохой
60332,Плохой
60333,Плохой
60334,Плохой
60335,Плохой
60384,Обычный
60385,Плохой
60386,Обычный
60387,Плохой
60388,Обычный
60389,Плохой
60390,Обычный
60391,Обычный
60408,Плохой
60409,Плохой
60410,Плохой
60411,Плохой
60412,Плохой
60413,Плохой
60414,Плохой
60415,Плохой
60432,Обычный
60433,Обычный
60434,Обычный
60435,Обычный
60436,Обычный
60437,Обычный
60438,Обычный
60439,Обычный
60440,Хороший
60441,Хороший
60442,Хороший
60443,Хороший
60444,Хороший
60445,Хороший
60446,Хороший
60447,Хороший
60448,Плохой
60449,Плохой
60450,Плохой
60451,Плохой
60452,Плохой
60453,Плохой
60454,Плохой
60455,Плохой
60496,Плохой
60497,Плохой
60498,Обычный
60499,Плохой
60500,Плохой
60501,Плохой
60502,Обычный
60503,Плохой
60528,Плохой
60529,Плохой
60530,Плохой
60531,Плохой
60532,Плохой
60533,Плохой
60534,Плохой
60535,Плохой
60552,Обычный
60553,Обычный
60554,Обычный
60555,Обычный
60556,Обычный
60557,Обычный
60558,Обычный
60559,Обычный
60560,Хороший
60561,Обычный
60562,Обычный
60563,Хороший
60564,Обычный
60565,Обычный
60566,Обычный
60567,Обычный
60584,Обычный
60585,Обычный
60586,Обычный
60587,Обычный
60588,Обычный
60589,Обычный
60590,Обычный
60591,Обычный
60600,Обычный
60601,Обычный
60602,Обычный
60603,Обычный
60604,Обычный
60605,Обычный
60606,Обычный
60607,Обычный
60624,Обычный
60625,Обычный
60626,Обычный
60627,Обычный
60628,Обычный
60629,Обычный
60630,Обычный
60631,Обычный
60640,Плохой
60641,Плохой
60642,Плохой
60643,Плохой
60644,Плохой
60645,Плохой
60646,Плохой
60647,Плохой
60656,Плохой
60657,Плохой
60658,Плохой
60659,Плохой
60660,Плохой
60661,Плохой
60662,Плохой
60663,Плохой
60680,Хороший
60681,Обычный
60682,Обычный
60683,Хороший
60684,Обычный
60685,Обычный
60686,Обычный
60687,Обычный
60696,Плохой
60697,Плохой
60698,Плохой
60699,Плохой
60700,Плохой
60701,Плохой
60702,Плохой
60703,Плохой
60720,Плохой
60721,Плохой
60722,Плохой
60723,Обычный
60724,Плохой
60725,Обычный
60726,Плохой
60727,Плохой
60728,Обычный
60729,Обычный
60730,Обычный
60731,Обычный
60732,Обычный
60733,Обычный
60734,Обычный
60735,Обычный
60752,Хороший
60753,Хороший
60754,Хороший
60755,Хороший
60756,Хороший
60757,Хороший
60758,Хороший
60759,Хороший
60760,Обычный
60761,Обычный
60762,Обычный
60763,Обычный
60764,Обычный
60765,Обычный
60766,Обычный
60767,Обычный
60800,Обычный
60801,Обычный
60802,Обычный
60803,Обычный
60804,Обычный
60805,Обычный
60806,Обычный
60807,Хороший
60816,Обычный
60817,Обычный
60818,Обычный
60819,Обычный
60820,Плохой
60821,Обычный
60822,Обычный
60823,Обычный
60840,Обычный
60841,Обычный
60842,Обычный
60843,Обычный
60844,Обычный
60845,Обычный
60846,Обычный
60847,Обычный
60856,Обычный
60857,Хороший
60858,Хороший
60859,Обычный
60860,Обычный
60861,Хороший
60862,Хороший
60863,Обычный
60864,Обычный
60865,Обычный
60866,Обычный
60867,Обычный
60868,Обычный
60869,Обычный
60870,Обычный
60871,Плохой
60896,Обычный
60897,Обычный
60898,Обычный
60899,Плохой
60900,Плохой
60901,Обычный
60902,Обычный
60903,Обычный
60904,Обычный
60905,Обычный
60906,Обычный
60907,Обычный
60908,Обычный
60909,Обычный
60910,Обычный
60911,Обычный
60920,Обычный
60921,Обычный
60922,Обычный
60923,Обычный
60924,Обычный
60925,Обычный
60926,Обычный
60927,Обычный
60928,Обычный
60929,Обычный
60930,Плохой
60931,Обычный
60932,Обычный
60933,Хороший
60934,Обычный
60935,Плохой
60952,Обычный
60953,Обычный
60954,Обычный
60955,Обычный
60956,Обычный
60957,Обычный
60958,Обычный
60959,Обычный
60968,Хороший
60969,Обычный
60970,Хороший
60971,Хороший
60972,Хороший
60973,Обычный
60974,Хороший
60975,Хороший
60992,Обычный
60993,Обычный
60994,Обычный
60995,Обычный
60996,Обычный
60997,Обычный
60998,Обычный
60999,Обычный
61016,Плохой
61017,Плохой
61018,Плохой
61019,Плохой
61020,Плохой
61021,Плохой
61022,Плохой
61023,Плохой
61040,Обычный
61041,Обычный
61042,Обычный
61043,Обычный
61044,Обычный
61045,Обычный
61046,Обычный
61047,Обычный
61072,Плохой
61073,Плохой
61074,Плохой
61075,Плохой
61076,Плохой
61077,Плохой
61078,Плохой
61079,Плохой
61112,Обычный
61113,Обычный
61114,Обычный
61115,Обычный
61116,Обычный
61117,Обычный
61118,Обычный
61119,Обычный
61160,Плохой
61161,Плохой
61162,Плохой
61163,Плохой
61164,Плохой
61165,Плохой
61166,Плохой
61167,Плохой
61176,Плохой
61177,Плохой
61178,Плохой
61179,Плохой
61180,Плохой
61181,Плохой
61182,Плохой
61183,Плохой
61184,Обычный
61185,Обычный
61186,Обычный
61187,Обычный
61188,Обычный
61189,Обычный
61190,Обычный
61191,Обычный
61200,Обычный
61201,Обычный
61202,Обычный
61203,Обычный
61204,Обычный
61205,Обычный
61206,Обычный
61207,Обычный
61248,Плохой
61249,Плохой
61250,Плохой
61251,Плохой
61252,Плохой
61253,Плохой
61254,Плохой
61255,Плохой
61264,Обычный
61265,Обычный
61266,Обычный
61267,Обычный
61268,Обычный
61269,Обычный
61270,Обычный
61271,Обычный
61280,Обычный
61281,Обычный
61282,Обычный
61283,Обычный
61284,Обычный
61285,Обычный
61286,Обычный
61287,Обычный
61288,Обычный
61289,Обычный
61290,Обычный
61291,Обычный
61292,Обычный
61293,Обычный
61294,Обычный
61295,Обычный
61304,Плохой
61305,Плохой
61306,Плохой
61307,Плохой
61308,Плохой
61309,Плохой
61310,Плохой
61311,Плохой
61312,Плохой
61313,Плохой
61314,Плохой
61315,Плохой
61316,Обычный
61317,Плохой
61318,Плохой
61319,Обычный
61352,Плохой
61353,Плохой
61354,Плохой
61355,Плохой
61356,Плохой
61357,Плохой
61358,Плохой
61359,Плохой
61376,Плохой
61377,Плохой
61378,Плохой
61379,Плохой
61380,Плохой
61381,Плохой
61382,Плохой
61383,Плохой
61384,Обычный
61385,Обычный
61386,Обычный
61387,Обычный
61388,Обычный
61389,Обычный
61390,Обычный
61391,Обычный
61400,Плохой
61401,Плохой
61402,Плохой
61403,Плохой
61404,Плохой
61405,Плохой
61406,Плохой
61407,Плохой
61432,Обычный
61433,Обычный
61434,Обычный
61435,Обычный
61436,Обычный
61437,Обычный
61438,Обычный
61439,Обычный
61440,Хороший
61441,Хороший
61442,Хороший
61443,Хороший
61444,Хороший
61445,Хороший
61446,Хороший
61447,Хороший
61456,Плохой
61457,Плохой
61458,Плохой
61459,Плохой
61460,Плохой
61461,Обычный
61462,Плохой
61463,Плохой
61504,Обычный
61505,Обычный
61506,Обычный
61507,Обычный
61508,Обычный
61509,Обычный
61510,Обычный
61511,Обычный
61512,Обычный
61513,Обычный
61514,Обычный
61515,Обычный
61516,Плохой
61517,Обычный
61518,Плохой
61519,Плохой
61520,Обычный
61521,Обычный
61522,Обычный
61523,Обычный
61524,Обычный
61525,Обычный
61526,Обычный
61527,Обычный
61536,Обычный
61537,Обычный
61538,Обычный
61539,Обычный
61540,Обычный
61541,Обычный
61542,Обычный
61543,Обычный
61552,Хороший
61553,Хороший
61554,Хороший
61555,Хороший
61556,Хороший
61557,Хороший
61558,Хороший
61559,Обычный
61576,Обычный
61577,Обычный
61578,Обычный
61579,Обычный
61580,Обычный
61581,Обычный
61582,Обычный
61583,Плохой
61584,Хороший
61585,Хороший
61586,Хороший
61587,Хороший
61588,Хороший
61589,Хороший
61590,Хороший
61591,Хороший
61592,Хороший
61593,Хороший
61594,Хороший
61595,Хороший
61596,Хороший
61597,Хороший
61598,Хороший
61599,Хороший
61600,Обычный
61601,Плохой
61602,Обычный
61603,Обычный
61604,Обычный
61605,Плохой
61606,Обычный
61607,Обычный
61616,Обычный
61617,Обычный
61618,Обычный
61619,Обычный
61620,Обычный
61621,Обычный
61622,Обычный
61623,Обычный
61640,Обычный
61641,Обычный
61642,Плохой
61643,Плохой
61644,Плохой
61645,Плохой
61646,Обычный
61647,Плохой
61688,Хороший
61689,Хороший
61690,Плохой
61691,Хороший
61692,Хороший
61693,Хороший
61694,Хороший
61695,Хороший
61720,Плохой
61721,Плохой
61722,Плохой
61723,Плохой
61724,Плохой
61725,Плохой
61726,Плохой
61727,Плохой
61744,Обычный
61745,Обычный
61746,Обычный
61747,Обычный
61748,Обычный
61749,Обычный
61750,Обычный
61751,Обычный
61752,Обычный
61753,Обычный
61754,Обычный
61755,Обычный
61756,Обычный
61757,Обычный
61758,Обычный
61759,Обычный
61768,Обычный
61769,Обычный
61770,Обычный
61771,Обычный
61772,Обычный
61773,Обычный
61774,Обычный
61775,Обычный
61792,Хороший
61793,Обычный
61794,Хороший
61795,Хороший
61796,Обычный
61797,Хороший
61798,Хороший
61799,Обычный
61800,Обычный
61801,Обычный
61802,Обычный
61803,Обычный
61804,Обычный
61805,Обычный
61806,Обычный
61807,Обычный
61808,Обычный
61809,Обычный
61810,Плохой
61811,Обычный
61812,Плохой
61813,Плохой
61814,Плохой
61815,Плохой
61816,Плохой
61817,Плохой
61818,Плохой
61819,Плохой
61820,Плохой
61821,Плохой
61822,Плохой
61823,Плохой
61824,Плохой
61825,Плохой
61826,Плохой
61827,Плохой
61828,Плохой
61829,Плохой
61830,Плохой
61831,Обычный
61840,Обычный
61841,Обычный
61842,Обычный
61843,Обычный
61844,Обычный
61845,Обычный
61846,Обычный
61847,Обычный
61896,Обычный
61897,Плохой
61898,Плохой
61899,Плохой
61900,Плохой
61901,Плохой
61902,Плохой
61903,Плохой
61944,Обычный
61945,Обычный
61946,Обычный
61947,Обычный
61948,Обычный
61949,Обычный
61950,Обычный
61951,Обычный
61952,Обычный
61953,Обычный
61954,Обычный
61955,Обычный
61956,Обычный
61957,Обычный
61958,Обычный
61959,Обычный
61968,Обычный
61969,Обычный
61970,Обычный
61971,Обычный
61972,Обычный
61973,Обычный
61974,Обычный
61975,Обычный
61992,Обычный
61993,Обычный
61994,Обычный
61995,Обычный
61996,Обычный
61997,Обычный
61998,Обычный
61999,Обычный
62000,Хороший
62001,Хороший
62002,Хороший
62003,Хороший
62004,Хороший
62005,Хороший
62006,Хороший
62007,Хороший
62048,Плохой
62049,Плохой
62050,Плохой
62051,Плохой
62052,Плохой
62053,Плохой
62054,Плохой
62055,Плохой
62112,Плохой
62113,Плохой
62114,Плохой
62115,Плохой
62116,Плохой
62117,Плохой
62118,Плохой
62119,Плохой
62120,Хороший
62121,Хороший
62122,Хороший
62123,Хороший
62124,Хороший
62125,Хороший
62126,Хороший
62127,Хороший
62144,Плохой
62145,Плохой
62146,Плохой
62147,Плохой
62148,Плохой
62149,Плохой
62150,Плохой
62151,Плохой
62168,Обычный
62169,Обычный
62170,Обычный
62171,Обычный
62172,Обычный
62173,Обычный
62174,Обычный
62175,Обычный
62184,Обычный
62185,Обычный
62186,Обычный
62187,Обычный
62188,Обычный
62189,Обычный
62190,Обычный
62191,Обычный
62208,Обычный
62209,Обычный
62210,Обычный
62211,Обычный
62212,Обычный
62213,Обычный
62214,Обычный
62215,Обычный
62248,Обычный
62249,Обычный
62250,Обычный
62251,Обычный
62252,Обычный
62253,Обычный
62254,Обычный
62255,Плохой
62272,Обычный
62273,Обычный
62274,Обычный
62275,Хороший
62276,Обычный
62277,Обычный
62278,Обычный
62279,Обычный
62280,Хороший
62281,Хороший
62282,Хороший
62283,Хороший
62284,Хороший
62285,Хороший
62286,Хороший
62287,Хороший
62288,Хороший
62289,Обычный
62290,Обычный
62291,Обычный
62292,Обычный
62293,Обычный
62294,Обычный
62295,Хороший
62328,Обычный
62329,Обычный
62330,Обычный
62331,Обычный
62332,Обычный
62333,Обычный
62334,Обычный
62335,Обычный
62352,Обычный
62353,Обычный
62354,Обычный
62355,Обычный
62356,Обычный
62357,Обычный
62358,Обычный
62359,Обычный
62368,Обычный
62369,Обычный
62370,Хороший
62371,Обычный
62372,Обычный
62373,Хороший
62374,Обычный
62375,Обычный
62376,Обычный
62377,Обычный
62378,Обычный
62379,Обычный
62380,Обычный
62381,Обычный
62382,Обычный
62383,Обычный
62392,Обычный
62393,Плохой
62394,Плохой
62395,Обычный
62396,Плохой
62397,Плохой
62398,Обычный
62399,Обычный
62400,Хороший
62401,Хороший
62402,Хороший
62403,Хороший
62404,Хороший
62405,Хороший
62406,Хороший
62407,Хороший
62464,Хороший
62465,Обычный
62466,Обычный
62467,Обычный
62468,Обычный
62469,Обычный
62470,Хороший
62471,Обычный
62472,Хороший
62473,Плохой
62474,Хороший
62475,Хороший
62476,Хороший
62477,Хороший
62478,Обычный
62479,Хороший
62512,Плохой
62513,Плохой
62514,Плохой
62515,Плохой
62516,Плохой
62517,Плохой
62518,Плохой
62519,Плохой
62520,Обычный
62521,Обычный
62522,Обычный
62523,Обычный
62524,Обычный
62525,Обычный
62526,Обычный
62527,Обычный
62536,Обычный
62537,Обычный
62538,Обычный
62539,Обычный
62540,Обычный
62541,Обычный
62542,Обычный
62543,Обычный
62552,Хороший
62553,Обычный
62554,Обычный
62555,Обычный
62556,Хороший
62557,Хороший
62558,Хороший
62559,Обычный
62592,Плохой
62593,Плохой
62594,Плохой
62595,Плохой
62596,Плохой
62597,Плохой
62598,Плохой
62599,Плохой
62608,Плохой
62609,Плохой
62610,Обычный
62611,Плохой
62612,Плохой
62613,Обычный
62614,Обычный
62615,Плохой
62624,Обычный
62625,Обычный
62626,Обычный
62627,Обычный
62628,Обычный
62629,Обычный
62630,Обычный
62631,Обычный
62632,Хороший
62633,Хороший
62634,Обычный
62635,Обычный
62636,Обычный
62637,Обычный
62638,Обычный
62639,Обычный
62664,Плохой
62665,Обычный
62666,Плохой
62667,Плохой
62668,Плохой
62669,Плохой
62670,Плохой
62671,Обычный
62672,Плохой
62673,Плохой
62674,Обычный
62675,Обычный
62676,Обычный
62677,Плохой
62678,Плохой
62679,Плохой
62712,Обычный
62713,Обычный
62714,Обычный
62715,Обычный
62716,Обычный
62717,Обычный
62718,Обычный
62719,Обычный
62744,Обычный
62745,Обычный
62746,Обычный
62747,Обычный
62748,Обычный
62749,Обычный
62750,Обычный
62751,Обычный
62800,Хороший
62801,Хороший
62802,Хороший
62803,Хороший
62804,Хороший
62805,Хороший
62806,Хороший
62807,Хороший
62840,Плохой
62841,Плохой
62842,Плохой
62843,Плохой
62844,Плохой
62845,Обычный
62846,Плохой
62847,Плохой
62848,Плохой
62849,Плохой
62850,Плохой
62851,Плохой
62852,Плохой
62853,Плохой
62854,Плохой
62855,Плохой
62856,Плохой
62857,Плохой
62858,Плохой
62859,Плохой
62860,Плохой
62861,Плохой
62862,Плохой
62863,Плохой
62880,Хороший
62881,Обычный
62882,Хороший
62883,Хороший
62884,Хороший
62885,Хороший
62886,Хороший
62887,Хороший
62888,Обычный
62889,Обычный
62890,Обычный
62891,Обычный
62892,Обычный
62893,Обычный
62894,Обычный
62895,Обычный
62896,Обычный
62897,Обычный
62898,Обычный
62899,Обычный
62900,Обычный
62901,Обычный
62902,Обычный
62903,Обычный
62912,Обычный
62913,Обычный
62914,Обычный
62915,Обычный
62916,Обычный
62917,Обычный
62918,Обычный
62919,Обычный
62952,Обычный
62953,Обычный
62954,Обычный
62955,Обычный
62956,Обычный
62957,Обычный
62958,Хороший
62959,Обычный
62968,Обычный
62969,Обычный
62970,Обычный
62971,Обычный
62972,Обычный
62973,Обычный
62974,Обычный
62975,Обычный
62976,Хороший
62977,Хороший
62978,Хороший
62979,Хороший
62980,Хороший
62981,Хороший
62982,Хороший
62983,Обычный
62984,Хороший
62985,Хороший
62986,Хороший
62987,Хороший
62988,Хороший
62989,Хороший
62990,Хороший
62991,Хороший
63024,Обычный
63025,Плохой
63026,Обычный
63027,Обычный
63028,Обычный
63029,Плохой
63030,Плохой
63031,Обычный
63048,Обычный
63049,Плохой
63050,Плохой
63051,Плохой
63052,Плохой
63053,Плохой
63054,Плохой
63055,Плохой
63080,Обычный
63081,Обычный
63082,Обычный
63083,Обычный
63084,Обычный
63085,Обычный
63086,Обычный
63087,Обычный
63096,Хороший
63097,Хороший
63098,Хороший
63099,Хороший
63100,Хороший
63101,Хороший
63102,Хороший
63103,Хороший
63104,Обычный
63105,Обычный
63106,Обычный
63107,Обычный
63108,Обычный
63109,Обычный
63110,Обычный
63111,Обычный
63112,Хороший
63113,Хороший
63114,Хороший
63115,Обычный
63116,Хороший
63117,Хороший
63118,Хороший
63119,Хороший
63120,Обычный
63121,Обычный
63122,Обычный
63123,Обычный
63124,Обычный
63125,Обычный
63126,Обычный
63127,Обычный
63128,Обычный
63129,Обычный
63130,Обычный
63131,Обычный
63132,Обычный
63133,Обычный
63134,Обычный
63135,Обычный
63160,Хороший
63161,Хороший
63162,Хороший
63163,Хороший
63164,Хороший
63165,Хороший
63166,Хороший
63167,Хороший
63176,Хороший
63177,Хороший
63178,Обычный
63179,Хороший
63180,Хороший
63181,Хороший
63182,Хороший
63183,Хороший
63192,Хороший
63193,Обычный
63194,Обычный
63195,Обычный
63196,Обычный
63197,Обычный
63198,Хороший
63199,Хороший
63200,Обычный
63201,Обычный
63202,Обычный
63203,Обычный
63204,Обычный
63205,Обычный
63206,Обычный
63207,Обычный
63216,Обычный
63217,Обычный
63218,Обычный
63219,Обычный
63220,Обычный
63221,Обычный
63222,Обычный
63223,Обычный
63232,Плохой
63233,Плохой
63234,Плохой
63235,Плохой
63236,Плохой
63237,Плохой
63238,Плохой
63239,Плохой
63240,Обычный
63241,Обычный
63242,Обычный
63243,Обычный
63244,Обычный
63245,Обычный
63246,Обычный
63247,Обычный
63248,Обычный
63249,Обычный
63250,Обычный
63251,Обычный
63252,Обычный
63253,Обычный
63254,Обычный
63255,Обычный
63296,Плохой
63297,Плохой
63298,Плохой
63299,Плохой
63300,Плохой
63301,Плохой
63302,Плохой
63303,Плохой
63312,Плохой
63313,Обычный
63314,Плохой
63315,Обычный
63316,Плохой
63317,Плохой
63318,Плохой
63319,Плохой
63320,Обычный
63321,Обычный
63322,Хороший
63323,Хороший
63324,Хороший
63325,Плохой
63326,Обычный
63327,Хороший
63336,Обычный
63337,Обычный
63338,Обычный
63339,Обычный
63340,Обычный
63341,Обычный
63342,Обычный
63343,Обычный
63344,Обычный
63345,Обычный
63346,Обычный
63347,Обычный
63348,Обычный
63349,Обычный
63350,Обычный
63351,Обычный
63352,Обычный
63353,Обычный
63354,Обычный
63355,Обычный
63356,Обычный
63357,Обычный
63358,Обычный
63359,Обычный
63368,Плохой
63369,Плохой
63370,Плохой
63371,Плохой
63372,Плохой
63373,Плохой
63374,Плохой
63375,Плохой
63408,Плохой
63409,Плохой
63410,Плохой
63411,Плохой
63412,Плохой
63413,Плохой
63414,Плохой
63415,Плохой
63424,Плохой
63425,Обычный
63426,Обычный
63427,Обычный
63428,Плохой
63429,Обычный
63430,Плохой
63431,Плохой
63440,Обычный
63441,Обычный
63442,Обычный
63443,Обычный
63444,Обычный
63445,Обычный
63446,Обычный
63447,Обычный
63456,Плохой
63457,Плохой
63458,Плохой
63459,Плохой
63460,Плохой
63461,Плохой
63462,Плохой
63463,Плохой
63472,Обычный
63473,Обычный
63474,Обычный
63475,Обычный
63476,Обычный
63477,Обычный
63478,Обычный
63479,Обычный
63544,Плохой
63545,Плохой
63546,Плохой
63547,Плохой
63548,Плохой
63549,Плохой
63550,Плохой
63551,Плохой
63552,Обычный
63553,Обычный
63554,Хороший
63555,Обычный
63556,Хороший
63557,Хороший
63558,Обычный
63559,Обычный
63560,Обычный
63561,Обычный
63562,Обычный
63563,Обычный
63564,Обычный
63565,Обычный
63566,Обычный
63567,Обычный
63568,Хороший
63569,Хороший
63570,Хороший
63571,Хороший
63572,Хороший
63573,Хороший
63574,Хороший
63575,Хороший
63584,Хороший
63585,Хороший
63586,Хороший
63587,Хороший
63588,Хороший
63589,Хороший
63590,Хороший
63591,Хороший
63592,Обычный
63593,Обычный
63594,Обычный
63595,Обычный
63596,Обычный
63597,Плохой
63598,Обычный
63599,Обычный
63608,Плохой
63609,Плохой
63610,Плохой
63611,Плохой
63612,Плохой
63613,Плохой
63614,Плохой
63615,Плохой
63664,Обычный
63665,Обычный
63666,Обычный
63667,Обычный
63668,Обычный
63669,Обычный
63670,Обычный
63671,Обычный
63720,Плохой
63721,Обычный
63722,Обычный
63723,Плохой
63724,Плохой
63725,Плохой
63726,Обычный
63727,Плохой
63728,Плохой
63729,Плохой
63730,Плохой
63731,Плохой
63732,Плохой
63733,Плохой
63734,Плохой
63735,Плохой
63816,Плохой
63817,Обычный
63818,Плохой
63819,Обычный
63820,Плохой
63821,Плохой
63822,Плохой
63823,Плохой
63824,Обычный
63825,Обычный
63826,Обычный
63827,Обычный
63828,Обычный
63829,Обычный
63830,Обычный
63831,Обычный
63840,Плохой
63841,Плохой
63842,Плохой
63843,Плохой
63844,Плохой
63845,Плохой
63846,Плохой
63847,Плохой
63856,Обычный
63857,Обычный
63858,Обычный
63859,Обычный
63860,Обычный
63861,Обычный
63862,Обычный
63863,Обычный
63888,Обычный
63889,Плохой
63890,Плохой
63891,Плохой
63892,Плохой
63893,Плохой
63894,Плохой
63895,Плохой
63928,Хороший
63929,Хороший
63930,Хороший
63931,Хороший
63932,Хороший
63933,Хороший
63934,Хороший
63935,Хороший
63936,Обычный
63937,Обычный
63938,Обычный
63939,Обычный
63940,Обычный
63941,Обычный
63942,Обычный
63943,Обычный
63968,Обычный
63969,Обычный
63970,Обычный
63971,Обычный
63972,Обычный
63973,Обычный
63974,Обычный
63975,Обычный
64008,Обычный
64009,Обычный
64010,Обычный
64011,Обычный
64012,Обычный
64013,Обычный
64014,Обычный
64015,Обычный
64064,Обычный
64065,Хороший
64066,Обычный
64067,Обычный
64068,Обычный
64069,Обычный
64070,Обычный
64071,Обычный
64072,Обычный
64073,Обычный
64074,Обычный
64075,Обычный
64076,Обычный
64077,Обычный
64078,Обычный
64079,Обычный
64104,Плохой
64105,Плохой
64106,Плохой
64107,Обычный
64108,Плохой
64109,Плохой
64110,Плохой
64111,Плохой
64112,Обычный
64113,Обычный
64114,Обычный
64115,Обычный
64116,Обычный
64117,Обычный
64118,Обычный
64119,Обычный
64184,Хороший
64185,Хороший
64186,Хороший
64187,Хороший
64188,Хороший
64189,Хороший
64190,Хороший
64191,Хороший
64208,Обычный
64209,Обычный
64210,Обычный
64211,Обычный
64212,Обычный
64213,Обычный
64214,Обычный
64215,Обычный
64224,Плохой
64225,Плохой
64226,Плохой
64227,Плохой
64228,Плохой
64229,Плохой
64230,Плохой
64231,Плохой
64336,Обычный
64337,Обычный
64338,Обычный
64339,Обычный
64340,Обычный
64341,Хороший
64342,Обычный
64343,Обычный
64352,Обычный
64353,Обычный
64354,Обычный
64355,Обычный
64356,Обычный
64357,Обычный
64358,Обычный
64359,Обычный
64376,Плохой
64377,Плохой
64378,Плохой
64379,Плохой
64380,Плохой
64381,Плохой
64382,Плохой
64383,Плохой
64408,Обычный
64409,Обычный
64410,Обычный
64411,Обычный
64412,Обычный
64413,Обычный
64414,Обычный
64415,Обычный
64416,Обычный
64417,Обычный
64418,Обычный
64419,Обычный
64420,Обычный
64421,Обычный
64422,Обычный
64423,Обычный
64424,Обычный
64425,Обычный
64426,Обычный
64427,Обычный
64428,Плохой
64429,Обычный
64430,Обычный
64431,Обычный
64448,Плохой
64449,Плохой
64450,Плохой
64451,Плохой
64452,Плохой
64453,Плохой
64454,Плохой
64455,Плохой
64464,Хороший
64465,Хороший
64466,Хороший
64467,Хороший
64468,Хороший
64469,Хороший
64470,Хороший
64471,Хороший
64512,Плохой
64513,Плохой
64514,Плохой
64515,Плохой
64516,Плохой
64517,Плохой
64518,Плохой
64519,Плохой
64584,Обычный
64585,Обычный
64586,Обычный
64587,Обычный
64588,Обычный
64589,Обычный
64590,Обычный
64591,Обычный
64600,Обычный
64601,Обычный
64602,Обычный
64603,Обычный
64604,Обычный
64605,Обычный
64606,Обычный
64607,Обычный
64608,Обычный
64609,Обычный
64610,Обычный
64611,Обычный
64612,Обычный
64613,Обычный
64614,Обычный
64615,Обычный
64616,Обычный
64617,Обычный
64618,Обычный
64619,Обычный
64620,Обычный
64621,Обычный
64622,Обычный
64623,Обычный
64664,Обычный
64665,Обычный
64666,Обычный
64667,Обычный
64668,Обычный
64669,Обычный
64670,Обычный
64671,Обычный
64712,Обычный
64713,Хороший
64714,Обычный
64715,Обычный
64716,Хороший
64717,Обычный
64718,Обычный
64719,Хороший
64720,Обычный
64721,Обычный
64722,Обычный
64723,Обычный
64724,Обычный
64725,Обычный
64726,Обычный
64727,Обычный
64736,Обычный
64737,Плохой
64738,Обычный
64739,Обычный
64740,Обычный
64741,Обычный
64742,Обычный
64743,Обычный
64752,Плохой
64753,Плохой
64754,Плохой
64755,Плохой
64756,Плохой
64757,Плохой
64758,Плохой
64759,Плохой
64784,Обычный
64785,Обычный
64786,Обычный
64787,Обычный
64788,Обычный
64789,Обычный
64790,Обычный
64791,Обычный
64792,Хороший
64793,Хороший
64794,Хороший
64795,Хороший
64796,Хороший
64797,Хороший
64798,Хороший
64799,Хороший
64800,Обычный
64801,Обычный
64802,Обычный
64803,Обычный
64804,Обычный
64805,Обычный
64806,Обычный
64807,Обычный
64832,Плохой
64833,Плохой
64834,Плохой
64835,Плохой
64836,Плохой
64837,Плохой
64838,Плохой
64839,Плохой
64840,Обычный
64841,Обычный
64842,Обычный
64843,Обычный
64844,Обычный
64845,Обычный
64846,Обычный
64847,Обычный
64856,Обычный
64857,Обычный
64858,Обычный
64859,Обычный
64860,Обычный
64861,Обычный
64862,Обычный
64863,Обычный
64864,Обычный
64865,Обычный
64866,Обычный
64867,Обычный
64868,Обычный
64869,Обычный
64870,Обычный
64871,Обычный
64904,Обычный
64905,Обычный
64906,Обычный
64907,Обычный
64908,Обычный
64909,Обычный
64910,Обычный
64911,Обычный
64928,Обычный
64929,Обычный
64930,Обычный
64931,Обычный
64932,Обычный
64933,Обычный
64934,Обычный
64935,Обычный
65000,Плохой
65001,Плохой
65002,Плохой
65003,Плохой
65004,Плохой
65005,Плохой
65006,Плохой
65007,Плохой
65024,Плохой
65025,Плохой
65026,Плохой
65027,Плохой
65028,Плохой
65029,Плохой
65030,Плохой
65031,Плохой
65032,Обычный
65033,Обычный
65034,Обычный
65035,Обычный
65036,Обычный
65037,Обычный
65038,Обычный
65039,Обычный
65040,Плохой
65041,Плохой
65042,Плохой
65043,Плохой
65044,Плохой
65045,Плохой
65046,Плохой
65047,Плохой
65048,Плохой
65049,Плохой
65050,Плохой
65051,Плохой
65052,Плохой
65053,Плохой
65054,Плохой
65055,Плохой
65064,Плохой
65065,Плохой
65066,Плохой
65067,Плохой
65068,Плохой
65069,Плохой
65070,Плохой
65071,Плохой
65072,Обычный
65073,Обычный
65074,Обычный
65075,Обычный
65076,Обычный
65077,Обычный
65078,Обычный
65079,Обычный
65080,Обычный
65081,Обычный
65082,Обычный
65083,Обычный
65084,Обычный
65085,Плохой
65086,Обычный
65087,Обычный
65096,Обычный
65097,Плохой
65098,Обычный
65099,Обычный
65100,Плохой
65101,Плохой
65102,Плохой
65103,Плохой
65176,Обычный
65177,Обычный
65178,Обычный
65179,Плохой
65180,Обычный
65181,Плохой
65182,Плохой
65183,Обычный
65192,Обычный
65193,Обычный
65194,Обычный
65195,Обычный
65196,Обычный
65197,Обычный
65198,Обычный
65199,Обычный
65232,Плохой
65233,Плохой
65234,Обычный
65235,Обычный
65236,Плохой
65237,Обычный
65238,Плохой
65239,Плохой
65256,Обычный
65257,Обычный
65258,Обычный
65259,Обычный
65260,Обычный
65261,Хороший
65262,Обычный
65263,Хороший
65280,Обычный
65281,Обычный
65282,Обычный
65283,Обычный
65284,Обычный
65285,Обычный
65286,Обычный
65287,Обычный
65304,Плохой
65305,Плохой
65306,Плохой
65307,Плохой
65308,Плохой
65309,Плохой
65310,Плохой
65311,Плохой
65312,Хороший
65313,Хороший
65314,Хороший
65315,Хороший
65316,Хороший
65317,Хороший
65318,Хороший
65319,Хороший
65320,Обычный
65321,Обычный
65322,Обычный
65323,Обычный
65324,Обычный
65325,Обычный
65326,Обычный
65327,Обычный
65336,Плохой
65337,Плохой
65338,Плохой
65339,Плохой
65340,Плохой
65341,Плохой
65342,Плохой
65343,Плохой
65392,Хороший
65393,Хороший
65394,Хороший
65395,Хороший
65396,Хороший
65397,Обычный
65398,Хороший
65399,Хороший
65416,Обычный
65417,Обычный
65418,Обычный
65419,Обычный
65420,Обычный
65421,Обычный
65422,Обычный
65423,Обычный
65464,Обычный
65465,Обычный
65466,Обычный
65467,Обычный
65468,Обычный
65469,Обычный
65470,Обычный
65471,Обычный
65472,Хороший
65473,Хороший
65474,Хороший
65475,Хороший
65476,Хороший
65477,Хороший
65478,Хороший
65479,Хороший
65480,Хороший
65481,Хороший
65482,Хороший
65483,Хороший
65484,Хороший
65485,Хороший
65486,Обычный
65487,Хороший
65488,Обычный
65489,Обычный
65490,Обычный
65491,Обычный
65492,Обычный
65493,Обычный
65494,Хороший
65495,Обычный
65496,Плохой
65497,Плохой
65498,Плохой
65499,Плохой
65500,Плохой
65501,Плохой
65502,Плохой
65503,Плохой
65536,Обычный
65537,Обычный
65538,Обычный
65539,Обычный
65540,Обычный
65541,Обычный
65542,Обычный
65543,Обычный
65560,Обычный
65561,Обычный
65562,Обычный
65563,Обычный
65564,Обычный
65565,Обычный
65566,Обычный
65567,Обычный
65576,Обычный
65577,Обычный
65578,Обычный
65579,Обычный
65580,Обычный
65581,Обычный
65582,Обычный
65583,Обычный
65600,Плохой
65601,Плохой
65602,Плохой
65603,Плохой
65604,Плохой
65605,Плохой
65606,Плохой
65607,Плохой
65608,Обычный
65609,Обычный
65610,Обычный
65611,Обычный
65612,Обычный
65613,Обычный
65614,Обычный
65615,Обычный
65624,Обычный
65625,Обычный
65626,Обычный
65627,Обычный
65628,Обычный
65629,Обычный
65630,Обычный
65631,Обычный
65632,Обычный
65633,Обычный
65634,Обычный
65635,Обычный
65636,Обычный
65637,Обычный
65638,Обычный
65639,Обычный
65640,Плохой
65641,Плохой
65642,Плохой
65643,Плохой
65644,Плохой
65645,Плохой
65646,Обычный
65647,Плохой
65664,Обычный
65665,Обычный
65666,Обычный
65667,Обычный
65668,Обычный
65669,Обычный
65670,Обычный
65671,Обычный
65680,Плохой
65681,Плохой
65682,Плохой
65683,Плохой
65684,Плохой
65685,Плохой
65686,Плохой
65687,Плохой
65688,Обычный
65689,Плохой
65690,Обычный
65691,Обычный
65692,Обычный
65693,Плохой
65694,Обычный
65695,Обычный
65696,Обычный
65697,Обычный
65698,Обычный
65699,Обычный
65700,Обычный
65701,Обычный
65702,Обычный
65703,Обычный
65704,Обычный
65705,Обычный
65706,Обычный
65707,Обычный
65708,Обычный
65709,Обычный
65710,Обычный
65711,Обычный
65712,Плохой
65713,Плохой
65714,Плохой
65715,Плохой
65716,Плохой
65717,Плохой
65718,Плохой
65719,Плохой
65744,Обычный
65745,Обычный
65746,Обычный
65747,Обычный
65748,Обычный
65749,Обычный
65750,Обычный
65751,Обычный
65784,Плохой
65785,Плохой
65786,Плохой
65787,Плохой
65788,Плохой
65789,Плохой
65790,Плохой
65791,Плохой
65808,Плохой
65809,Плохой
65810,Обычный
65811,Плохой
65812,Обычный
65813,Плохой
65814,Плохой
65815,Плохой
65816,Обычный
65817,Обычный
65818,Обычный
65819,Обычный
65820,Обычный
65821,Обычный
65822,Обычный
65823,Обычный
65824,Обычный
65825,Обычный
65826,Обычный
65827,Обычный
65828,Обычный
65829,Обычный
65830,Обычный
65831,Обычный
65856,Обычный
65857,Обычный
65858,Обычный
65859,Обычный
65860,Обычный
65861,Обычный
65862,Обычный
65863,Обычный
65864,Обычный
65865,Обычный
65866,Обычный
65867,Обычный
65868,Обычный
65869,Обычный
65870,Обычный
65871,Обычный
65896,Обычный
65897,Обычный
65898,Обычный
65899,Обычный
65900,Обычный
65901,Обычный
65902,Обычный
65903,Обычный
65928,Плохой
65929,Плохой
65930,Плохой
65931,Плохой
65932,Обычный
65933,Плохой
65934,Плохой
65935,Плохой
65960,Плохой
65961,Плохой
65962,Плохой
65963,Плохой
65964,Плохой
65965,Плохой
65966,Плохой
65967,Плохой
66000,Обычный
66001,Плохой
66002,Обычный
66003,Плохой
66004,Обычный
66005,Обычный
66006,Плохой
66007,Обычный
66024,Плохой
66025,Плохой
66026,Плохой
66027,Плохой
66028,Плохой
66029,Плохой
66030,Плохой
66031,Плохой
66032,Обычный
66033,Обычный
66034,Обычный
66035,Плохой
66036,Обычный
66037,Обычный
66038,Плохой
66039,Плохой
66048,Обычный
66049,Обычный
66050,Обычный
66051,Обычный
66052,Обычный
66053,Обычный
66054,Обычный
66055,Обычный
66064,Обычный
66065,Обычный
66066,Обычный
66067,Обычный
66068,Обычный
66069,Обычный
66070,Обычный
66071,Обычный
66088,Обычный
66089,Обычный
66090,Обычный
66091,Обычный
66092,Обычный
66093,Обычный
66094,Обычный
66095,Обычный
66096,Плохой
66097,Плохой
66098,Обычный
66099,Обычный
66100,Плохой
66101,Плохой
66102,Плохой
66103,Плохой
66104,Хороший
66105,Хороший
66106,Хороший
66107,Хороший
66108,Хороший
66109,Хороший
66110,Хороший
66111,Хороший
66128,Плохой
66129,Плохой
66130,Плохой
66131,Плохой
66132,Плохой
66133,Плохой
66134,Плохой
66135,Плохой
66136,Обычный
66137,Обычный
66138,Обычный
66139,Обычный
66140,Обычный
66141,Обычный
66142,Обычный
66143,Обычный
66144,Обычный
66145,Обычный
66146,Обычный
66147,Обычный
66148,Обычный
66149,Обычный
66150,Обычный
66151,Обычный
66192,Обычный
66193,Обычный
66194,Обычный
66195,Обычный
66196,Обычный
66197,Обычный
66198,Обычный
66199,Обычный
66216,Обычный
66217,Хороший
66218,Обычный
66219,Обычный
66220,Хороший
66221,Обычный
66222,Обычный
66223,Хороший
66240,Обычный
66241,Обычный
66242,Обычный
66243,Обычный
66244,Обычный
66245,Обычный
66246,Обычный
66247,Обычный
66248,Плохой
66249,Плохой
66250,Плохой
66251,Плохой
66252,Плохой
66253,Плохой
66254,Плохой
66255,Плохой
66264,Обычный
66265,Обычный
66266,Обычный
66267,Обычный
66268,Обычный
66269,Обычный
66270,Обычный
66271,Обычный
66288,Плохой
66289,Плохой
66290,Плохой
66291,Плохой
66292,Плохой
66293,Плохой
66294,Плохой
66295,Плохой
66304,Плохой
66305,Плохой
66306,Плохой
66307,Плохой
66308,Плохой
66309,Плохой
66310,Плохой
66311,Плохой
66320,Хороший
66321,Хороший
66322,Обычный
66323,Хороший
66324,Хороший
66325,Хороший
66326,Хороший
66327,Хороший
66336,Обычный
66337,Обычный
66338,Обычный
66339,Обычный
66340,Обычный
66341,Обычный
66342,Обычный
66343,Обычный
66360,Плохой
66361,Плохой
66362,Плохой
66363,Плохой
66364,Плохой
66365,Плохой
66366,Плохой
66367,Плохой
66376,Плохой
66377,Плохой
66378,Плохой
66379,Плохой
66380,Плохой
66381,Плохой
66382,Плохой
66383,Плохой
66384,Плохой
66385,Плохой
66386,Плохой
66387,Плохой
66388,Плохой
66389,Плохой
66390,Плохой
66391,Плохой
66424,Обычный
66425,Обычный
66426,Обычный
66427,Обычный
66428,Обычный
66429,Обычный
66430,Обычный
66431,Обычный
66464,Обычный
66465,Обычный
66466,Обычный
66467,Обычный
66468,Обычный
66469,Обычный
66470,Обычный
66471,Обычный
66480,Обычный
66481,Обычный
66482,Обычный
66483,Обычный
66484,Обычный
66485,Обычный
66486,Обычный
66487,Обычный
66488,Обычный
66489,Обычный
66490,Обычный
66491,Обычный
66492,Обычный
66493,Обычный
66494,Обычный
66495,Обычный
66512,Обычный
66513,Обычный
66514,Обычный
66515,Обычный
66516,Обычный
66517,Обычный
66518,Обычный
66519,Обычный
66528,Хороший
66529,Хороший
66530,Хороший
66531,Хороший
66532,Хороший
66533,Хороший
66534,Хороший
66535,Хороший
66536,Обычный
66537,Обычный
66538,Обычный
66539,Обычный
66540,Обычный
66541,Обычный
66542,Обычный
66543,Обычный
66640,Обычный
66641,Обычный
66642,Обычный
66643,Обычный
66644,Обычный
66645,Обычный
66646,Обычный
66647,Обычный
66648,Обычный
66649,Обычный
66650,Обычный
66651,Обычный
66652,Обычный
66653,Плохой
66654,Обычный
66655,Обычный
66656,Хороший
66657,Хороший
66658,Хороший
66659,Обычный
66660,Хороший
66661,Хороший
66662,Обычный
66663,Обычный
66664,Обычный
66665,Плохой
66666,Плохой
66667,Обычный
66668,Плохой
66669,Обычный
66670,Обычный
66671,Обычный
66696,Обычный
66697,Обычный
66698,Обычный
66699,Обычный
66700,Обычный
66701,Обычный
66702,Обычный
66703,Обычный
66720,Обычный
66721,Обычный
66722,Обычный
66723,Обычный
66724,Обычный
66725,Обычный
66726,Обычный
66727,Обычный
66728,Обычный
66729,Обычный
66730,Обычный
66731,Обычный
66732,Обычный
66733,Обычный
66734,Обычный
66735,Обычный
66744,Плохой
66745,Плохой
66746,Плохой
66747,Плохой
66748,Плохой
66749,Плохой
66750,Плохой
66751,Плохой
66792,Хороший
66793,Хороший
66794,Хороший
66795,Обычный
66796,Хороший
66797,Хороший
66798,Хороший
66799,Хороший
66856,Хороший
66857,Хороший
66858,Хороший
66859,Хороший
66860,Хороший
66861,Хороший
66862,Хороший
66863,Хороший
66864,Обычный
66865,Обычный
66866,Обычный
66867,Обычный
66868,Обычный
66869,Обычный
66870,Обычный
66871,Обычный
66928,Плохой
66929,Плохой
66930,Плохой
66931,Плохой
66932,Плохой
66933,Плохой
66934,Обычный
66935,Плохой
66944,Обычный
66945,Обычный
66946,Обычный
66947,Обычный
66948,Обычный
66949,Обычный
66950,Обычный
66951,Обычный
67000,Хороший
67001,Обычный
67002,Обычный
67003,Хороший
67004,Хороший
67005,Хороший
67006,Хороший
67007,Обычный
67008,Обычный
67009,Обычный
67010,Обычный
67011,Обычный
67012,Обычный
67013,Обычный
67014,Обычный
67015,Обычный
67032,Обычный
67033,Обычный
67034,Обычный
67035,Обычный
67036,Обычный
67037,Обычный
67038,Обычный
67039,Обычный
67072,Хороший
67073,Хороший
67074,Хороший
67075,Хороший
67076,Хороший
67077,Хороший
67078,Хороший
67079,Хороший
67112,Плохой
67113,Хороший
67114,Обычный
67115,Хороший
67116,Хороший
67117,Обычный
67118,Хороший
67119,Хороший
67128,Плохой
67129,Плохой
67130,Плохой
67131,Плохой
67132,Плохой
67133,Плохой
67134,Плохой
67135,Плохой
67144,Плохой
67145,Плохой
67146,Плохой
67147,Обычный
67148,Плохой
67149,Плохой
67150,Плохой
67151,Плохой
67176,Хороший
67177,Обычный
67178,Хороший
67179,Хороший
67180,Хороший
67181,Хороший
67182,Хороший
67183,Хороший
67208,Плохой
67209,Плохой
67210,Плохой
67211,Плохой
67212,Плохой
67213,Обычный
67214,Плохой
67215,Плохой
67216,Хороший
67217,Хороший
67218,Хороший
67219,Хороший
67220,Хороший
67221,Обычный
67222,Хороший
67223,Хороший
67232,Хороший
67233,Хороший
67234,Хороший
67235,Хороший
67236,Хороший
67237,Хороший
67238,Хороший
67239,Хороший
67240,Обычный
67241,Обычный
67242,Обычный
67243,Обычный
67244,Обычный
67245,Обычный
67246,Обычный
67247,Обычный
67248,Обычный
67249,Обычный
67250,Обычный
67251,Плохой
67252,Обычный
67253,Плохой
67254,Плохой
67255,Обычный
67280,Плохой
67281,Плохой
67282,Плохой
67283,Плохой
67284,Плохой
67285,Плохой
67286,Плохой
67287,Плохой
67288,Обычный
67289,Обычный
67290,Обычный
67291,Обычный
67292,Обычный
67293,Обычный
67294,Обычный
67295,Обычный
67304,Плохой
67305,Плохой
67306,Плохой
67307,Плохой
67308,Плохой
67309,Плохой
67310,Плохой
67311,Плохой
67312,Обычный
67313,Обычный
67314,Обычный
67315,Обычный
67316,Обычный
67317,Обычный
67318,Обычный
67319,Обычный
67328,Плохой
67329,Плохой
67330,Плохой
67331,Плохой
67332,Плохой
67333,Плохой
67334,Плохой
67335,Плохой
67336,Обычный
67337,Обычный
67338,Обычный
67339,Обычный
67340,Обычный
67341,Обычный
67342,Обычный
67343,Обычный
67344,Обычный
67345,Обычный
67346,Хороший
67347,Обычный
67348,Обычный
67349,Обычный
67350,Обычный
67351,Обычный
67392,Обычный
67393,Обычный
67394,Обычный
67395,Обычный
67396,Обычный
67397,Обычный
67398,Обычный
67399,Обычный
67400,Обычный
67401,Плохой
67402,Плохой
67403,Обычный
67404,Плохой
67405,Плохой
67406,Плохой
67407,Обычный
67408,Хороший
67409,Хороший
67410,Хороший
67411,Хороший
67412,Хороший
67413,Хороший
67414,Хороший
67415,Хороший
67416,Плохой
67417,Плохой
67418,Плохой
67419,Плохой
67420,Плохой
67421,Плохой
67422,Плохой
67423,Плохой
67440,Хороший
67441,Хороший
67442,Хороший
67443,Хороший
67444,Хороший
67445,Хороший
67446,Хороший
67447,Хороший
67448,Обычный
67449,Плохой
67450,Плохой
67451,Плохой
67452,Плохой
67453,Плохой
67454,Плохой
67455,Плохой
67456,Плохой
67457,Плохой
67458,Плохой
67459,Плохой
67460,Плохой
67461,Плохой
67462,Плохой
67463,Плохой
67464,Обычный
67465,Обычный
67466,Обычный
67467,Обычный
67468,Обычный
67469,Обычный
67470,Обычный
67471,Обычный
67472,Обычный
67473,Плохой
67474,Плохой
67475,Плохой
67476,Плохой
67477,Плохой
67478,Плохой
67479,Обычный
67480,Обычный
67481,Обычный
67482,Обычный
67483,Обычный
67484,Обычный
67485,Обычный
67486,Обычный
67487,Обычный
67488,Обычный
67489,Обычный
67490,Обычный
67491,Обычный
67492,Обычный
67493,Обычный
67494,Обычный
67495,Обычный
67512,Обычный
67513,Обычный
67514,Обычный
67515,Обычный
67516,Обычный
67517,Обычный
67518,Обычный
67519,Обычный
67528,Обычный
67529,Обычный
67530,Обычный
67531,Обычный
67532,Обычный
67533,Обычный
67534,Обычный
67535,Обычный
67536,Обычный
67537,Обычный
67538,Обычный
67539,Обычный
67540,Обычный
67541,Обычный
67542,Обычный
67543,Обычный
67544,Плохой
67545,Плохой
67546,Плохой
67547,Плохой
67548,Плохой
67549,Плохой
67550,Плохой
67551,Плохой
67552,Плохой
67553,Плохой
67554,Плохой
67555,Плохой
67556,Плохой
67557,Плохой
67558,Плохой
67559,Плохой
67624,Плохой
67625,Плохой
67626,Плохой
67627,Плохой
67628,Плохой
67629,Плохой
67630,Плохой
67631,Плохой
67688,Обычный
67689,Обычный
67690,Обычный
67691,Обычный
67692,Обычный
67693,Обычный
67694,Обычный
67695,Обычный
67712,Обычный
67713,Обычный
67714,Обычный
67715,Обычный
67716,Обычный
67717,Обычный
67718,Обычный
67719,Плохой
67728,Плохой
67729,Плохой
67730,Плохой
67731,Плохой
67732,Плохой
67733,Плохой
67734,Плохой
67735,Плохой
67752,Обычный
67753,Обычный
67754,Обычный
67755,Обычный
67756,Обычный
67757,Обычный
67758,Обычный
67759,Обычный
67776,Обычный
67777,Обычный
67778,Обычный
67779,Обычный
67780,Обычный
67781,Обычный
67782,Обычный
67783,Обычный
67808,Обычный
67809,Обычный
67810,Обычный
67811,Обычный
67812,Обычный
67813,Обычный
67814,Обычный
67815,Обычный
67824,Плохой
67825,Плохой
67826,Плохой
67827,Плохой
67828,Плохой
67829,Плохой
67830,Плохой
67831,Плохой
67832,Плохой
67833,Плохой
67834,Плохой
67835,Плохой
67836,Плохой
67837,Плохой
67838,Плохой
67839,Плохой
67856,Плохой
67857,Плохой
67858,Плохой
67859,Плохой
67860,Плохой
67861,Плохой
67862,Плохой
67863,Плохой
67864,Хороший
67865,Хороший
67866,Хороший
67867,Хороший
67868,Хороший
67869,Хороший
67870,Хороший
67871,Хороший
67880,Обычный
67881,Обычный
67882,Обычный
67883,Обычный
67884,Обычный
67885,Обычный
67886,Обычный
67887,Обычный
67928,Хороший
67929,Хороший
67930,Хороший
67931,Хороший
67932,Хороший
67933,Хороший
67934,Хороший
67935,Хороший
67976,Плохой
67977,Плохой
67978,Плохой
67979,Плохой
67980,Плохой
67981,Плохой
67982,Плохой
67983,Плохой
68016,Обычный
68017,Обычный
68018,Обычный
68019,Обычный
68020,Обычный
68021,Обычный
68022,Обычный
68023,Обычный
68032,Обычный
68033,Обычный
68034,Обычный
68035,Обычный
68036,Обычный
68037,Обычный
68038,Обычный
68039,Обычный
68080,Обычный
68081,Обычный
68082,Обычный
68083,Обычный
68084,Обычный
68085,Обычный
68086,Обычный
68087,Обычный
68112,Обычный
68113,Обычный
68114,Обычный
68115,Обычный
68116,Обычный
68117,Обычный
68118,Обычный
68119,Обычный
68136,Хороший
68137,Хороший
68138,Хороший
68139,Хороший
68140,Хороший
68141,Хороший
68142,Хороший
68143,Хороший
68152,Плохой
68153,Плохой
68154,Плохой
68155,Плохой
68156,Плохой
68157,Плохой
68158,Плохой
68159,Плохой
68200,Обычный
68201,Обычный
68202,Плохой
68203,Обычный
68204,Обычный
68205,Обычный
68206,Плохой
68207,Плохой
68208,Обычный
68209,Обычный
68210,Обычный
68211,Хороший
68212,Обычный
68213,Обычный
68214,Обычный
68215,Обычный
68240,Плохой
68241,Плохой
68242,Плохой
68243,Плохой
68244,Плохой
68245,Плохой
68246,Плохой
68247,Плохой
68256,Плохой
68257,Плохой
68258,Плохой
68259,Плохой
68260,Плохой
68261,Плохой
68262,Плохой
68263,Плохой
68344,Обычный
68345,Хороший
68346,Хороший
68347,Хороший
68348,Хороший
68349,Хороший
68350,Обычный
68351,Хороший
68360,Хороший
68361,Хороший
68362,Хороший
68363,Хороший
68364,Хороший
68365,Хороший
68366,Хороший
68367,Хороший
68376,Обычный
68377,Обычный
68378,Обычный
68379,Обычный
68380,Обычный
68381,Обычный
68382,Обычный
68383,Обычный
68456,Обычный
68457,Обычный
68458,Обычный
68459,Обычный
68460,Обычный
68461,Обычный
68462,Обычный
68463,Обычный
68528,Обычный
68529,Обычный
68530,Хороший
68531,Обычный
68532,Хороший
68533,Хороший
68534,Хороший
68535,Хороший
68552,Хороший
68553,Хороший
68554,Хороший
68555,Хороший
68556,Хороший
68557,Хороший
68558,Хороший
68559,Хороший
68568,Плохой
68569,Плохой
68570,Плохой
68571,Плохой
68572,Плохой
68573,Плохой
68574,Плохой
68575,Плохой
68632,Обычный
68633,Обычный
68634,Обычный
68635,Обычный
68636,Хороший
68637,Обычный
68638,Обычный
68639,Хороший
68648,Хороший
68649,Хороший
68650,Хороший
68651,Хороший
68652,Хороший
68653,Хороший
68654,Хороший
68655,Хороший
68680,Обычный
68681,Обычный
68682,Обычный
68683,Обычный
68684,Обычный
68685,Обычный
68686,Обычный
68687,Обычный
68696,Плохой
68697,Плохой
68698,Плохой
68699,Плохой
68700,Плохой
68701,Плохой
68702,Плохой
68703,Плохой
68704,Плохой
68705,Плохой
68706,Плохой
68707,Плохой
68708,Плохой
68709,Плохой
68710,Плохой
68711,Плохой
68712,Плохой
68713,Плохой
68714,Плохой
68715,Плохой
68716,Плохой
68717,Плохой
68718,Плохой
68719,Плохой
68720,Обычный
68721,Обычный
68722,Обычный
68723,Обычный
68724,Обычный
68725,Обычный
68726,Обычный
68727,Обычный
68728,Обычный
68729,Обычный
68730,Обычный
68731,Обычный
68732,Обычный
68733,Обычный
68734,Обычный
68735,Обычный
68736,Плохой
68737,Плохой
68738,Плохой
68739,Плохой
68740,Обычный
68741,Плохой
68742,Плохой
68743,Плохой
68744,Плохой
68745,Плохой
68746,Плохой
68747,Плохой
68748,Плохой
68749,Плохой
68750,Плохой
68751,Плохой
68752,Обычный
68753,Обычный
68754,Обычный
68755,Обычный
68756,Обычный
68757,Обычный
68758,Обычный
68759,Обычный
68768,Обычный
68769,Обычный
68770,Обычный
68771,Обычный
68772,Обычный
68773,Обычный
68774,Обычный
68775,Обычный
68816,Плохой
68817,Плохой
68818,Плохой
68819,Обычный
68820,Плохой
68821,Плохой
68822,Плохой
68823,Плохой
68824,Обычный
68825,Обычный
68826,Обычный
68827,Обычный
68828,Обычный
68829,Обычный
68830,Обычный
68831,Обычный
68840,Обычный
68841,Обычный
68842,Обычный
68843,Обычный
68844,Обычный
68845,Обычный
68846,Обычный
68847,Обычный
68888,Обычный
68889,Обычный
68890,Обычный
68891,Обычный
68892,Обычный
68893,Обычный
68894,Обычный
68895,Обычный
68896,Хороший
68897,Хороший
68898,Хороший
68899,Хороший
68900,Хороший
68901,Хороший
68902,Хороший
68903,Хороший
68904,Обычный
68905,Обычный
68906,Обычный
68907,Обычный
68908,Обычный
68909,Обычный
68910,Обычный
68911,Обычный
68912,Хороший
68913,Хороший
68914,Хороший
68915,Хороший
68916,Хороший
68917,Хороший
68918,Хороший
68919,Хороший
68936,Обычный
68937,Обычный
68938,Обычный
68939,Обычный
68940,Обычный
68941,Обычный
68942,Обычный
68943,Обычный
68952,Плохой
68953,Плохой
68954,Плохой
68955,Плохой
68956,Плохой
68957,Плохой
68958,Плохой
68959,Плохой
68976,Хороший
68977,Хороший
68978,Хороший
68979,Хороший
68980,Обычный
68981,Хороший
68982,Обычный
68983,Хороший
69016,Плохой
69017,Плохой
69018,Плохой
69019,Плохой
69020,Плохой
69021,Плохой
69022,Плохой
69023,Плохой
69024,Хороший
69025,Хороший
69026,Хороший
69027,Хороший
69028,Хороший
69029,Хороший
69030,Хороший
69031,Хороший
69048,Обычный
69049,Обычный
69050,Плохой
69051,Плохой
69052,Обычный
69053,Плохой
69054,Обычный
69055,Обычный
69064,Хороший
69065,Хороший
69066,Хороший
69067,Хороший
69068,Хороший
69069,Хороший
69070,Хороший
69071,Хороший
69072,Хороший
69073,Хороший
69074,Хороший
69075,Хороший
69076,Хороший
69077,Обычный
69078,Хороший
69079,Хороший
69080,Обычный
69081,Обычный
69082,Обычный
69083,Обычный
69084,Обычный
69085,Обычный
69086,Обычный
69087,Обычный
69088,Обычный
69089,Обычный
69090,Обычный
69091,Обычный
69092,Обычный
69093,Обычный
69094,Обычный
69095,Обычный
69096,Плохой
69097,Обычный
69098,Обычный
69099,Обычный
69100,Обычный
69101,Обычный
69102,Плохой
69103,Обычный
69104,Плохой
69105,Плохой
69106,Плохой
69107,Плохой
69108,Плохой
69109,Плохой
69110,Плохой
69111,Плохой
69144,Хороший
69145,Обычный
69146,Хороший
69147,Хороший
69148,Обычный
69149,Хороший
69150,Обычный
69151,Обычный
69152,Обычный
69153,Обычный
69154,Плохой
69155,Плохой
69156,Плохой
69157,Плохой
69158,Плохой
69159,Плохой
69168,Обычный
69169,Обычный
69170,Обычный
69171,Обычный
69172,Хороший
69173,Обычный
69174,Обычный
69175,Обычный
69184,Обычный
69185,Обычный
69186,Обычный
69187,Плохой
69188,Плохой
69189,Плохой
69190,Плохой
69191,Обычный
69192,Обычный
69193,Обычный
69194,Обычный
69195,Обычный
69196,Обычный
69197,Обычный
69198,Обычный
69199,Обычный
69208,Обычный
69209,Обычный
69210,Обычный
69211,Обычный
69212,Обычный
69213,Обычный
69214,Обычный
69215,Обычный
69240,Хороший
69241,Хороший
69242,Хороший
69243,Хороший
69244,Хороший
69245,Хороший
69246,Обычный
69247,Обычный
69248,Обычный
69249,Обычный
69250,Обычный
69251,Обычный
69252,Обычный
69253,Обычный
69254,Обычный
69255,Обычный
69296,Хороший
69297,Плохой
69298,Хороший
69299,Хороший
69300,Хороший
69301,Хороший
69302,Хороший
69303,Хороший
69304,Плохой
69305,Плохой
69306,Плохой
69307,Плохой
69308,Плохой
69309,Плохой
69310,Плохой
69311,Плохой
69312,Обычный
69313,Обычный
69314,Обычный
69315,Обычный
69316,Обычный
69317,Обычный
69318,Обычный
69319,Обычный
69336,Хороший
69337,Хороший
69338,Хороший
69339,Хороший
69340,Обычный
69341,Хороший
69342,Обычный
69343,Обычный
69352,Обычный
69353,Обычный
69354,Плохой
69355,Плохой
69356,Плохой
69357,Плохой
69358,Плохой
69359,Обычный
69368,Плохой
69369,Плохой
69370,Плохой
69371,Плохой
69372,Плохой
69373,Плохой
69374,Плохой
69375,Плохой
69392,Хороший
69393,Хороший
69394,Обычный
69395,Хороший
69396,Хороший
69397,Хороший
69398,Хороший
69399,Хороший
69400,Обычный
69401,Обычный
69402,Обычный
69403,Обычный
69404,Обычный
69405,Обычный
69406,Обычный
69407,Обычный
69408,Обычный
69409,Обычный
69410,Обычный
69411,Обычный
69412,Обычный
69413,Обычный
69414,Обычный
69415,Обычный
69448,Обычный
69449,Обычный
69450,Обычный
69451,Плохой
69452,Плохой
69453,Плохой
69454,Обычный
69455,Плохой
69464,Плохой
69465,Плохой
69466,Плохой
69467,Плохой
69468,Плохой
69469,Плохой
69470,Плохой
69471,Плохой
69488,Обычный
69489,Обычный
69490,Обычный
69491,Обычный
69492,Обычный
69493,Обычный
69494,Обычный
69495,Обычный
69496,Обычный
69497,Обычный
69498,Обычный
69499,Обычный
69500,Обычный
69501,Обычный
69502,Обычный
69503,Обычный
69512,Плохой
69513,Плохой
69514,Плохой
69515,Плохой
69516,Плохой
69517,Плохой
69518,Плохой
69519,Плохой
69520,Обычный
69521,Обычный
69522,Обычный
69523,Обычный
69524,Обычный
69525,Обычный
69526,Обычный
69527,Обычный
69528,Хороший
69529,Хороший
69530,Хороший
69531,Хороший
69532,Хороший
69533,Хороший
69534,Хороший
69535,Хороший
69536,Плохой
69537,Плохой
69538,Плохой
69539,Плохой
69540,Плохой
69541,Плохой
69542,Плохой
69543,Плохой
69568,Обычный
69569,Обычный
69570,Обычный
69571,Обычный
69572,Обычный
69573,Обычный
69574,Обычный
69575,Обычный
69608,Обычный
69609,Обычный
69610,Обычный
69611,Обычный
69612,Обычный
69613,Обычный
69614,Обычный
69615,Обычный
69616,Плохой
69617,Плохой
69618,Плохой
69619,Плохой
69620,Плохой
69621,Плохой
69622,Плохой
69623,Плохой
69624,Плохой
69625,Плохой
69626,Плохой
69627,Плохой
69628,Плохой
69629,Плохой
69630,Плохой
69631,Плохой
69656,Обычный
69657,Обычный
69658,Обычный
69659,Обычный
69660,Обычный
69661,Обычный
69662,Обычный
69663,Обычный
69664,Обычный
69665,Обычный
69666,Обычный
69667,Обычный
69668,Обычный
69669,Обычный
69670,Обычный
69671,Обычный
69680,Обычный
69681,Плохой
69682,Плохой
69683,Плохой
69684,Плохой
69685,Плохой
69686,Плохой
69687,Плохой
69704,Хороший
69705,Хороший
69706,Хороший
69707,Хороший
69708,Хороший
69709,Хороший
69710,Хороший
69711,Хороший
69712,Обычный
69713,Обычный
69714,Обычный
69715,Обычный
69716,Обычный
69717,Обычный
69718,Обычный
69719,Обычный
69720,Плохой
69721,Плохой
69722,Плохой
69723,Плохой
69724,Плохой
69725,Плохой
69726,Плохой
69727,Плохой
69744,Обычный
69745,Обычный
69746,Обычный
69747,Обычный
69748,Обычный
69749,Обычный
69750,Хороший
69751,Обычный
69752,Плохой
69753,Плохой
69754,Плохой
69755,Плохой
69756,Плохой
69757,Плохой
69758,Плохой
69759,Плохой
69768,Обычный
69769,Плохой
69770,Плохой
69771,Обычный
69772,Обычный
69773,Обычный
69774,Обычный
69775,Плохой
69776,Плохой
69777,Обычный
69778,Плохой
69779,Плохой
69780,Плохой
69781,Обычный
69782,Плохой
69783,Обычный
69784,Обычный
69785,Обычный
69786,Обычный
69787,Обычный
69788,Обычный
69789,Обычный
69790,Обычный
69791,Обычный
69808,Плохой
69809,Плохой
69810,Плохой
69811,Плохой
69812,Плохой
69813,Плохой
69814,Плохой
69815,Плохой
69824,Плохой
69825,Плохой
69826,Обычный
69827,Обычный
69828,Плохой
69829,Плохой
69830,Плохой
69831,Плохой
69880,Плохой
69881,Плохой
69882,Обычный
69883,Плохой
69884,Хороший
69885,Плохой
69886,Плохой
69887,Плохой
69904,Обычный
69905,Обычный
69906,Обычный
69907,Обычный
69908,Обычный
69909,Обычный
69910,Обычный
69911,Обычный
69992,Плохой
69993,Плохой
69994,Плохой
69995,Плохой
69996,Плохой
69997,Плохой
69998,Плохой
69999,Плохой
70024,Обычный
70025,Обычный
70026,Обычный
70027,Обычный
70028,Обычный
70029,Обычный
70030,Обычный
70031,Обычный
70056,Обычный
70057,Обычный
70058,Обычный
70059,Обычный
70060,Обычный
70061,Обычный
70062,Обычный
70063,Обычный
70096,Обычный
70097,Обычный
70098,Обычный
70099,Обычный
70100,Обычный
70101,Обычный
70102,Обычный
70103,Обычный
70112,Обычный
70113,Обычный
70114,Обычный
70115,Обычный
70116,Обычный
70117,Обычный
70118,Обычный
70119,Обычный
70160,Обычный
70161,Обычный
70162,Обычный
70163,Плохой
70164,Плохой
70165,Плохой
70166,Обычный
70167,Обычный
70184,Обычный
70185,Обычный
70186,Обычный
70187,Обычный
70188,Обычный
70189,Обычный
70190,Обычный
70191,Обычный
70192,Хороший
70193,Обычный
70194,Хороший
70195,Хороший
70196,Хороший
70197,Хороший
70198,Хороший
70199,Хороший
70240,Обычный
70241,Обычный
70242,Обычный
70243,Обычный
70244,Обычный
70245,Обычный
70246,Обычный
70247,Обычный
70264,Обычный
70265,Обычный
70266,Обычный
70267,Обычный
70268,Обычный
70269,Обычный
70270,Обычный
70271,Обычный
70272,Плохой
70273,Плохой
70274,Плохой
70275,Плохой
70276,Плохой
70277,Плохой
70278,Плохой
70279,Плохой
70280,Обычный
70281,Обычный
70282,Плохой
70283,Плохой
70284,Плохой
70285,Обычный
70286,Обычный
70287,Обычный
70320,Обычный
70321,Обычный
70322,Обычный
70323,Обычный
70324,Обычный
70325,Обычный
70326,Обычный
70327,Обычный
70344,Обычный
70345,Обычный
70346,Плохой
70347,Плохой
70348,Плохой
70349,Плохой
70350,Обычный
70351,Обычный
70376,Обычный
70377,Обычный
70378,Плохой
70379,Обычный
70380,Плохой
70381,Плохой
70382,Обычный
70383,Обычный
70400,Плохой
70401,Плохой
70402,Плохой
70403,Плохой
70404,Плохой
70405,Плохой
70406,Плохой
70407,Плохой
70416,Хороший
70417,Хороший
70418,Хороший
70419,Хороший
70420,Хороший
70421,Хороший
70422,Хороший
70423,Хороший
70424,Обычный
70425,Хороший
70426,Хороший
70427,Обычный
70428,Плохой
70429,Хороший
70430,Плохой
70431,Обычный
70448,Обычный
70449,Обычный
70450,Обычный
70451,Обычный
70452,Обычный
70453,Обычный
70454,Обычный
70455,Обычный
70480,Обычный
70481,Обычный
70482,Обычный
70483,Обычный
70484,Обычный
70485,Обычный
70486,Обычный
70487,Обычный
70488,Хороший
70489,Обычный
70490,Хороший
70491,Хороший
70492,Хороший
70493,Хороший
70494,Хороший
70495,Хороший
70504,Хороший
70505,Хороший
70506,Хороший
70507,Хороший
70508,Обычный
70509,Хороший
70510,Обычный
70511,Обычный
70512,Плохой
70513,Плохой
70514,Плохой
70515,Плохой
70516,Плохой
70517,Плохой
70518,Плохой
70519,Плохой
70592,Обычный
70593,Обычный
70594,Плохой
70595,Обычный
70596,Обычный
70597,Обычный
70598,Обычный
70599,Обычный
70648,Обычный
70649,Обычный
70650,Обычный
70651,Обычный
70652,Обычный
70653,Обычный
70654,Обычный
70655,Обычный
70672,Хороший
70673,Обычный
70674,Обычный
70675,Обычный
70676,Обычный
70677,Обычный
70678,Хороший
70679,Обычный
70688,Хороший
70689,Обычный
70690,Обычный
70691,Обычный
70692,Обычный
70693,Обычный
70694,Обычный
70695,Хороший
70696,Плохой
70697,Плохой
70698,Плохой
70699,Плохой
70700,Плохой
70701,Плохой
70702,Плохой
70703,Плохой
70712,Обычный
70713,Обычный
70714,Плохой
70715,Обычный
70716,Обычный
70717,Обычный
70718,Обычный
70719,Плохой
70728,Обычный
70729,Обычный
70730,Плохой
70731,Плохой
70732,Плохой
70733,Обычный
70734,Плохой
70735,Обычный
70752,Обычный
70753,Обычный
70754,Обычный
70755,Обычный
70756,Обычный
70757,Обычный
70758,Обычный
70759,Обычный
70768,Обычный
70769,Обычный
70770,Обычный
70771,Обычный
70772,Обычный
70773,Обычный
70774,Обычный
70775,Обычный
70792,Обычный
70793,Обычный
70794,Обычный
70795,Обычный
70796,Обычный
70797,Обычный
70798,Обычный
70799,Обычный
70800,Обычный
70801,Хороший
70802,Хороший
70803,Хороший
70804,Хороший
70805,Хороший
70806,Хороший
70807,Хороший
70816,Хороший
70817,Обычный
70818,Обычный
70819,Обычный
70820,Обычный
70821,Обычный
70822,Обычный
70823,Обычный
70824,Плохой
70825,Плохой
70826,Плохой
70827,Плохой
70828,Плохой
70829,Плохой
70830,Плохой
70831,Плохой
70832,Обычный
70833,Обычный
70834,Обычный
70835,Обычный
70836,Обычный
70837,Обычный
70838,Обычный
70839,Обычный
70840,Плохой
70841,Обычный
70842,Плохой
70843,Обычный
70844,Обычный
70845,Плохой
70846,Обычный
70847,Плохой
70848,Плохой
70849,Плохой
70850,Обычный
70851,Плохой
70852,Обычный
70853,Обычный
70854,Плохой
70855,Обычный
70880,Обычный
70881,Обычный
70882,Обычный
70883,Обычный
70884,Обычный
70885,Хороший
70886,Обычный
70887,Обычный
70904,Обычный
70905,Обычный
70906,Обычный
70907,Обычный
70908,Обычный
70909,Обычный
70910,Обычный
70911,Обычный
70944,Плохой
70945,Плохой
70946,Плохой
70947,Плохой
70948,Плохой
70949,Обычный
70950,Плохой
70951,Обычный
70976,Обычный
70977,Обычный
70978,Обычный
70979,Обычный
70980,Обычный
70981,Обычный
70982,Обычный
70983,Обычный
70992,Обычный
70993,Обычный
70994,Обычный
70995,Обычный
70996,Обычный
70997,Обычный
70998,Обычный
70999,Обычный
71016,Обычный
71017,Обычный
71018,Обычный
71019,Обычный
71020,Обычный
71021,Обычный
71022,Обычный
71023,Обычный
71024,Обычный
71025,Обычный
71026,Обычный
71027,Обычный
71028,Обычный
71029,Обычный
71030,Обычный
71031,Обычный
71056,Плохой
71057,Плохой
71058,Плохой
71059,Плохой
71060,Плохой
71061,Обычный
71062,Плохой
71063,Плохой
71088,Обычный
71089,Обычный
71090,Обычный
71091,Обычный
71092,Обычный
71093,Обычный
71094,Обычный
71095,Обычный
71144,Обычный
71145,Обычный
71146,Хороший
71147,Обычный
71148,Обычный
71149,Обычный
71150,Хороший
71151,Обычный
71168,Обычный
71169,Обычный
71170,Обычный
71171,Обычный
71172,Обычный
71173,Обычный
71174,Обычный
71175,Обычный
71208,Обычный
71209,Обычный
71210,Обычный
71211,Обычный
71212,Обычный
71213,Обычный
71214,Обычный
71215,Обычный
71216,Плохой
71217,Плохой
71218,Плохой
71219,Плохой
71220,Плохой
71221,Плохой
71222,Плохой
71223,Плохой
71224,Плохой
71225,Плохой
71226,Плохой
71227,Плохой
71228,Плохой
71229,Плохой
71230,Плохой
71231,Плохой
71264,Хороший
71265,Хороший
71266,Хороший
71267,Плохой
71268,Хороший
71269,Хороший
71270,Хороший
71271,Хороший
71296,Обычный
71297,Обычный
71298,Обычный
71299,Обычный
71300,Обычный
71301,Обычный
71302,Обычный
71303,Обычный
71304,Хороший
71305,Хороший
71306,Хороший
71307,Хороший
71308,Хороший
71309,Хороший
71310,Хороший
71311,Хороший
71312,Обычный
71313,Обычный
71314,Хороший
71315,Обычный
71316,Обычный
71317,Обычный
71318,Обычный
71319,Обычный
71328,Плохой
71329,Плохой
71330,Плохой
71331,Плохой
71332,Плохой
71333,Плохой
71334,Плохой
71335,Плохой
71336,Обычный
71337,Обычный
71338,Обычный
71339,Обычный
71340,Обычный
71341,Обычный
71342,Обычный
71343,Обычный
71360,Хороший
71361,Хороший
71362,Хороший
71363,Хороший
71364,Хороший
71365,Хороший
71366,Хороший
71367,Хороший
71400,Плохой
71401,Плохой
71402,Плохой
71403,Плохой
71404,Плохой
71405,Плохой
71406,Плохой
71407,Плохой
71440,Обычный
71441,Обычный
71442,Обычный
71443,Плохой
71444,Обычный
71445,Обычный
71446,Плохой
71447,Плохой
71456,Обычный
71457,Обычный
71458,Обычный
71459,Обычный
71460,Обычный
71461,Обычный
71462,Обычный
71463,Обычный
71488,Хороший
71489,Хороший
71490,Хороший
71491,Хороший
71492,Хороший
71493,Хороший
71494,Хороший
71495,Хороший
71520,Хороший
71521,Хороший
71522,Хороший
71523,Хороший
71524,Хороший
71525,Хороший
71526,Хороший
71527,Хороший
71552,Обычный
71553,Хороший
71554,Обычный
71555,Хороший
71556,Обычный
71557,Обычный
71558,Обычный
71559,Обычный
71560,Обычный
71561,Обычный
71562,Обычный
71563,Обычный
71564,Обычный
71565,Обычный
71566,Обычный
71567,Обычный
71568,Обычный
71569,Обычный
71570,Обычный
71571,Обычный
71572,Обычный
71573,Обычный
71574,Обычный
71575,Обычный
71576,Хороший
71577,Хороший
71578,Хороший
71579,Хороший
71580,Хороший
71581,Хороший
71582,Хороший
71583,Хороший
71592,Хороший
71593,Хороший
71594,Хороший
71595,Хороший
71596,Обычный
71597,Обычный
71598,Обычный
71599,Хороший
71632,Плохой
71633,Хороший
71634,Хороший
71635,Плохой
71636,Хороший
71637,Плохой
71638,Плохой
71639,Хороший
71648,Обычный
71649,Обычный
71650,Обычный
71651,Обычный
71652,Хороший
71653,Хороший
71654,Плохой
71655,Обычный
71656,Хороший
71657,Хороший
71658,Хороший
71659,Хороший
71660,Хороший
71661,Хороший
71662,Хороший
71663,Хороший
71664,Обычный
71665,Обычный
71666,Обычный
71667,Обычный
71668,Обычный
71669,Обычный
71670,Обычный
71671,Обычный
71672,Плохой
71673,Плохой
71674,Плохой
71675,Плохой
71676,Плохой
71677,Плохой
71678,Плохой
71679,Плохой
71688,Обычный
71689,Обычный
71690,Обычный
71691,Обычный
71692,Обычный
71693,Обычный
71694,Обычный
71695,Обычный
71720,Хороший
71721,Обычный
71722,Хороший
71723,Хороший
71724,Хороший
71725,Хороший
71726,Хороший
71727,Хороший
71728,Обычный
71729,Обычный
71730,Обычный
71731,Обычный
71732,Обычный
71733,Обычный
71734,Обычный
71735,Обычный
71736,Обычный
71737,Хороший
71738,Обычный
71739,Обычный
71740,Обычный
71741,Обычный
71742,Обычный
71743,Обычный
71752,Обычный
71753,Обычный
71754,Обычный
71755,Обычный
71756,Обычный
71757,Обычный
71758,Обычный
71759,Обычный
71768,Плохой
71769,Плохой
71770,Плохой
71771,Плохой
71772,Плохой
71773,Плохой
71774,Плохой
71775,Плохой
71776,Обычный
71777,Плохой
71778,Плохой
71779,Обычный
71780,Плохой
71781,Обычный
71782,Плохой
71783,Обычный
71800,Обычный
71801,Обычный
71802,Обычный
71803,Обычный
71804,Обычный
71805,Обычный
71806,Обычный
71807,Обычный
71832,Обычный
71833,Обычный
71834,Обычный
71835,Обычный
71836,Обычный
71837,Обычный
71838,Обычный
71839,Обычный
71848,Обычный
71849,Обычный
71850,Обычный
71851,Обычный
71852,Обычный
71853,Обычный
71854,Обычный
71855,Обычный
71872,Обычный
71873,Обычный
71874,Обычный
71875,Обычный
71876,Обычный
71877,Обычный
71878,Обычный
71879,Обычный
71896,Плохой
71897,Плохой
71898,Плохой
71899,Плохой
71900,Плохой
71901,Плохой
71902,Плохой
71903,Плохой
71928,Обычный
71929,Хороший
71930,Хороший
71931,Обычный
71932,Хороший
71933,Обычный
71934,Хороший
71935,Хороший
71936,Хороший
71937,Хороший
71938,Хороший
71939,Хороший
71940,Хороший
71941,Хороший
71942,Хороший
71943,Хороший
71944,Плохой
71945,Плохой
71946,Плохой
71947,Плохой
71948,Плохой
71949,Плохой
71950,Плохой
71951,Плохой
71952,Обычный
71953,Обычный
71954,Обычный
71955,Обычный
71956,Обычный
71957,Обычный
71958,Обычный
71959,Плохой
71960,Плохой
71961,Плохой
71962,Плохой
71963,Плохой
71964,Плохой
71965,Плохой
71966,Плохой
71967,Плохой
71984,Плохой
71985,Обычный
71986,Обычный
71987,Плохой
71988,Обычный
71989,Обычный
71990,Плохой
71991,Обычный
71992,Обычный
71993,Хороший
71994,Обычный
71995,Обычный
71996,Обычный
71997,Обычный
71998,Обычный
71999,Обычный
72056,Плохой
72057,Плохой
72058,Плохой
72059,Плохой
72060,Плохой
72061,Плохой
72062,Плохой
72063,Плохой
72072,Обычный
72073,Обычный
72074,Обычный
72075,Обычный
72076,Обычный
72077,Обычный
72078,Обычный
72079,Обычный
72088,Хороший
72089,Хороший
72090,Хороший
72091,Хороший
72092,Хороший
72093,Хороший
72094,Хороший
72095,Хороший
72096,Хороший
72097,Хороший
72098,Хороший
72099,Хороший
72100,Хороший
72101,Хороший
72102,Хороший
72103,Хороший
72128,Обычный
72129,Обычный
72130,Обычный
72131,Обычный
72132,Обычный
72133,Обычный
72134,Обычный
72135,Обычный
72136,Обычный
72137,Плохой
72138,Обычный
72139,Плохой
72140,Плохой
72141,Плохой
72142,Плохой
72143,Плохой
72208,Обычный
72209,Обычный
72210,Обычный
72211,Обычный
72212,Обычный
72213,Обычный
72214,Обычный
72215,Обычный
72224,Обычный
72225,Обычный
72226,Обычный
72227,Обычный
72228,Обычный
72229,Обычный
72230,Обычный
72231,Обычный
72232,Обычный
72233,Обычный
72234,Обычный
72235,Обычный
72236,Обычный
72237,Обычный
72238,Обычный
72239,Обычный
72288,Обычный
72289,Обычный
72290,Обычный
72291,Обычный
72292,Обычный
72293,Обычный
72294,Обычный
72295,Обычный
72296,Плохой
72297,Плохой
72298,Плохой
72299,Плохой
72300,Плохой
72301,Плохой
72302,Плохой
72303,Плохой
72328,Плохой
72329,Плохой
72330,Плохой
72331,Плохой
72332,Плохой
72333,Плохой
72334,Плохой
72335,Плохой
72344,Обычный
72345,Хороший
72346,Обычный
72347,Обычный
72348,Обычный
72349,Обычный
72350,Обычный
72351,Обычный
72360,Хороший
72361,Обычный
72362,Хороший
72363,Хороший
72364,Хороший
72365,Хороший
72366,Хороший
72367,Хороший
72376,Хороший
72377,Обычный
72378,Обычный
72379,Обычный
72380,Хороший
72381,Обычный
72382,Обычный
72383,Обычный
72384,Плохой
72385,Плохой
72386,Плохой
72387,Плохой
72388,Плохой
72389,Плохой
72390,Плохой
72391,Плохой
72416,Обычный
72417,Обычный
72418,Обычный
72419,Обычный
72420,Обычный
72421,Обычный
72422,Плохой
72423,Обычный
72432,Обычный
72433,Обычный
72434,Обычный
72435,Обычный
72436,Обычный
72437,Обычный
72438,Обычный
72439,Обычный
72448,Плохой
72449,Плохой
72450,Обычный
72451,Плохой
72452,Обычный
72453,Плохой
72454,Плохой
72455,Плохой
72464,Плохой
72465,Плохой
72466,Плохой
72467,Плохой
72468,Плохой
72469,Плохой
72470,Плохой
72471,Плохой
72472,Хороший
72473,Хороший
72474,Хороший
72475,Хороший
72476,Хороший
72477,Хороший
72478,Хороший
72479,Хороший
72480,Обычный
72481,Плохой
72482,Обычный
72483,Плохой
72484,Плохой
72485,Плохой
72486,Плохой
72487,Плохой
72488,Обычный
72489,Обычный
72490,Обычный
72491,Обычный
72492,Обычный
72493,Обычный
72494,Обычный
72495,Обычный
72504,Обычный
72505,Обычный
72506,Обычный
72507,Обычный
72508,Обычный
72509,Обычный
72510,Обычный
72511,Обычный
72568,Плохой
72569,Плохой
72570,Плохой
72571,Плохой
72572,Плохой
72573,Плохой
72574,Плохой
72575,Обычный
72584,Хороший
72585,Обычный
72586,Хороший
72587,Хороший
72588,Хороший
72589,Хороший
72590,Хороший
72591,Хороший
72592,Обычный
72593,Обычный
72594,Обычный
72595,Обычный
72596,Обычный
72597,Обычный
72598,Обычный
72599,Обычный
72600,Хороший
72601,Хороший
72602,Хороший
72603,Обычный
72604,Обычный
72605,Хороший
72606,Обычный
72607,Обычный
72608,Обычный
72609,Обычный
72610,Обычный
72611,Обычный
72612,Обычный
72613,Плохой
72614,Плохой
72615,Плохой
72616,Обычный
72617,Обычный
72618,Обычный
72619,Обычный
72620,Обычный
72621,Обычный
72622,Обычный
72623,Обычный
72656,Обычный
72657,Обычный
72658,Обычный
72659,Обычный
72660,Обычный
72661,Обычный
72662,Обычный
72663,Обычный
72696,Обычный
72697,Обычный
72698,Обычный
72699,Обычный
72700,Обычный
72701,Обычный
72702,Обычный
72703,Обычный
72752,Плохой
72753,Плохой
72754,Плохой
72755,Плохой
72756,Плохой
72757,Плохой
72758,Плохой
72759,Плохой
72760,Плохой
72761,Плохой
72762,Плохой
72763,Плохой
72764,Плохой
72765,Плохой
72766,Плохой
72767,Плохой
72800,Обычный
72801,Обычный
72802,Обычный
72803,Обычный
72804,Обычный
72805,Обычный
72806,Обычный
72807,Обычный
72840,Обычный
72841,Обычный
72842,Обычный
72843,Обычный
72844,Обычный
72845,Обычный
72846,Обычный
72847,Обычный
72856,Плохой
72857,Плохой
72858,Плохой
72859,Плохой
72860,Плохой
72861,Плохой
72862,Плохой
72863,Плохой
72888,Плохой
72889,Плохой
72890,Плохой
72891,Плохой
72892,Плохой
72893,Плохой
72894,Плохой
72895,Плохой
72952,Обычный
72953,Обычный
72954,Плохой
72955,Плохой
72956,Плохой
72957,Плохой
72958,Обычный
72959,Плохой
72960,Обычный
72961,Обычный
72962,Обычный
72963,Обычный
72964,Обычный
72965,Обычный
72966,Обычный
72967,Обычный
72968,Плохой
72969,Плохой
72970,Плохой
72971,Плохой
72972,Плохой
72973,Плохой
72974,Плохой
72975,Плохой
72976,Обычный
72977,Плохой
72978,Обычный
72979,Плохой
72980,Обычный
72981,Обычный
72982,Плохой
72983,Плохой
72992,Плохой
72993,Плохой
72994,Плохой
72995,Плохой
72996,Плохой
72997,Плохой
72998,Плохой
72999,Плохой
73008,Обычный
73009,Обычный
73010,Обычный
73011,Обычный
73012,Хороший
73013,Обычный
73014,Обычный
73015,Обычный
73016,Плохой
73017,Плохой
73018,Плохой
73019,Плохой
73020,Плохой
73021,Плохой
73022,Плохой
73023,Плохой
73032,Хороший
73033,Хороший
73034,Хороший
73035,Хороший
73036,Хороший
73037,Хороший
73038,Хороший
73039,Хороший
73040,Хороший
73041,Хороший
73042,Хороший
73043,Хороший
73044,Хороший
73045,Хороший
73046,Хороший
73047,Хороший
73056,Плохой
73057,Плохой
73058,Плохой
73059,Плохой
73060,Плохой
73061,Плохой
73062,Плохой
73063,Плохой
73080,Обычный
73081,Хороший
73082,Обычный
73083,Хороший
73084,Обычный
73085,Хороший
73086,Обычный
73087,Хороший
73088,Обычный
73089,Обычный
73090,Обычный
73091,Обычный
73092,Обычный
73093,Обычный
73094,Обычный
73095,Обычный
73120,Обычный
73121,Обычный
73122,Обычный
73123,Обычный
73124,Обычный
73125,Обычный
73126,Обычный
73127,Обычный
73144,Плохой
73145,Плохой
73146,Плохой
73147,Плохой
73148,Плохой
73149,Плохой
73150,Плохой
73151,Плохой
73176,Плохой
73177,Плохой
73178,Плохой
73179,Плохой
73180,Плохой
73181,Плохой
73182,Плохой
73183,Плохой
73192,Обычный
73193,Обычный
73194,Обычный
73195,Обычный
73196,Обычный
73197,Обычный
73198,Обычный
73199,Обычный
73208,Плохой
73209,Плохой
73210,Плохой
73211,Плохой
73212,Обычный
73213,Плохой
73214,Плохой
73215,Обычный
73216,Плохой
73217,Плохой
73218,Плохой
73219,Плохой
73220,Плохой
73221,Плохой
73222,Плохой
73223,Плохой
73248,Обычный
73249,Обычный
73250,Обычный
73251,Обычный
73252,Обычный
73253,Обычный
73254,Обычный
73255,Обычный
73264,Обычный
73265,Обычный
73266,Обычный
73267,Обычный
73268,Обычный
73269,Обычный
73270,Обычный
73271,Обычный
73296,Хороший
73297,Хороший
73298,Хороший
73299,Хороший
73300,Хороший
73301,Хороший
73302,Хороший
73303,Хороший
73328,Обычный
73329,Обычный
73330,Обычный
73331,Обычный
73332,Обычный
73333,Обычный
73334,Обычный
73335,Обычный
73336,Обычный
73337,Обычный
73338,Обычный
73339,Обычный
73340,Обычный
73341,Обычный
73342,Обычный
73343,Обычный
73376,Обычный
73377,Обычный
73378,Обычный
73379,Обычный
73380,Обычный
73381,Обычный
73382,Обычный
73383,Обычный
73392,Плохой
73393,Плохой
73394,Плохой
73395,Плохой
73396,Плохой
73397,Плохой
73398,Плохой
73399,Плохой
73408,Хороший
73409,Хороший
73410,Хороший
73411,Хороший
73412,Хороший
73413,Хороший
73414,Хороший
73415,Хороший
73416,Плохой
73417,Плохой
73418,Плохой
73419,Плохой
73420,Плохой
73421,Плохой
73422,Плохой
73423,Плохой
73424,Обычный
73425,Обычный
73426,Обычный
73427,Обычный
73428,Обычный
73429,Обычный
73430,Обычный
73431,Хороший
73440,Плохой
73441,Плохой
73442,Плохой
73443,Плохой
73444,Плохой
73445,Плохой
73446,Плохой
73447,Плохой
73456,Хороший
73457,Хороший
73458,Хороший
73459,Хороший
73460,Хороший
73461,Хороший
73462,Хороший
73463,Хороший
73464,Обычный
73465,Обычный
73466,Обычный
73467,Обычный
73468,Обычный
73469,Обычный
73470,Обычный
73471,Обычный
73480,Обычный
73481,Обычный
73482,Обычный
73483,Плохой
73484,Обычный
73485,Обычный
73486,Плохой
73487,Обычный
73504,Плохой
73505,Плохой
73506,Плохой
73507,Плохой
73508,Плохой
73509,Плохой
73510,Плохой
73511,Плохой
73520,Плохой
73521,Плохой
73522,Плохой
73523,Плохой
73524,Плохой
73525,Плохой
73526,Плохой
73527,Плохой
73536,Обычный
73537,Обычный
73538,Обычный
73539,Обычный
73540,Обычный
73541,Обычный
73542,Обычный
73543,Обычный
73544,Обычный
73545,Обычный
73546,Обычный
73547,Обычный
73548,Обычный
73549,Обычный
73550,Обычный
73551,Обычный
73568,Хороший
73569,Обычный
73570,Хороший
73571,Хороший
73572,Хороший
73573,Хороший
73574,Хороший
73575,Хороший
73584,Обычный
73585,Обычный
73586,Обычный
73587,Обычный
73588,Обычный
73589,Обычный
73590,Обычный
73591,Обычный
73592,Обычный
73593,Обычный
73594,Обычный
73595,Обычный
73596,Обычный
73597,Обычный
73598,Обычный
73599,Обычный
73624,Обычный
73625,Обычный
73626,Обычный
73627,Обычный
73628,Обычный
73629,Обычный
73630,Обычный
73631,Обычный
73632,Плохой
73633,Плохой
73634,Плохой
73635,Плохой
73636,Плохой
73637,Плохой
73638,Плохой
73639,Плохой
73648,Хороший
73649,Хороший
73650,Хороший
73651,Хороший
73652,Хороший
73653,Хороший
73654,Хороший
73655,Хороший
73688,Хороший
73689,Хороший
73690,Хороший
73691,Хороший
73692,Хороший
73693,Хороший
73694,Хороший
73695,Хороший
73696,Хороший
73697,Хороший
73698,Хороший
73699,Хороший
73700,Обычный
73701,Хороший
73702,Хороший
73703,Хороший
73704,Обычный
73705,Хороший
73706,Хороший
73707,Хороший
73708,Хороший
73709,Хороший
73710,Хороший
73711,Обычный
73760,Плохой
73761,Плохой
73762,Плохой
73763,Плохой
73764,Обычный
73765,Плохой
73766,Обычный
73767,Обычный
73784,Обычный
73785,Обычный
73786,Обычный
73787,Обычный
73788,Плохой
73789,Обычный
73790,Обычный
73791,Обычный
73816,Обычный
73817,Обычный
73818,Обычный
73819,Обычный
73820,Обычный
73821,Обычный
73822,Обычный
73823,Обычный
73832,Плохой
73833,Плохой
73834,Обычный
73835,Обычный
73836,Плохой
73837,Плохой
73838,Плохой
73839,Плохой
73864,Плохой
73865,Плохой
73866,Плохой
73867,Плохой
73868,Плохой
73869,Плохой
73870,Плохой
73871,Плохой
73880,Обычный
73881,Обычный
73882,Обычный
73883,Обычный
73884,Обычный
73885,Обычный
73886,Обычный
73887,Обычный
73896,Плохой
73897,Плохой
73898,Плохой
73899,Плохой
73900,Плохой
73901,Плохой
73902,Плохой
73903,Плохой
73928,Хороший
73929,Обычный
73930,Хороший
73931,Хороший
73932,Хороший
73933,Хороший
73934,Хороший
73935,Хороший
73936,Обычный
73937,Обычный
73938,Обычный
73939,Обычный
73940,Обычный
73941,Обычный
73942,Обычный
73943,Обычный
73952,Хороший
73953,Хороший
73954,Хороший
73955,Хороший
73956,Хороший
73957,Хороший
73958,Хороший
73959,Хороший
73984,Плохой
73985,Плохой
73986,Плохой
73987,Плохой
73988,Плохой
73989,Плохой
73990,Плохой
73991,Плохой
74040,Обычный
74041,Обычный
74042,Обычный
74043,Обычный
74044,Обычный
74045,Обычный
74046,Обычный
74047,Обычный
74064,Плохой
74065,Обычный
74066,Плохой
74067,Обычный
74068,Обычный
74069,Плохой
74070,Плохой
74071,Обычный
74080,Обычный
74081,Обычный
74082,Обычный
74083,Обычный
74084,Обычный
74085,Обычный
74086,Обычный
74087,Обычный
74096,Обычный
74097,Обычный
74098,Хороший
74099,Обычный
74100,Хороший
74101,Обычный
74102,Обычный
74103,Обычный
74120,Обычный
74121,Обычный
74122,Обычный
74123,Обычный
74124,Обычный
74125,Обычный
74126,Обычный
74127,Обычный
74136,Хороший
74137,Хороший
74138,Хороший
74139,Хороший
74140,Хороший
74141,Хороший
74142,Хороший
74143,Хороший
74144,Обычный
74145,Обычный
74146,Обычный
74147,Обычный
74148,Обычный
74149,Обычный
74150,Обычный
74151,Обычный
74152,Обычный
74153,Обычный
74154,Обычный
74155,Обычный
74156,Обычный
74157,Обычный
74158,Обычный
74159,Обычный
74160,Обычный
74161,Обычный
74162,Обычный
74163,Обычный
74164,Обычный
74165,Обычный
74166,Обычный
74167,Обычный
74168,Обычный
74169,Обычный
74170,Обычный
74171,Обычный
74172,Обычный
74173,Обычный
74174,Обычный
74175,Обычный
74192,Плохой
74193,Плохой
74194,Плохой
74195,Плохой
74196,Плохой
74197,Плохой
74198,Плохой
74199,Плохой
74200,Обычный
74201,Обычный
74202,Плохой
74203,Обычный
74204,Обычный
74205,Обычный
74206,Обычный
74207,Обычный
74208,Хороший
74209,Хороший
74210,Хороший
74211,Плохой
74212,Хороший
74213,Хороший
74214,Хороший
74215,Хороший
74224,Плохой
74225,Плохой
74226,Плохой
74227,Плохой
74228,Плохой
74229,Плохой
74230,Плохой
74231,Плохой
74240,Плохой
74241,Плохой
74242,Плохой
74243,Плохой
74244,Плохой
74245,Плохой
74246,Плохой
74247,Плохой
74256,Обычный
74257,Обычный
74258,Обычный
74259,Обычный
74260,Обычный
74261,Обычный
74262,Обычный
74263,Обычный
74280,Обычный
74281,Обычный
74282,Обычный
74283,Обычный
74284,Обычный
74285,Обычный
74286,Обычный
74287,Обычный
74304,Обычный
74305,Обычный
74306,Обычный
74307,Обычный
74308,Обычный
74309,Обычный
74310,Обычный
74311,Обычный
74312,Плохой
74313,Плохой
74314,Плохой
74315,Плохой
74316,Плохой
74317,Плохой
74318,Плохой
74319,Плохой
74336,Обычный
74337,Обычный
74338,Обычный
74339,Обычный
74340,Обычный
74341,Обычный
74342,Обычный
74343,Обычный
74344,Обычный
74345,Обычный
74346,Обычный
74347,Обычный
74348,Обычный
74349,Обычный
74350,Обычный
74351,Обычный
74352,Обычный
74353,Обычный
74354,Обычный
74355,Обычный
74356,Обычный
74357,Обычный
74358,Обычный
74359,Обычный
74360,Хороший
74361,Хороший
74362,Хороший
74363,Хороший
74364,Хороший
74365,Хороший
74366,Хороший
74367,Хороший
74368,Обычный
74369,Обычный
74370,Обычный
74371,Обычный
74372,Обычный
74373,Обычный
74374,Обычный
74375,Обычный
74416,Плохой
74417,Плохой
74418,Плохой
74419,Плохой
74420,Плохой
74421,Плохой
74422,Плохой
74423,Плохой
74440,Плохой
74441,Плохой
74442,Плохой
74443,Плохой
74444,Плохой
74445,Плохой
74446,Плохой
74447,Плохой
74496,Обычный
74497,Обычный
74498,Плохой
74499,Плохой
74500,Плохой
74501,Обычный
74502,Плохой
74503,Плохой
74504,Обычный
74505,Обычный
74506,Обычный
74507,Обычный
74508,Обычный
74509,Обычный
74510,Обычный
74511,Обычный
74568,Хороший
74569,Хороший
74570,Хороший
74571,Хороший
74572,Хороший
74573,Хороший
74574,Хороший
74575,Хороший
74584,Хороший
74585,Хороший
74586,Хороший
74587,Хороший
74588,Хороший
74589,Хороший
74590,Хороший
74591,Хороший
74592,Обычный
74593,Обычный
74594,Обычный
74595,Обычный
74596,Обычный
74597,Обычный
74598,Обычный
74599,Обычный
74632,Обычный
74633,Обычный
74634,Обычный
74635,Обычный
74636,Обычный
74637,Обычный
74638,Обычный
74639,Обычный
74656,Обычный
74657,Обычный
74658,Обычный
74659,Обычный
74660,Обычный
74661,Обычный
74662,Обычный
74663,Обычный
74696,Плохой
74697,Плохой
74698,Плохой
74699,Обычный
74700,Плохой
74701,Обычный
74702,Плохой
74703,Обычный
74704,Хороший
74705,Обычный
74706,Обычный
74707,Обычный
74708,Обычный
74709,Обычный
74710,Обычный
74711,Обычный
74736,Плохой
74737,Плохой
74738,Плохой
74739,Плохой
74740,Плохой
74741,Плохой
74742,Плохой
74743,Плохой
74744,Плохой
74745,Плохой
74746,Плохой
74747,Плохой
74748,Плохой
74749,Плохой
74750,Плохой
74751,Плохой
74776,Обычный
74777,Обычный
74778,Обычный
74779,Обычный
74780,Обычный
74781,Обычный
74782,Обычный
74783,Обычный
74808,Обычный
74809,Обычный
74810,Обычный
74811,Обычный
74812,Обычный
74813,Обычный
74814,Обычный
74815,Обычный
74816,Хороший
74817,Хороший
74818,Хороший
74819,Хороший
74820,Хороший
74821,Хороший
74822,Хороший
74823,Хороший
74832,Обычный
74833,Обычный
74834,Обычный
74835,Обычный
74836,Хороший
74837,Обычный
74838,Обычный
74839,Обычный
74848,Хороший
74849,Хороший
74850,Хороший
74851,Хороший
74852,Хороший
74853,Хороший
74854,Хороший
74855,Хороший
74904,Обычный
74905,Обычный
74906,Обычный
74907,Обычный
74908,Обычный
74909,Обычный
74910,Обычный
74911,Обычный
74912,Обычный
74913,Обычный
74914,Обычный
74915,Обычный
74916,Обычный
74917,Обычный
74918,Обычный
74919,Обычный
74920,Обычный
74921,Обычный
74922,Обычный
74923,Обычный
74924,Обычный
74925,Обычный
74926,Обычный
74927,Обычный
74960,Плохой
74961,Плохой
74962,Плохой
74963,Плохой
74964,Плохой
74965,Плохой
74966,Плохой
74967,Плохой
75016,Обычный
75017,Обычный
75018,Обычный
75019,Обычный
75020,Обычный
75021,Обычный
75022,Обычный
75023,Обычный
75040,Обычный
75041,Обычный
75042,Обычный
75043,Обычный
75044,Обычный
75045,Обычный
75046,Обычный
75047,Обычный
75072,Плохой
75073,Плохой
75074,Плохой
75075,Плохой
75076,Плохой
75077,Плохой
75078,Плохой
75079,Плохой
75096,Обычный
75097,Обычный
75098,Обычный
75099,Обычный
75100,Обычный
75101,Обычный
75102,Обычный
75103,Обычный
75136,Хороший
75137,Хороший
75138,Хороший
75139,Хороший
75140,Обычный
75141,Хороший
75142,Хороший
75143,Хороший
75176,Плохой
75177,Плохой
75178,Плохой
75179,Обычный
75180,Обычный
75181,Обычный
75182,Плохой
75183,Обычный
75184,Обычный
75185,Обычный
75186,Обычный
75187,Обычный
75188,Обычный
75189,Обычный
75190,Обычный
75191,Обычный
75192,Плохой
75193,Плохой
75194,Плохой
75195,Плохой
75196,Плохой
75197,Плохой
75198,Плохой
75199,Плохой
75216,Хороший
75217,Хороший
75218,Обычный
75219,Хороший
75220,Хороший
75221,Хороший
75222,Хороший
75223,Плохой
75224,Обычный
75225,Обычный
75226,Обычный
75227,Обычный
75228,Обычный
75229,Обычный
75230,Плохой
75231,Обычный
75240,Обычный
75241,Обычный
75242,Обычный
75243,Обычный
75244,Обычный
75245,Обычный
75246,Обычный
75247,Обычный
75248,Обычный
75249,Обычный
75250,Обычный
75251,Обычный
75252,Обычный
75253,Обычный
75254,Обычный
75255,Обычный
75264,Плохой
75265,Плохой
75266,Плохой
75267,Плохой
75268,Плохой
75269,Плохой
75270,Плохой
75271,Плохой
75280,Плохой
75281,Плохой
75282,Плохой
75283,Плохой
75284,Плохой
75285,Плохой
75286,Плохой
75287,Плохой
75304,Хороший
75305,Хороший
75306,Хороший
75307,Хороший
75308,Хороший
75309,Хороший
75310,Хороший
75311,Хороший
75320,Плохой
75321,Плохой
75322,Плохой
75323,Плохой
75324,Плохой
75325,Плохой
75326,Плохой
75327,Плохой
75352,Обычный
75353,Обычный
75354,Обычный
75355,Обычный
75356,Обычный
75357,Обычный
75358,Обычный
75359,Обычный
75360,Обычный
75361,Обычный
75362,Обычный
75363,Обычный
75364,Обычный
75365,Обычный
75366,Обычный
75367,Обычный
75376,Обычный
75377,Обычный
75378,Обычный
75379,Обычный
75380,Обычный
75381,Обычный
75382,Обычный
75383,Обычный
75384,Обычный
75385,Обычный
75386,Обычный
75387,Обычный
75388,Обычный
75389,Обычный
75390,Обычный
75391,Обычный
75400,Плохой
75401,Плохой
75402,Обычный
75403,Плохой
75404,Плохой
75405,Плохой
75406,Плохой
75407,Плохой
75424,Обычный
75425,Обычный
75426,Обычный
75427,Обычный
75428,Обычный
75429,Обычный
75430,Обычный
75431,Обычный
75448,Хороший
75449,Хороший
75450,Хороший
75451,Хороший
75452,Хороший
75453,Хороший
75454,Хороший
75455,Хороший
75488,Обычный
75489,Обычный
75490,Обычный
75491,Обычный
75492,Обычный
75493,Обычный
75494,Обычный
75495,Обычный
75512,Обычный
75513,Обычный
75514,Обычный
75515,Обычный
75516,Обычный
75517,Обычный
75518,Обычный
75519,Обычный
75536,Хороший
75537,Хороший
75538,Плохой
75539,Плохой
75540,Плохой
75541,Обычный
75542,Обычный
75543,Хороший
75560,Обычный
75561,Обычный
75562,Обычный
75563,Обычный
75564,Обычный
75565,Обычный
75566,Обычный
75567,Обычный
75568,Хороший
75569,Хороший
75570,Хороший
75571,Хороший
75572,Хороший
75573,Обычный
75574,Хороший
75575,Хороший
75584,Плохой
75585,Плохой
75586,Плохой
75587,Плохой
75588,Плохой
75589,Плохой
75590,Плохой
75591,Плохой
75592,Обычный
75593,Обычный
75594,Плохой
75595,Обычный
75596,Обычный
75597,Обычный
75598,Обычный
75599,Плохой
75608,Плохой
75609,Плохой
75610,Плохой
75611,Плохой
75612,Плохой
75613,Плохой
75614,Плохой
75615,Плохой
75616,Обычный
75617,Плохой
75618,Плохой
75619,Обычный
75620,Плохой
75621,Плохой
75622,Обычный
75623,Плохой
75632,Хороший
75633,Хороший
75634,Хороший
75635,Хороший
75636,Хороший
75637,Хороший
75638,Хороший
75639,Хороший
75640,Обычный
75641,Обычный
75642,Обычный
75643,Обычный
75644,Обычный
75645,Обычный
75646,Обычный
75647,Обычный
75656,Хороший
75657,Хороший
75658,Хороший
75659,Хороший
75660,Хороший
75661,Хороший
75662,Хороший
75663,Хороший
75704,Хороший
75705,Хороший
75706,Хороший
75707,Хороший
75708,Хороший
75709,Хороший
75710,Хороший
75711,Хороший
75712,Хороший
75713,Обычный
75714,Хороший
75715,Хороший
75716,Хороший
75717,Хороший
75718,Хороший
75719,Хороший
75720,Хороший
75721,Хороший
75722,Хороший
75723,Хороший
75724,Хороший
75725,Хороший
75726,Хороший
75727,Хороший
75736,Обычный
75737,Плохой
75738,Плохой
75739,Плохой
75740,Обычный
75741,Обычный
75742,Обычный
75743,Обычный
75792,Обычный
75793,Обычный
75794,Обычный
75795,Обычный
75796,Хороший
75797,Обычный
75798,Обычный
75799,Обычный
75800,Плохой
75801,Плохой
75802,Плохой
75803,Плохой
75804,Плохой
75805,Плохой
75806,Плохой
75807,Обычный
75864,Обычный
75865,Обычный
75866,Обычный
75867,Обычный
75868,Обычный
75869,Обычный
75870,Обычный
75871,Обычный
75872,Хороший
75873,Хороший
75874,Хороший
75875,Обычный
75876,Хороший
75877,Обычный
75878,Хороший
75879,Хороший
75880,Плохой
75881,Плохой
75882,Плохой
75883,Плохой
75884,Плохой
75885,Плохой
75886,Плохой
75887,Плохой
75912,Обычный
75913,Обычный
75914,Обычный
75915,Обычный
75916,Обычный
75917,Обычный
75918,Обычный
75919,Обычный
75968,Хороший
75969,Плохой
75970,Плохой
75971,Хороший
75972,Хороший
75973,Хороший
75974,Хороший
75975,Плохой
75984,Плохой
75985,Плохой
75986,Плохой
75987,Плохой
75988,Плохой
75989,Плохой
75990,Плохой
75991,Плохой
76016,Обычный
76017,Обычный
76018,Обычный
76019,Обычный
76020,Обычный
76021,Обычный
76022,Обычный
76023,Обычный
76024,Обычный
76025,Обычный
76026,Обычный
76027,Обычный
76028,Обычный
76029,Обычный
76030,Обычный
76031,Обычный
76064,Плохой
76065,Плохой
76066,Плохой
76067,Плохой
76068,Плохой
76069,Плохой
76070,Плохой
76071,Плохой
76072,Обычный
76073,Обычный
76074,Обычный
76075,Плохой
76076,Обычный
76077,Обычный
76078,Обычный
76079,Плохой
76112,Хороший
76113,Хороший
76114,Хороший
76115,Хороший
76116,Хороший
76117,Хороший
76118,Хороший
76119,Хороший
76152,Обычный
76153,Плохой
76154,Плохой
76155,Обычный
76156,Обычный
76157,Обычный
76158,Обычный
76159,Плохой
76176,Плохой
76177,Плохой
76178,Плохой
76179,Плохой
76180,Плохой
76181,Плохой
76182,Плохой
76183,Плохой
76184,Обычный
76185,Обычный
76186,Обычный
76187,Обычный
76188,Плохой
76189,Обычный
76190,Обычный
76191,Обычный
76200,Обычный
76201,Обычный
76202,Обычный
76203,Обычный
76204,Обычный
76205,Обычный
76206,Обычный
76207,Обычный
76216,Обычный
76217,Обычный
76218,Обычный
76219,Обычный
76220,Обычный
76221,Обычный
76222,Обычный
76223,Обычный
76272,Обычный
76273,Обычный
76274,Обычный
76275,Обычный
76276,Обычный
76277,Обычный
76278,Обычный
76279,Обычный
76280,Плохой
76281,Плохой
76282,Плохой
76283,Плохой
76284,Плохой
76285,Плохой
76286,Плохой
76287,Плохой
76312,Плохой
76313,Обычный
76314,Плохой
76315,Плохой
76316,Плохой
76317,Плохой
76318,Плохой
76319,Плохой
76368,Плохой
76369,Плохой
76370,Плохой
76371,Плохой
76372,Плохой
76373,Плохой
76374,Плохой
76375,Плохой
76400,Плохой
76401,Плохой
76402,Плохой
76403,Плохой
76404,Плохой
76405,Плохой
76406,Плохой
76407,Плохой
76424,Хороший
76425,Хороший
76426,Хороший
76427,Хороший
76428,Хороший
76429,Хороший
76430,Хороший
76431,Хороший
76432,Плохой
76433,Плохой
76434,Плохой
76435,Плохой
76436,Плохой
76437,Плохой
76438,Плохой
76439,Плохой
76448,Обычный
76449,Обычный
76450,Обычный
76451,Обычный
76452,Обычный
76453,Обычный
76454,Обычный
76455,Обычный
76456,Обычный
76457,Обычный
76458,Обычный
76459,Обычный
76460,Обычный
76461,Обычный
76462,Обычный
76463,Обычный
76472,Плохой
76473,Плохой
76474,Плохой
76475,Плохой
76476,Плохой
76477,Плохой
76478,Плохой
76479,Плохой
76504,Обычный
76505,Обычный
76506,Обычный
76507,Обычный
76508,Обычный
76509,Обычный
76510,Обычный
76511,Обычный
76512,Обычный
76513,Обычный
76514,Обычный
76515,Обычный
76516,Обычный
76517,Обычный
76518,Обычный
76519,Обычный
76528,Обычный
76529,Обычный
76530,Обычный
76531,Обычный
76532,Обычный
76533,Обычный
76534,Обычный
76535,Обычный
76536,Плохой
76537,Плохой
76538,Плохой
76539,Плохой
76540,Плохой
76541,Плохой
76542,Плохой
76543,Плохой
76544,Плохой
76545,Плохой
76546,Плохой
76547,Плохой
76548,Плохой
76549,Плохой
76550,Плохой
76551,Плохой
76552,Обычный
76553,Обычный
76554,Обычный
76555,Обычный
76556,Обычный
76557,Обычный
76558,Обычный
76559,Обычный
76568,Обычный
76569,Обычный
76570,Обычный
76571,Обычный
76572,Обычный
76573,Обычный
76574,Обычный
76575,Обычный
76584,Плохой
76585,Обычный
76586,Обычный
76587,Плохой
76588,Плохой
76589,Обычный
76590,Плохой
76591,Плохой
76608,Обычный
76609,Обычный
76610,Обычный
76611,Плохой
76612,Обычный
76613,Обычный
76614,Обычный
76615,Обычный
76616,Плохой
76617,Плохой
76618,Плохой
76619,Плохой
76620,Плохой
76621,Плохой
76622,Плохой
76623,Плохой
76664,Хороший
76665,Обычный
76666,Обычный
76667,Хороший
76668,Обычный
76669,Обычный
76670,Обычный
76671,Плохой
76696,Плохой
76697,Плохой
76698,Плохой
76699,Плохой
76700,Плохой
76701,Плохой
76702,Плохой
76703,Плохой
76704,Плохой
76705,Плохой
76706,Плохой
76707,Плохой
76708,Обычный
76709,Плохой
76710,Плохой
76711,Обычный
76720,Плохой
76721,Плохой
76722,Плохой
76723,Плохой
76724,Плохой
76725,Плохой
76726,Хороший
76727,Плохой
76728,Обычный
76729,Обычный
76730,Обычный
76731,Обычный
76732,Обычный
76733,Обычный
76734,Обычный
76735,Обычный
76752,Плохой
76753,Плохой
76754,Плохой
76755,Плохой
76756,Плохой
76757,Плохой
76758,Плохой
76759,Плохой
76784,Плохой
76785,Плохой
76786,Плохой
76787,Плохой
76788,Плохой
76789,Плохой
76790,Плохой
76791,Плохой
76856,Обычный
76857,Хороший
76858,Хороший
76859,Обычный
76860,Хороший
76861,Хороший
76862,Хороший
76863,Хороший
76872,Обычный
76873,Обычный
76874,Обычный
76875,Обычный
76876,Обычный
76877,Обычный
76878,Обычный
76879,Обычный
76880,Обычный
76881,Обычный
76882,Обычный
76883,Обычный
76884,Обычный
76885,Обычный
76886,Обычный
76887,Обычный
76896,Хороший
76897,Хороший
76898,Хороший
76899,Хороший
76900,Хороший
76901,Хороший
76902,Хороший
76903,Хороший
76904,Обычный
76905,Обычный
76906,Обычный
76907,Обычный
76908,Обычный
76909,Обычный
76910,Обычный
76911,Обычный
76912,Плохой
76913,Плохой
76914,Плохой
76915,Плохой
76916,Плохой
76917,Плохой
76918,Плохой
76919,Плохой
76928,Обычный
76929,Обычный
76930,Обычный
76931,Обычный
76932,Обычный
76933,Обычный
76934,Обычный
76935,Обычный
76952,Обычный
76953,Плохой
76954,Плохой
76955,Обычный
76956,Плохой
76957,Плохой
76958,Плохой
76959,Плохой
76968,Обычный
76969,Обычный
76970,Обычный
76971,Обычный
76972,Обычный
76973,Обычный
76974,Обычный
76975,Обычный
76992,Обычный
76993,Обычный
76994,Обычный
76995,Обычный
76996,Обычный
76997,Обычный
76998,Обычный
76999,Обычный
77000,Плохой
77001,Плохой
77002,Плохой
77003,Плохой
77004,Плохой
77005,Плохой
77006,Плохой
77007,Плохой
77024,Хороший
77025,Обычный
77026,Обычный
77027,Обычный
77028,Обычный
77029,Обычный
77030,Обычный
77031,Обычный
77032,Обычный
77033,Обычный
77034,Обычный
77035,Обычный
77036,Обычный
77037,Обычный
77038,Обычный
77039,Обычный
77056,Плохой
77057,Плохой
77058,Плохой
77059,Плохой
77060,Плохой
77061,Плохой
77062,Плохой
77063,Плохой
77064,Обычный
77065,Обычный
77066,Обычный
77067,Обычный
77068,Обычный
77069,Обычный
77070,Обычный
77071,Обычный
77072,Хороший
77073,Хороший
77074,Хороший
77075,Хороший
77076,Хороший
77077,Хороший
77078,Хороший
77079,Хороший
77080,Обычный
77081,Обычный
77082,Обычный
77083,Обычный
77084,Обычный
77085,Обычный
77086,Обычный
77087,Обычный
77088,Плохой
77089,Плохой
77090,Плохой
77091,Плохой
77092,Плохой
77093,Плохой
77094,Плохой
77095,Плохой
77096,Обычный
77097,Обычный
77098,Обычный
77099,Обычный
77100,Обычный
77101,Обычный
77102,Обычный
77103,Обычный
77104,Обычный
77105,Обычный
77106,Хороший
77107,Хороший
77108,Хороший
77109,Обычный
77110,Хороший
77111,Хороший
77120,Плохой
77121,Плохой
77122,Плохой
77123,Плохой
77124,Плохой
77125,Плохой
77126,Плохой
77127,Плохой
77176,Плохой
77177,Плохой
77178,Плохой
77179,Плохой
77180,Плохой
77181,Плохой
77182,Плохой
77183,Плохой
77208,Обычный
77209,Обычный
77210,Обычный
77211,Обычный
77212,Обычный
77213,Обычный
77214,Обычный
77215,Обычный
77240,Обычный
77241,Обычный
77242,Обычный
77243,Обычный
77244,Обычный
77245,Обычный
77246,Обычный
77247,Обычный
77248,Обычный
77249,Обычный
77250,Плохой
77251,Обычный
77252,Обычный
77253,Плохой
77254,Обычный
77255,Обычный
77272,Хороший
77273,Хороший
77274,Обычный
77275,Обычный
77276,Хороший
77277,Хороший
77278,Обычный
77279,Обычный
77288,Обычный
77289,Обычный
77290,Обычный
77291,Обычный
77292,Обычный
77293,Обычный
77294,Обычный
77295,Обычный
77296,Плохой
77297,Плохой
77298,Плохой
77299,Плохой
77300,Плохой
77301,Плохой
77302,Плохой
77303,Плохой
77312,Плохой
77313,Обычный
77314,Плохой
77315,Обычный
77316,Плохой
77317,Обычный
77318,Обычный
77319,Обычный
77328,Обычный
77329,Обычный
77330,Обычный
77331,Обычный
77332,Обычный
77333,Обычный
77334,Обычный
77335,Обычный
77360,Обычный
77361,Обычный
77362,Обычный
77363,Обычный
77364,Обычный
77365,Обычный
77366,Обычный
77367,Обычный
77368,Обычный
77369,Обычный
77370,Хороший
77371,Хороший
77372,Обычный
77373,Обычный
77374,Хороший
77375,Обычный
77400,Плохой
77401,Плохой
77402,Обычный
77403,Плохой
77404,Обычный
77405,Плохой
77406,Обычный
77407,Обычный
77416,Хороший
77417,Хороший
77418,Хороший
77419,Хороший
77420,Хороший
77421,Хороший
77422,Хороший
77423,Хороший
77440,Хороший
77441,Хороший
77442,Хороший
77443,Хороший
77444,Хороший
77445,Хороший
77446,Хороший
77447,Хороший
77464,Плохой
77465,Плохой
77466,Плохой
77467,Плохой
77468,Плохой
77469,Плохой
77470,Плохой
77471,Плохой
77496,Обычный
77497,Обычный
77498,Обычный
77499,Обычный
77500,Обычный
77501,Обычный
77502,Обычный
77503,Обычный
77512,Обычный
77513,Обычный
77514,Обычный
77515,Обычный
77516,Обычный
77517,Обычный
77518,Обычный
77519,Обычный
77520,Обычный
77521,Обычный
77522,Обычный
77523,Обычный
77524,Обычный
77525,Обычный
77526,Обычный
77527,Обычный
77552,Обычный
77553,Обычный
77554,Обычный
77555,Обычный
77556,Обычный
77557,Обычный
77558,Обычный
77559,Обычный
77560,Обычный
77561,Обычный
77562,Обычный
77563,Обычный
77564,Обычный
77565,Обычный
77566,Обычный
77567,Обычный
77576,Хороший
77577,Хороший
77578,Хороший
77579,Хороший
77580,Хороший
77581,Хороший
77582,Плохой
77583,Хороший
77600,Обычный
77601,Обычный
77602,Обычный
77603,Обычный
77604,Обычный
77605,Обычный
77606,Обычный
77607,Обычный
77624,Плохой
77625,Плохой
77626,Плохой
77627,Плохой
77628,Плохой
77629,Плохой
77630,Плохой
77631,Плохой
77664,Обычный
77665,Обычный
77666,Обычный
77667,Обычный
77668,Обычный
77669,Обычный
77670,Обычный
77671,Обычный
77672,Обычный
77673,Обычный
77674,Обычный
77675,Обычный
77676,Обычный
77677,Обычный
77678,Обычный
77679,Обычный
77712,Обычный
77713,Обычный
77714,Обычный
77715,Обычный
77716,Обычный
77717,Обычный
77718,Обычный
77719,Обычный
77744,Плохой
77745,Плохой
77746,Плохой
77747,Плохой
77748,Обычный
77749,Плохой
77750,Плохой
77751,Плохой
77784,Обычный
77785,Обычный
77786,Обычный
77787,Обычный
77788,Обычный
77789,Обычный
77790,Обычный
77791,Обычный
77792,Плохой
77793,Плохой
77794,Плохой
77795,Плохой
77796,Плохой
77797,Плохой
77798,Плохой
77799,Плохой
77840,Обычный
77841,Обычный
77842,Обычный
77843,Обычный
77844,Обычный
77845,Обычный
77846,Обычный
77847,Обычный
77848,Обычный
77849,Обычный
77850,Обычный
77851,Обычный
77852,Обычный
77853,Обычный
77854,Обычный
77855,Обычный
77880,Обычный
77881,Обычный
77882,Обычный
77883,Обычный
77884,Обычный
77885,Обычный
77886,Обычный
77887,Обычный
77928,Обычный
77929,Обычный
77930,Обычный
77931,Обычный
77932,Обычный
77933,Обычный
77934,Обычный
77935,Обычный
77936,Хороший
77937,Хороший
77938,Хороший
77939,Хороший
77940,Хороший
77941,Хороший
77942,Хороший
77943,Хороший
77944,Обычный
77945,Обычный
77946,Обычный
77947,Обычный
77948,Обычный
77949,Обычный
77950,Обычный
77951,Обычный
77968,Обычный
77969,Обычный
77970,Обычный
77971,Обычный
77972,Обычный
77973,Обычный
77974,Обычный
77975,Обычный
77984,Плохой
77985,Плохой
77986,Плохой
77987,Плохой
77988,Плохой
77989,Плохой
77990,Плохой
77991,Плохой
78024,Обычный
78025,Обычный
78026,Обычный
78027,Обычный
78028,Обычный
78029,Обычный
78030,Обычный
78031,Обычный
78032,Хороший
78033,Хороший
78034,Обычный
78035,Обычный
78036,Хороший
78037,Обычный
78038,Хороший
78039,Хороший
78048,Обычный
78049,Обычный
78050,Обычный
78051,Обычный
78052,Обычный
78053,Обычный
78054,Обычный
78055,Обычный
78064,Хороший
78065,Хороший
78066,Хороший
78067,Хороший
78068,Хороший
78069,Хороший
78070,Хороший
78071,Хороший
78120,Обычный
78121,Обычный
78122,Обычный
78123,Обычный
78124,Обычный
78125,Обычный
78126,Обычный
78127,Обычный
78128,Обычный
78129,Плохой
78130,Обычный
78131,Плохой
78132,Плохой
78133,Плохой
78134,Плохой
78135,Плохой
78136,Плохой
78137,Плохой
78138,Плохой
78139,Плохой
78140,Плохой
78141,Плохой
78142,Плохой
78143,Плохой
78144,Обычный
78145,Обычный
78146,Обычный
78147,Обычный
78148,Обычный
78149,Обычный
78150,Обычный
78151,Обычный
78160,Обычный
78161,Обычный
78162,Обычный
78163,Обычный
78164,Обычный
78165,Обычный
78166,Обычный
78167,Обычный
78192,Хороший
78193,Хороший
78194,Хороший
78195,Хороший
78196,Хороший
78197,Хороший
78198,Хороший
78199,Хороший
78200,Обычный
78201,Обычный
78202,Обычный
78203,Обычный
78204,Обычный
78205,Обычный
78206,Обычный
78207,Обычный
78208,Плохой
78209,Плохой
78210,Плохой
78211,Плохой
78212,Плохой
78213,Плохой
78214,Плохой
78215,Плохой
78232,Обычный
78233,Обычный
78234,Обычный
78235,Обычный
78236,Обычный
78237,Обычный
78238,Обычный
78239,Обычный
78248,Обычный
78249,Обычный
78250,Обычный
78251,Обычный
78252,Обычный
78253,Обычный
78254,Обычный
78255,Обычный
78256,Обычный
78257,Обычный
78258,Обычный
78259,Обычный
78260,Обычный
78261,Обычный
78262,Обычный
78263,Обычный
78296,Обычный
78297,Обычный
78298,Обычный
78299,Обычный
78300,Обычный
78301,Обычный
78302,Обычный
78303,Обычный
78312,Обычный
78313,Обычный
78314,Обычный
78315,Обычный
78316,Обычный
78317,Обычный
78318,Обычный
78319,Обычный
78320,Обычный
78321,Обычный
78322,Обычный
78323,Обычный
78324,Обычный
78325,Обычный
78326,Обычный
78327,Обычный
78336,Обычный
78337,Хороший
78338,Обычный
78339,Обычный
78340,Хороший
78341,Хороший
78342,Хороший
78343,Обычный
78344,Плохой
78345,Плохой
78346,Плохой
78347,Плохой
78348,Плохой
78349,Плохой
78350,Плохой
78351,Плохой
78352,Плохой
78353,Плохой
78354,Плохой
78355,Плохой
78356,Плохой
78357,Обычный
78358,Плохой
78359,Плохой
78360,Плохой
78361,Плохой
78362,Плохой
78363,Плохой
78364,Плохой
78365,Плохой
78366,Плохой
78367,Плохой
78376,Обычный
78377,Обычный
78378,Обычный
78379,Обычный
78380,Обычный
78381,Обычный
78382,Обычный
78383,Обычный
78432,Обычный
78433,Обычный
78434,Обычный
78435,Обычный
78436,Обычный
78437,Обычный
78438,Обычный
78439,Обычный
78440,Обычный
78441,Хороший
78442,Хороший
78443,Хороший
78444,Обычный
78445,Обычный
78446,Хороший
78447,Хороший
78448,Обычный
78449,Обычный
78450,Обычный
78451,Обычный
78452,Обычный
78453,Обычный
78454,Обычный
78455,Обычный
78464,Обычный
78465,Обычный
78466,Обычный
78467,Обычный
78468,Обычный
78469,Обычный
78470,Обычный
78471,Обычный
78480,Плохой
78481,Плохой
78482,Плохой
78483,Плохой
78484,Плохой
78485,Плохой
78486,Плохой
78487,Плохой
78488,Обычный
78489,Обычный
78490,Обычный
78491,Плохой
78492,Плохой
78493,Плохой
78494,Плохой
78495,Плохой
78528,Плохой
78529,Плохой
78530,Плохой
78531,Плохой
78532,Плохой
78533,Плохой
78534,Плохой
78535,Плохой
78544,Обычный
78545,Обычный
78546,Обычный
78547,Обычный
78548,Обычный
78549,Обычный
78550,Обычный
78551,Обычный
78576,Обычный
78577,Обычный
78578,Обычный
78579,Обычный
78580,Обычный
78581,Обычный
78582,Обычный
78583,Обычный
78592,Обычный
78593,Обычный
78594,Обычный
78595,Обычный
78596,Обычный
78597,Обычный
78598,Обычный
78599,Обычный
78608,Обычный
78609,Обычный
78610,Обычный
78611,Обычный
78612,Обычный
78613,Обычный
78614,Обычный
78615,Обычный
78632,Обычный
78633,Обычный
78634,Обычный
78635,Обычный
78636,Обычный
78637,Обычный
78638,Обычный
78639,Обычный
78672,Хороший
78673,Хороший
78674,Хороший
78675,Хороший
78676,Хороший
78677,Хороший
78678,Хороший
78679,Хороший
78680,Обычный
78681,Обычный
78682,Обычный
78683,Обычный
78684,Обычный
78685,Обычный
78686,Обычный
78687,Обычный
78712,Плохой
78713,Плохой
78714,Плохой
78715,Плохой
78716,Плохой
78717,Плохой
78718,Плохой
78719,Плохой
78736,Плохой
78737,Плохой
78738,Плохой
78739,Плохой
78740,Плохой
78741,Плохой
78742,Плохой
78743,Плохой
78744,Обычный
78745,Обычный
78746,Обычный
78747,Обычный
78748,Обычный
78749,Обычный
78750,Обычный
78751,Обычный
78792,Плохой
78793,Плохой
78794,Плохой
78795,Плохой
78796,Плохой
78797,Плохой
78798,Плохой
78799,Плохой
78824,Плохой
78825,Плохой
78826,Плохой
78827,Плохой
78828,Обычный
78829,Плохой
78830,Плохой
78831,Плохой
78832,Обычный
78833,Обычный
78834,Обычный
78835,Обычный
78836,Обычный
78837,Обычный
78838,Обычный
78839,Обычный
78848,Плохой
78849,Плохой
78850,Плохой
78851,Плохой
78852,Плохой
78853,Плохой
78854,Плохой
78855,Плохой
78856,Плохой
78857,Обычный
78858,Обычный
78859,Обычный
78860,Обычный
78861,Обычный
78862,Обычный
78863,Обычный
78920,Плохой
78921,Плохой
78922,Плохой
78923,Плохой
78924,Плохой
78925,Плохой
78926,Плохой
78927,Плохой
78936,Обычный
78937,Обычный
78938,Обычный
78939,Обычный
78940,Обычный
78941,Обычный
78942,Обычный
78943,Обычный
78944,Обычный
78945,Обычный
78946,Обычный
78947,Обычный
78948,Обычный
78949,Обычный
78950,Плохой
78951,Обычный
78968,Обычный
78969,Обычный
78970,Плохой
78971,Обычный
78972,Обычный
78973,Обычный
78974,Обычный
78975,Плохой
78984,Обычный
78985,Обычный
78986,Хороший
78987,Обычный
78988,Обычный
78989,Хороший
78990,Хороший
78991,Обычный
79000,Хороший
79001,Хороший
79002,Обычный
79003,Хороший
79004,Обычный
79005,Обычный
79006,Хороший
79007,Обычный
79008,Обычный
79009,Обычный
79010,Обычный
79011,Обычный
79012,Обычный
79013,Обычный
79014,Обычный
79015,Обычный
79032,Обычный
79033,Обычный
79034,Плохой
79035,Плохой
79036,Обычный
79037,Плохой
79038,Плохой
79039,Плохой
79048,Плохой
79049,Плохой
79050,Плохой
79051,Плохой
79052,Плохой
79053,Плохой
79054,Плохой
79055,Плохой
79080,Плохой
79081,Плохой
79082,Плохой
79083,Плохой
79084,Плохой
79085,Плохой
79086,Плохой
79087,Плохой
79088,Плохой
79089,Плохой
79090,Плохой
79091,Плохой
79092,Плохой
79093,Плохой
79094,Плохой
79095,Плохой
79104,Хороший
79105,Хороший
79106,Хороший
79107,Хороший
79108,Хороший
79109,Хороший
79110,Хороший
79111,Хороший
79136,Хороший
79137,Хороший
79138,Хороший
79139,Хороший
79140,Хороший
79141,Хороший
79142,Хороший
79143,Хороший
79152,Обычный
79153,Обычный
79154,Обычный
79155,Обычный
79156,Обычный
79157,Обычный
79158,Обычный
79159,Обычный
79160,Плохой
79161,Обычный
79162,Плохой
79163,Плохой
79164,Плохой
79165,Плохой
79166,Плохой
79167,Плохой
79200,Обычный
79201,Обычный
79202,Обычный
79203,Обычный
79204,Обычный
79205,Обычный
79206,Обычный
79207,Обычный
79216,Обычный
79217,Обычный
79218,Обычный
79219,Обычный
79220,Обычный
79221,Обычный
79222,Обычный
79223,Обычный
79264,Обычный
79265,Обычный
79266,Обычный
79267,Обычный
79268,Обычный
79269,Обычный
79270,Обычный
79271,Обычный
79304,Обычный
79305,Обычный
79306,Обычный
79307,Обычный
79308,Обычный
79309,Хороший
79310,Обычный
79311,Обычный
79328,Обычный
79329,Обычный
79330,Обычный
79331,Обычный
79332,Плохой
79333,Обычный
79334,Обычный
79335,Плохой
79344,Плохой
79345,Плохой
79346,Плохой
79347,Плохой
79348,Плохой
79349,Плохой
79350,Плохой
79351,Плохой
79392,Обычный
79393,Обычный
79394,Плохой
79395,Обычный
79396,Обычный
79397,Обычный
79398,Обычный
79399,Обычный
79416,Обычный
79417,Обычный
79418,Обычный
79419,Обычный
79420,Обычный
79421,Обычный
79422,Обычный
79423,Обычный
79440,Хороший
79441,Хороший
79442,Хороший
79443,Хороший
79444,Хороший
79445,Хороший
79446,Хороший
79447,Хороший
79472,Плохой
79473,Плохой
79474,Плохой
79475,Плохой
79476,Плохой
79477,Плохой
79478,Плохой
79479,Плохой
79504,Хороший
79505,Хороший
79506,Хороший
79507,Обычный
79508,Обычный
79509,Хороший
79510,Хороший
79511,Хороший
79528,Хороший
79529,Хороший
79530,Хороший
79531,Хороший
79532,Хороший
79533,Хороший
79534,Хороший
79535,Хороший
79536,Обычный
79537,Обычный
79538,Обычный
79539,Обычный
79540,Обычный
79541,Обычный
79542,Обычный
79543,Обычный
79544,Обычный
79545,Обычный
79546,Обычный
79547,Обычный
79548,Обычный
79549,Обычный
79550,Обычный
79551,Обычный
79576,Хороший
79577,Хороший
79578,Хороший
79579,Хороший
79580,Хороший
79581,Хороший
79582,Хороший
79583,Хороший
79584,Плохой
79585,Обычный
79586,Плохой
79587,Плохой
79588,Обычный
79589,Плохой
79590,Плохой
79591,Плохой
79600,Обычный
79601,Обычный
79602,Обычный
79603,Обычный
79604,Обычный
79605,Обычный
79606,Обычный
79607,Обычный
79608,Хороший
79609,Хороший
79610,Хороший
79611,Хороший
79612,Хороший
79613,Хороший
79614,Хороший
79615,Хороший
79616,Обычный
79617,Обычный
79618,Хороший
79619,Хороший
79620,Хороший
79621,Обычный
79622,Хороший
79623,Хороший
79624,Плохой
79625,Плохой
79626,Плохой
79627,Плохой
79628,Плохой
79629,Плохой
79630,Плохой
79631,Плохой
79648,Обычный
79649,Обычный
79650,Обычный
79651,Обычный
79652,Обычный
79653,Обычный
79654,Обычный
79655,Обычный
79664,Обычный
79665,Обычный
79666,Обычный
79667,Обычный
79668,Обычный
79669,Обычный
79670,Обычный
79671,Обычный
79680,Плохой
79681,Плохой
79682,Плохой
79683,Плохой
79684,Плохой
79685,Плохой
79686,Плохой
79687,Плохой
79696,Плохой
79697,Плохой
79698,Плохой
79699,Плохой
79700,Плохой
79701,Плохой
79702,Плохой
79703,Плохой
79704,Обычный
79705,Обычный
79706,Обычный
79707,Обычный
79708,Обычный
79709,Обычный
79710,Обычный
79711,Обычный
79712,Обычный
79713,Обычный
79714,Обычный
79715,Обычный
79716,Обычный
79717,Обычный
79718,Хороший
79719,Обычный
79728,Обычный
79729,Обычный
79730,Обычный
79731,Обычный
79732,Обычный
79733,Обычный
79734,Обычный
79735,Обычный
79736,Хороший
79737,Хороший
79738,Хороший
79739,Хороший
79740,Хороший
79741,Хороший
79742,Хороший
79743,Хороший
79808,Обычный
79809,Обычный
79810,Обычный
79811,Обычный
79812,Обычный
79813,Обычный
79814,Обычный
79815,Обычный
79864,Плохой
79865,Плохой
79866,Плохой
79867,Плохой
79868,Плохой
79869,Плохой
79870,Плохой
79871,Плохой
79952,Обычный
79953,Обычный
79954,Обычный
79955,Обычный
79956,Обычный
79957,Обычный
79958,Обычный
79959,Обычный
79960,Обычный
79961,Обычный
79962,Обычный
79963,Обычный
79964,Обычный
79965,Обычный
79966,Обычный
79967,Обычный
79992,Обычный
79993,Обычный
79994,Обычный
79995,Обычный
79996,Обычный
79997,Обычный
79998,Обычный
79999,Обычный
80048,Обычный
80049,Обычный
80050,Обычный
80051,Обычный
80052,Обычный
80053,Обычный
80054,Обычный
80055,Обычный
80056,Обычный
80057,Обычный
80058,Обычный
80059,Обычный
80060,Обычный
80061,Обычный
80062,Обычный
80063,Обычный
80104,Обычный
80105,Хороший
80106,Хороший
80107,Хороший
80108,Хороший
80109,Хороший
80110,Хороший
80111,Хороший
80152,Плохой
80153,Плохой
80154,Плохой
80155,Плохой
80156,Плохой
80157,Плохой
80158,Плохой
80159,Плохой
80168,Плохой
80169,Обычный
80170,Плохой
80171,Плохой
80172,Плохой
80173,Плохой
80174,Плохой
80175,Плохой
80192,Хороший
80193,Хороший
80194,Хороший
80195,Хороший
80196,Хороший
80197,Хороший
80198,Хороший
80199,Хороший
80208,Обычный
80209,Обычный
80210,Обычный
80211,Обычный
80212,Обычный
80213,Обычный
80214,Обычный
80215,Обычный
80216,Обычный
80217,Обычный
80218,Обычный
80219,Обычный
80220,Обычный
80221,Обычный
80222,Обычный
80223,Обычный
80224,Обычный
80225,Обычный
80226,Обычный
80227,Обычный
80228,Обычный
80229,Обычный
80230,Обычный
80231,Обычный
80256,Обычный
80257,Обычный
80258,Обычный
80259,Обычный
80260,Обычный
80261,Обычный
80262,Обычный
80263,Обычный
80264,Хороший
80265,Хороший
80266,Хороший
80267,Хороший
80268,Хороший
80269,Хороший
80270,Хороший
80271,Хороший
80272,Обычный
80273,Обычный
80274,Обычный
80275,Обычный
80276,Обычный
80277,Обычный
80278,Обычный
80279,Обычный
80288,Плохой
80289,Плохой
80290,Плохой
80291,Плохой
80292,Плохой
80293,Плохой
80294,Плохой
80295,Плохой
80296,Хороший
80297,Хороший
80298,Хороший
80299,Хороший
80300,Хороший
80301,Плохой
80302,Плохой
80303,Хороший
80328,Обычный
80329,Обычный
80330,Обычный
80331,Обычный
80332,Обычный
80333,Обычный
80334,Обычный
80335,Обычный
80400,Плохой
80401,Плохой
80402,Плохой
80403,Плохой
80404,Плохой
80405,Плохой
80406,Плохой
80407,Плохой
80416,Обычный
80417,Обычный
80418,Обычный
80419,Обычный
80420,Обычный
80421,Обычный
80422,Обычный
80423,Обычный
80432,Плохой
80433,Плохой
80434,Плохой
80435,Плохой
80436,Плохой
80437,Плохой
80438,Плохой
80439,Плохой
80448,Плохой
80449,Плохой
80450,Плохой
80451,Плохой
80452,Обычный
80453,Плохой
80454,Обычный
80455,Плохой
80456,Обычный
80457,Обычный
80458,Обычный
80459,Обычный
80460,Обычный
80461,Обычный
80462,Обычный
80463,Обычный
80496,Обычный
80497,Обычный
80498,Обычный
80499,Обычный
80500,Обычный
80501,Обычный
80502,Обычный
80503,Обычный
80504,Обычный
80505,Обычный
80506,Обычный
80507,Обычный
80508,Обычный
80509,Обычный
80510,Обычный
80511,Обычный
80528,Обычный
80529,Обычный
80530,Обычный
80531,Обычный
80532,Обычный
80533,Обычный
80534,Обычный
80535,Обычный
80560,Обычный
80561,Обычный
80562,Обычный
80563,Обычный
80564,Обычный
80565,Обычный
80566,Обычный
80567,Обычный
80568,Обычный
80569,Обычный
80570,Обычный
80571,Обычный
80572,Обычный
80573,Обычный
80574,Обычный
80575,Обычный
80600,Плохой
80601,Плохой
80602,Плохой
80603,Плохой
80604,Плохой
80605,Плохой
80606,Плохой
80607,Плохой
80632,Обычный
80633,Обычный
80634,Обычный
80635,Обычный
80636,Обычный
80637,Обычный
80638,Обычный
80639,Обычный
80640,Плохой
80641,Плохой
80642,Плохой
80643,Плохой
80644,Плохой
80645,Плохой
80646,Плохой
80647,Плохой
80656,Плохой
80657,Обычный
80658,Обычный
80659,Обычный
80660,Плохой
80661,Обычный
80662,Хороший
80663,Хороший
80664,Плохой
80665,Плохой
80666,Плохой
80667,Плохой
80668,Плохой
80669,Плохой
80670,Плохой
80671,Плохой
80680,Плохой
80681,Плохой
80682,Плохой
80683,Плохой
80684,Плохой
80685,Плохой
80686,Плохой
80687,Плохой
80720,Плохой
80721,Плохой
80722,Плохой
80723,Плохой
80724,Плохой
80725,Плохой
80726,Плохой
80727,Плохой
80728,Хороший
80729,Хороший
80730,Хороший
80731,Хороший
80732,Хороший
80733,Хороший
80734,Хороший
80735,Хороший
80736,Обычный
80737,Обычный
80738,Обычный
80739,Обычный
80740,Хороший
80741,Обычный
80742,Обычный
80743,Хороший
80744,Плохой
80745,Обычный
80746,Плохой
80747,Обычный
80748,Обычный
80749,Обычный
80750,Обычный
80751,Обычный
80800,Обычный
80801,Обычный
80802,Обычный
80803,Обычный
80804,Хороший
80805,Хороший
80806,Обычный
80807,Хороший
80808,Обычный
80809,Хороший
80810,Хороший
80811,Хороший
80812,Хороший
80813,Хороший
80814,Хороший
80815,Хороший
80824,Плохой
80825,Плохой
80826,Плохой
80827,Плохой
80828,Плохой
80829,Плохой
80830,Плохой
80831,Плохой
80848,Хороший
80849,Хороший
80850,Хороший
80851,Хороший
80852,Хороший
80853,Хороший
80854,Хороший
80855,Хороший
80856,Обычный
80857,Обычный
80858,Обычный
80859,Обычный
80860,Обычный
80861,Обычный
80862,Обычный
80863,Обычный
80872,Хороший
80873,Хороший
80874,Хороший
80875,Хороший
80876,Хороший
80877,Хороший
80878,Хороший
80879,Хороший
80960,Обычный
80961,Обычный
80962,Обычный
80963,Обычный
80964,Обычный
80965,Обычный
80966,Обычный
80967,Обычный
81024,Обычный
81025,Хороший
81026,Обычный
81027,Обычный
81028,Обычный
81029,Плохой
81030,Обычный
81031,Обычный
81032,Плохой
81033,Плохой
81034,Плохой
81035,Обычный
81036,Плохой
81037,Плохой
81038,Обычный
81039,Плохой
81040,Обычный
81041,Обычный
81042,Плохой
81043,Плохой
81044,Обычный
81045,Обычный
81046,Обычный
81047,Обычный
81056,Обычный
81057,Обычный
81058,Обычный
81059,Обычный
81060,Обычный
81061,Обычный
81062,Обычный
81063,Обычный
81080,Хороший
81081,Хороший
81082,Хороший
81083,Хороший
81084,Хороший
81085,Хороший
81086,Хороший
81087,Хороший
81152,Обычный
81153,Обычный
81154,Обычный
81155,Обычный
81156,Обычный
81157,Обычный
81158,Обычный
81159,Обычный
81160,Обычный
81161,Плохой
81162,Обычный
81163,Обычный
81164,Обычный
81165,Обычный
81166,Хороший
81167,Хороший
81184,Хороший
81185,Хороший
81186,Хороший
81187,Хороший
81188,Хороший
81189,Хороший
81190,Хороший
81191,Хороший
81208,Обычный
81209,Обычный
81210,Обычный
81211,Обычный
81212,Обычный
81213,Хороший
81214,Хороший
81215,Обычный
81224,Обычный
81225,Плохой
81226,Обычный
81227,Обычный
81228,Обычный
81229,Плохой
81230,Обычный
81231,Плохой
81280,Обычный
81281,Обычный
81282,Обычный
81283,Обычный
81284,Обычный
81285,Обычный
81286,Обычный
81287,Обычный
81296,Хороший
81297,Хороший
81298,Хороший
81299,Хороший
81300,Хороший
81301,Хороший
81302,Хороший
81303,Хороший
81328,Хороший
81329,Хороший
81330,Хороший
81331,Хороший
81332,Хороший
81333,Хороший
81334,Хороший
81335,Хороший
81352,Обычный
81353,Обычный
81354,Обычный
81355,Обычный
81356,Обычный
81357,Обычный
81358,Обычный
81359,Обычный
81360,Хороший
81361,Хороший
81362,Хороший
81363,Хороший
81364,Хороший
81365,Хороший
81366,Хороший
81367,Хороший
81368,Обычный
81369,Обычный
81370,Обычный
81371,Обычный
81372,Обычный
81373,Обычный
81374,Обычный
81375,Обычный
81384,Плохой
81385,Плохой
81386,Плохой
81387,Плохой
81388,Плохой
81389,Плохой
81390,Плохой
81391,Плохой
81400,Хороший
81401,Обычный
81402,Обычный
81403,Плохой
81404,Обычный
81405,Хороший
81406,Хороший
81407,Плохой
81432,Обычный
81433,Обычный
81434,Обычный
81435,Обычный
81436,Обычный
81437,Обычный
81438,Обычный
81439,Обычный
81448,Хороший
81449,Хороший
81450,Хороший
81451,Хороший
81452,Хороший
81453,Хороший
81454,Хороший
81455,Обычный
81456,Плохой
81457,Обычный
81458,Плохой
81459,Плохой
81460,Плохой
81461,Плохой
81462,Обычный
81463,Плохой
81464,Плохой
81465,Плохой
81466,Плохой
81467,Плохой
81468,Плохой
81469,Плохой
81470,Плохой
81471,Плохой
81488,Обычный
81489,Плохой
81490,Обычный
81491,Обычный
81492,Обычный
81493,Обычный
81494,Обычный
81495,Обычный
81528,Хороший
81529,Хороший
81530,Хороший
81531,Хороший
81532,Хороший
81533,Хороший
81534,Хороший
81535,Хороший
81544,Обычный
81545,Обычный
81546,Обычный
81547,Обычный
81548,Обычный
81549,Обычный
81550,Обычный
81551,Обычный
81568,Обычный
81569,Обычный
81570,Обычный
81571,Обычный
81572,Обычный
81573,Обычный
81574,Обычный
81575,Обычный
81576,Обычный
81577,Обычный
81578,Обычный
81579,Плохой
81580,Обычный
81581,Обычный
81582,Обычный
81583,Обычный
81592,Хороший
81593,Хороший
81594,Хороший
81595,Хороший
81596,Хороший
81597,Обычный
81598,Хороший
81599,Хороший
81600,Обычный
81601,Обычный
81602,Обычный
81603,Обычный
81604,Обычный
81605,Обычный
81606,Обычный
81607,Обычный
81624,Плохой
81625,Плохой
81626,Плохой
81627,Плохой
81628,Плохой
81629,Плохой
81630,Плохой
81631,Плохой
81664,Плохой
81665,Плохой
81666,Хороший
81667,Хороший
81668,Хороший
81669,Хороший
81670,Хороший
81671,Хороший
81672,Хороший
81673,Хороший
81674,Хороший
81675,Хороший
81676,Хороший
81677,Хороший
81678,Хороший
81679,Хороший
81696,Обычный
81697,Обычный
81698,Обычный
81699,Обычный
81700,Обычный
81701,Обычный
81702,Обычный
81703,Обычный
81704,Плохой
81705,Обычный
81706,Обычный
81707,Обычный
81708,Обычный
81709,Обычный
81710,Обычный
81711,Плохой
81712,Обычный
81713,Обычный
81714,Обычный
81715,Обычный
81716,Обычный
81717,Обычный
81718,Обычный
81719,Обычный
81720,Обычный
81721,Обычный
81722,Обычный
81723,Обычный
81724,Обычный
81725,Обычный
81726,Обычный
81727,Обычный
81744,Обычный
81745,Обычный
81746,Обычный
81747,Обычный
81748,Обычный
81749,Обычный
81750,Обычный
81751,Обычный
81752,Обычный
81753,Обычный
81754,Обычный
81755,Обычный
81756,Обычный
81757,Обычный
81758,Обычный
81759,Обычный
81760,Обычный
81761,Обычный
81762,Обычный
81763,Обычный
81764,Обычный
81765,Обычный
81766,Обычный
81767,Обычный
81792,Плохой
81793,Обычный
81794,Обычный
81795,Обычный
81796,Обычный
81797,Обычный
81798,Обычный
81799,Обычный
81808,Хороший
81809,Хороший
81810,Хороший
81811,Хороший
81812,Хороший
81813,Хороший
81814,Хороший
81815,Хороший
81816,Обычный
81817,Обычный
81818,Обычный
81819,Обычный
81820,Обычный
81821,Обычный
81822,Обычный
81823,Обычный
81824,Обычный
81825,Обычный
81826,Обычный
81827,Обычный
81828,Обычный
81829,Обычный
81830,Обычный
81831,Обычный
81832,Обычный
81833,Обычный
81834,Обычный
81835,Обычный
81836,Обычный
81837,Обычный
81838,Обычный
81839,Обычный
81840,Обычный
81841,Обычный
81842,Обычный
81843,Обычный
81844,Обычный
81845,Обычный
81846,Обычный
81847,Обычный
81872,Обычный
81873,Обычный
81874,Обычный
81875,Обычный
81876,Обычный
81877,Обычный
81878,Обычный
81879,Обычный
81896,Хороший
81897,Хороший
81898,Хороший
81899,Обычный
81900,Хороший
81901,Хороший
81902,Хороший
81903,Хороший
81928,Обычный
81929,Обычный
81930,Обычный
81931,Обычный
81932,Обычный
81933,Обычный
81934,Обычный
81935,Обычный
81944,Хороший
81945,Хороший
81946,Обычный
81947,Обычный
81948,Хороший
81949,Хороший
81950,Хороший
81951,Обычный
81952,Обычный
81953,Обычный
81954,Обычный
81955,Обычный
81956,Обычный
81957,Обычный
81958,Обычный
81959,Обычный
81960,Хороший
81961,Хороший
81962,Хороший
81963,Хороший
81964,Хороший
81965,Хороший
81966,Хороший
81967,Хороший
81976,Обычный
81977,Обычный
81978,Обычный
81979,Обычный
81980,Обычный
81981,Обычный
81982,Обычный
81983,Обычный
81992,Хороший
81993,Хороший
81994,Хороший
81995,Хороший
81996,Хороший
81997,Хороший
81998,Хороший
81999,Хороший
82016,Плохой
82017,Плохой
82018,Плохой
82019,Обычный
82020,Плохой
82021,Плохой
82022,Плохой
82023,Плохой
82024,Обычный
82025,Обычный
82026,Обычный
82027,Обычный
82028,Обычный
82029,Обычный
82030,Обычный
82031,Обычный
82032,Обычный
82033,Обычный
82034,Обычный
82035,Обычный
82036,Обычный
82037,Обычный
82038,Обычный
82039,Обычный
82040,Плохой
82041,Плохой
82042,Плохой
82043,Плохой
82044,Плохой
82045,Плохой
82046,Плохой
82047,Плохой
82096,Хороший
82097,Хороший
82098,Хороший
82099,Хороший
82100,Хороший
82101,Хороший
82102,Хороший
82103,Хороший
82104,Обычный
82105,Обычный
82106,Обычный
82107,Обычный
82108,Обычный
82109,Обычный
82110,Обычный
82111,Обычный
82112,Плохой
82113,Плохой
82114,Плохой
82115,Плохой
82116,Плохой
82117,Плохой
82118,Плохой
82119,Плохой
82120,Плохой
82121,Плохой
82122,Плохой
82123,Плохой
82124,Плохой
82125,Плохой
82126,Плохой
82127,Плохой
82136,Плохой
82137,Плохой
82138,Плохой
82139,Плохой
82140,Плохой
82141,Плохой
82142,Плохой
82143,Плохой
82160,Обычный
82161,Обычный
82162,Плохой
82163,Обычный
82164,Плохой
82165,Обычный
82166,Обычный
82167,Обычный
82192,Хороший
82193,Хороший
82194,Хороший
82195,Хороший
82196,Хороший
82197,Хороший
82198,Хороший
82199,Хороший
82200,Обычный
82201,Обычный
82202,Обычный
82203,Обычный
82204,Обычный
82205,Обычный
82206,Обычный
82207,Обычный
82216,Обычный
82217,Плохой
82218,Плохой
82219,Плохой
82220,Плохой
82221,Плохой
82222,Обычный
82223,Плохой
82264,Обычный
82265,Обычный
82266,Обычный
82267,Обычный
82268,Плохой
82269,Плохой
82270,Обычный
82271,Плохой
82272,Обычный
82273,Обычный
82274,Обычный
82275,Обычный
82276,Обычный
82277,Обычный
82278,Обычный
82279,Обычный
82280,Обычный
82281,Обычный
82282,Обычный
82283,Обычный
82284,Обычный
82285,Хороший
82286,Хороший
82287,Хороший
82304,Плохой
82305,Плохой
82306,Обычный
82307,Плохой
82308,Обычный
82309,Обычный
82310,Плохой
82311,Плохой
82312,Хороший
82313,Хороший
82314,Хороший
82315,Хороший
82316,Хороший
82317,Хороший
82318,Хороший
82319,Хороший
82336,Плохой
82337,Плохой
82338,Плохой
82339,Плохой
82340,Плохой
82341,Плохой
82342,Плохой
82343,Плохой
82368,Обычный
82369,Обычный
82370,Обычный
82371,Обычный
82372,Обычный
82373,Обычный
82374,Обычный
82375,Обычный
82376,Обычный
82377,Обычный
82378,Обычный
82379,Обычный
82380,Обычный
82381,Обычный
82382,Обычный
82383,Обычный
82424,Плохой
82425,Плохой
82426,Плохой
82427,Плохой
82428,Плохой
82429,Обычный
82430,Плохой
82431,Плохой
82440,Обычный
82441,Обычный
82442,Обычный
82443,Обычный
82444,Обычный
82445,Обычный
82446,Обычный
82447,Обычный
82448,Обычный
82449,Хороший
82450,Обычный
82451,Хороший
82452,Обычный
82453,Хороший
82454,Обычный
82455,Обычный
82480,Плохой
82481,Плохой
82482,Плохой
82483,Плохой
82484,Плохой
82485,Плохой
82486,Плохой
82487,Плохой
82496,Обычный
82497,Обычный
82498,Обычный
82499,Обычный
82500,Обычный
82501,Обычный
82502,Обычный
82503,Обычный
82504,Хороший
82505,Хороший
82506,Хороший
82507,Хороший
82508,Хороший
82509,Хороший
82510,Хороший
82511,Хороший
82536,Хороший
82537,Хороший
82538,Хороший
82539,Хороший
82540,Хороший
82541,Хороший
82542,Хороший
82543,Хороший
82544,Хороший
82545,Хороший
82546,Хороший
82547,Хороший
82548,Хороший
82549,Хороший
82550,Хороший
82551,Хороший
82568,Обычный
82569,Обычный
82570,Обычный
82571,Обычный
82572,Обычный
82573,Обычный
82574,Обычный
82575,Обычный
82608,Хороший
82609,Хороший
82610,Хороший
82611,Хороший
82612,Хороший
82613,Хороший
82614,Хороший
82615,Хороший
82616,Хороший
82617,Хороший
82618,Хороший
82619,Хороший
82620,Хороший
82621,Обычный
82622,Хороший
82623,Хороший
82624,Хороший
82625,Хороший
82626,Хороший
82627,Хороший
82628,Хороший
82629,Хороший
82630,Хороший
82631,Хороший
82640,Хороший
82641,Хороший
82642,Хороший
82643,Хороший
82644,Обычный
82645,Хороший
82646,Хороший
82647,Обычный
82648,Обычный
82649,Хороший
82650,Обычный
82651,Обычный
82652,Обычный
82653,Хороший
82654,Хороший
82655,Хороший
82656,Обычный
82657,Обычный
82658,Обычный
82659,Обычный
82660,Обычный
82661,Обычный
82662,Обычный
82663,Обычный
82696,Плохой
82697,Плохой
82698,Обычный
82699,Обычный
82700,Обычный
82701,Плохой
82702,Обычный
82703,Плохой
82720,Обычный
82721,Обычный
82722,Обычный
82723,Обычный
82724,Обычный
82725,Обычный
82726,Обычный
82727,Обычный
82752,Плохой
82753,Плохой
82754,Плохой
82755,Плохой
82756,Плохой
82757,Плохой
82758,Плохой
82759,Плохой
82776,Обычный
82777,Обычный
82778,Обычный
82779,Обычный
82780,Обычный
82781,Обычный
82782,Обычный
82783,Обычный
82856,Обычный
82857,Обычный
82858,Обычный
82859,Обычный
82860,Обычный
82861,Обычный
82862,Обычный
82863,Обычный
82912,Обычный
82913,Обычный
82914,Обычный
82915,Обычный
82916,Обычный
82917,Обычный
82918,Обычный
82919,Обычный
82968,Обычный
82969,Обычный
82970,Обычный
82971,Обычный
82972,Обычный
82973,Обычный
82974,Обычный
82975,Обычный
82992,Хороший
82993,Хороший
82994,Хороший
82995,Обычный
82996,Хороший
82997,Хороший
82998,Обычный
82999,Хороший
83016,Плохой
83017,Плохой
83018,Плохой
83019,Плохой
83020,Плохой
83021,Плохой
83022,Плохой
83023,Плохой
83024,Плохой
83025,Плохой
83026,Плохой
83027,Плохой
83028,Плохой
83029,Плохой
83030,Плохой
83031,Плохой
83032,Плохой
83033,Плохой
83034,Плохой
83035,Плохой
83036,Плохой
83037,Плохой
83038,Плохой
83039,Плохой
83048,Плохой
83049,Плохой
83050,Плохой
83051,Плохой
83052,Плохой
83053,Плохой
83054,Плохой
83055,Плохой
83056,Обычный
83057,Обычный
83058,Обычный
83059,Обычный
83060,Обычный
83061,Обычный
83062,Обычный
83063,Обычный
83064,Плохой
83065,Плохой
83066,Плохой
83067,Плохой
83068,Плохой
83069,Плохой
83070,Обычный
83071,Обычный
83112,Плохой
83113,Обычный
83114,Обычный
83115,Плохой
83116,Обычный
83117,Плохой
83118,Обычный
83119,Обычный
83144,Обычный
83145,Обычный
83146,Обычный
83147,Обычный
83148,Обычный
83149,Обычный
83150,Обычный
83151,Плохой
83176,Плохой
83177,Плохой
83178,Плохой
83179,Обычный
83180,Плохой
83181,Плохой
83182,Плохой
83183,Плохой
83192,Плохой
83193,Плохой
83194,Плохой
83195,Плохой
83196,Плохой
83197,Плохой
83198,Плохой
83199,Плохой
83232,Плохой
83233,Плохой
83234,Плохой
83235,Плохой
83236,Плохой
83237,Плохой
83238,Плохой
83239,Плохой
83240,Плохой
83241,Плохой
83242,Плохой
83243,Плохой
83244,Плохой
83245,Плохой
83246,Плохой
83247,Плохой
83264,Плохой
83265,Плохой
83266,Плохой
83267,Плохой
83268,Плохой
83269,Плохой
83270,Обычный
83271,Плохой
83272,Обычный
83273,Обычный
83274,Обычный
83275,Обычный
83276,Обычный
83277,Обычный
83278,Обычный
83279,Обычный
83288,Обычный
83289,Обычный
83290,Обычный
83291,Обычный
83292,Обычный
83293,Обычный
83294,Обычный
83295,Обычный
83312,Обычный
83313,Обычный
83314,Обычный
83315,Обычный
83316,Обычный
83317,Обычный
83318,Плохой
83319,Плохой
83320,Обычный
83321,Обычный
83322,Обычный
83323,Обычный
83324,Обычный
83325,Обычный
83326,Обычный
83327,Обычный
83336,Обычный
83337,Обычный
83338,Обычный
83339,Обычный
83340,Обычный
83341,Обычный
83342,Обычный
83343,Обычный
83368,Хороший
83369,Хороший
83370,Хороший
83371,Хороший
83372,Хороший
83373,Хороший
83374,Хороший
83375,Хороший
83416,Обычный
83417,Обычный
83418,Обычный
83419,Обычный
83420,Обычный
83421,Обычный
83422,Обычный
83423,Обычный
83464,Плохой
83465,Плохой
83466,Плохой
83467,Плохой
83468,Обычный
83469,Плохой
83470,Плохой
83471,Плохой
83472,Плохой
83473,Плохой
83474,Плохой
83475,Плохой
83476,Плохой
83477,Плохой
83478,Плохой
83479,Плохой
83480,Плохой
83481,Плохой
83482,Плохой
83483,Плохой
83484,Плохой
83485,Плохой
83486,Плохой
83487,Плохой
83504,Плохой
83505,Плохой
83506,Плохой
83507,Плохой
83508,Плохой
83509,Плохой
83510,Плохой
83511,Плохой
83528,Плохой
83529,Плохой
83530,Плохой
83531,Плохой
83532,Плохой
83533,Плохой
83534,Плохой
83535,Плохой
83584,Обычный
83585,Обычный
83586,Обычный
83587,Обычный
83588,Обычный
83589,Обычный
83590,Обычный
83591,Обычный
83632,Обычный
83633,Обычный
83634,Обычный
83635,Обычный
83636,Обычный
83637,Обычный
83638,Обычный
83639,Обычный
83680,Обычный
83681,Обычный
83682,Обычный
83683,Обычный
83684,Обычный
83685,Обычный
83686,Обычный
83687,Обычный
83704,Плохой
83705,Плохой
83706,Плохой
83707,Плохой
83708,Плохой
83709,Плохой
83710,Плохой
83711,Плохой
83728,Плохой
83729,Плохой
83730,Плохой
83731,Плохой
83732,Плохой
83733,Плохой
83734,Плохой
83735,Плохой
83784,Обычный
83785,Обычный
83786,Обычный
83787,Обычный
83788,Обычный
83789,Плохой
83790,Плохой
83791,Обычный
83800,Обычный
83801,Обычный
83802,Обычный
83803,Обычный
83804,Обычный
83805,Обычный
83806,Обычный
83807,Обычный
83816,Обычный
83817,Обычный
83818,Обычный
83819,Обычный
83820,Обычный
83821,Обычный
83822,Плохой
83823,Обычный
83824,Обычный
83825,Обычный
83826,Обычный
83827,Обычный
83828,Обычный
83829,Обычный
83830,Обычный
83831,Обычный
83832,Обычный
83833,Обычный
83834,Обычный
83835,Обычный
83836,Обычный
83837,Обычный
83838,Обычный
83839,Обычный
83840,Плохой
83841,Плохой
83842,Плохой
83843,Плохой
83844,Плохой
83845,Плохой
83846,Плохой
83847,Плохой
83880,Хороший
83881,Хороший
83882,Хороший
83883,Хороший
83884,Хороший
83885,Хороший
83886,Хороший
83887,Хороший
83904,Хороший
83905,Хороший
83906,Хороший
83907,Хороший
83908,Обычный
83909,Хороший
83910,Хороший
83911,Хороший
83920,Хороший
83921,Хороший
83922,Хороший
83923,Хороший
83924,Хороший
83925,Хороший
83926,Хороший
83927,Хороший
83928,Плохой
83929,Плохой
83930,Плохой
83931,Плохой
83932,Плохой
83933,Плохой
83934,Плохой
83935,Плохой
83936,Хороший
83937,Хороший
83938,Хороший
83939,Хороший
83940,Хороший
83941,Хороший
83942,Хороший
83943,Хороший
83960,Обычный
83961,Обычный
83962,Обычный
83963,Обычный
83964,Обычный
83965,Обычный
83966,Обычный
83967,Обычный
83976,Обычный
83977,Обычный
83978,Обычный
83979,Обычный
83980,Обычный
83981,Обычный
83982,Обычный
83983,Обычный
84080,Обычный
84081,Обычный
84082,Обычный
84083,Обычный
84084,Обычный
84085,Обычный
84086,Обычный
84087,Обычный
84096,Обычный
84097,Обычный
84098,Обычный
84099,Обычный
84100,Обычный
84101,Обычный
84102,Обычный
84103,Обычный
84120,Обычный
84121,Обычный
84122,Обычный
84123,Обычный
84124,Обычный
84125,Обычный
84126,Обычный
84127,Обычный
84128,Обычный
84129,Обычный
84130,Обычный
84131,Обычный
84132,Обычный
84133,Обычный
84134,Обычный
84135,Обычный
84160,Плохой
84161,Плохой
84162,Плохой
84163,Плохой
84164,Плохой
84165,Плохой
84166,Плохой
84167,Плохой
84176,Обычный
84177,Обычный
84178,Обычный
84179,Обычный
84180,Обычный
84181,Обычный
84182,Обычный
84183,Обычный
84184,Обычный
84185,Обычный
84186,Обычный
84187,Обычный
84188,Обычный
84189,Обычный
84190,Обычный
84191,Обычный
84192,Обычный
84193,Обычный
84194,Обычный
84195,Обычный
84196,Обычный
84197,Обычный
84198,Обычный
84199,Обычный
84208,Плохой
84209,Плохой
84210,Плохой
84211,Плохой
84212,Плохой
84213,Плохой
84214,Обычный
84215,Плохой
84232,Обычный
84233,Обычный
84234,Обычный
84235,Обычный
84236,Обычный
84237,Обычный
84238,Обычный
84239,Обычный
84256,Обычный
84257,Обычный
84258,Обычный
84259,Обычный
84260,Обычный
84261,Обычный
84262,Обычный
84263,Обычный
84272,Обычный
84273,Обычный
84274,Обычный
84275,Обычный
84276,Обычный
84277,Обычный
84278,Обычный
84279,Обычный
84280,Хороший
84281,Хороший
84282,Обычный
84283,Обычный
84284,Хороший
84285,Обычный
84286,Хороший
84287,Хороший
84288,Обычный
84289,Обычный
84290,Обычный
84291,Обычный
84292,Обычный
84293,Обычный
84294,Обычный
84295,Обычный
84296,Обычный
84297,Обычный
84298,Обычный
84299,Обычный
84300,Обычный
84301,Обычный
84302,Обычный
84303,Обычный
84312,Обычный
84313,Обычный
84314,Обычный
84315,Обычный
84316,Обычный
84317,Обычный
84318,Обычный
84319,Обычный
84320,Плохой
84321,Плохой
84322,Плохой
84323,Плохой
84324,Плохой
84325,Плохой
84326,Плохой
84327,Плохой
84352,Обычный
84353,Обычный
84354,Обычный
84355,Обычный
84356,Обычный
84357,Обычный
84358,Обычный
84359,Обычный
84368,Обычный
84369,Обычный
84370,Обычный
84371,Обычный
84372,Обычный
84373,Обычный
84374,Обычный
84375,Обычный
84376,Хороший
84377,Хороший
84378,Хороший
84379,Хороший
84380,Хороший
84381,Хороший
84382,Хороший
84383,Хороший
84400,Плохой
84401,Плохой
84402,Плохой
84403,Плохой
84404,Плохой
84405,Плохой
84406,Плохой
84407,Плохой
84408,Обычный
84409,Обычный
84410,Обычный
84411,Обычный
84412,Обычный
84413,Обычный
84414,Обычный
84415,Обычный
84424,Обычный
84425,Обычный
84426,Обычный
84427,Обычный
84428,Плохой
84429,Плохой
84430,Плохой
84431,Обычный
84456,Хороший
84457,Хороший
84458,Хороший
84459,Хороший
84460,Хороший
84461,Хороший
84462,Хороший
84463,Хороший
84464,Плохой
84465,Плохой
84466,Плохой
84467,Плохой
84468,Плохой
84469,Плохой
84470,Плохой
84471,Плохой
84504,Обычный
84505,Обычный
84506,Обычный
84507,Обычный
84508,Обычный
84509,Обычный
84510,Обычный
84511,Обычный
84536,Хороший
84537,Обычный
84538,Хороший
84539,Хороший
84540,Обычный
84541,Хороший
84542,Хороший
84543,Хороший
84544,Обычный
84545,Обычный
84546,Хороший
84547,Обычный
84548,Обычный
84549,Обычный
84550,Обычный
84551,Обычный
84576,Плохой
84577,Хороший
84578,Хороший
84579,Обычный
84580,Хороший
84581,Хороший
84582,Хороший
84583,Хороший
84584,Обычный
84585,Обычный
84586,Обычный
84587,Обычный
84588,Обычный
84589,Обычный
84590,Обычный
84591,Обычный
84624,Плохой
84625,Плохой
84626,Плохой
84627,Плохой
84628,Плохой
84629,Плохой
84630,Плохой
84631,Плохой
84680,Обычный
84681,Хороший
84682,Обычный
84683,Хороший
84684,Обычный
84685,Хороший
84686,Хороший
84687,Хороший
84704,Хороший
84705,Обычный
84706,Хороший
84707,Хороший
84708,Хороший
84709,Хороший
84710,Хороший
84711,Обычный
84728,Обычный
84729,Обычный
84730,Обычный
84731,Обычный
84732,Обычный
84733,Обычный
84734,Обычный
84735,Обычный
84752,Обычный
84753,Обычный
84754,Обычный
84755,Обычный
84756,Обычный
84757,Обычный
84758,Обычный
84759,Обычный
84832,Плохой
84833,Плохой
84834,Плохой
84835,Плохой
84836,Плохой
84837,Плохой
84838,Плохой
84839,Плохой
84856,Хороший
84857,Хороший
84858,Хороший
84859,Хороший
84860,Хороший
84861,Хороший
84862,Хороший
84863,Хороший
84864,Обычный
84865,Обычный
84866,Обычный
84867,Обычный
84868,Обычный
84869,Обычный
84870,Обычный
84871,Обычный
84896,Обычный
84897,Обычный
84898,Обычный
84899,Плохой
84900,Плохой
84901,Плохой
84902,Плохой
84903,Плохой
84912,Плохой
84913,Плохой
84914,Плохой
84915,Плохой
84916,Плохой
84917,Плохой
84918,Плохой
84919,Плохой
84928,Хороший
84929,Хороший
84930,Хороший
84931,Хороший
84932,Хороший
84933,Хороший
84934,Хороший
84935,Хороший
84936,Плохой
84937,Плохой
84938,Плохой
84939,Плохой
84940,Плохой
84941,Плохой
84942,Плохой
84943,Плохой
84952,Обычный
84953,Обычный
84954,Обычный
84955,Обычный
84956,Обычный
84957,Обычный
84958,Обычный
84959,Обычный
84992,Обычный
84993,Обычный
84994,Обычный
84995,Обычный
84996,Обычный
84997,Обычный
84998,Обычный
84999,Обычный
85000,Обычный
85001,Обычный
85002,Обычный
85003,Обычный
85004,Обычный
85005,Обычный
85006,Обычный
85007,Обычный
85040,Обычный
85041,Обычный
85042,Обычный
85043,Обычный
85044,Обычный
85045,Обычный
85046,Обычный
85047,Обычный
85064,Обычный
85065,Обычный
85066,Обычный
85067,Обычный
85068,Обычный
85069,Обычный
85070,Обычный
85071,Обычный
85104,Хороший
85105,Хороший
85106,Хороший
85107,Хороший
85108,Хороший
85109,Хороший
85110,Хороший
85111,Хороший
85120,Обычный
85121,Плохой
85122,Обычный
85123,Плохой
85124,Обычный
85125,Обычный
85126,Обычный
85127,Обычный
85152,Хороший
85153,Хороший
85154,Хороший
85155,Хороший
85156,Хороший
85157,Хороший
85158,Хороший
85159,Хороший
85160,Обычный
85161,Обычный
85162,Обычный
85163,Обычный
85164,Обычный
85165,Обычный
85166,Обычный
85167,Обычный
85192,Обычный
85193,Обычный
85194,Обычный
85195,Обычный
85196,Обычный
85197,Обычный
85198,Обычный
85199,Обычный
85200,Плохой
85201,Плохой
85202,Плохой
85203,Плохой
85204,Плохой
85205,Плохой
85206,Плохой
85207,Плохой
85240,Плохой
85241,Плохой
85242,Плохой
85243,Плохой
85244,Плохой
85245,Плохой
85246,Плохой
85247,Плохой
85264,Плохой
85265,Плохой
85266,Плохой
85267,Плохой
85268,Плохой
85269,Плохой
85270,Плохой
85271,Плохой
85336,Обычный
85337,Обычный
85338,Обычный
85339,Обычный
85340,Обычный
85341,Обычный
85342,Обычный
85343,Обычный
85344,Хороший
85345,Хороший
85346,Обычный
85347,Хороший
85348,Хороший
85349,Обычный
85350,Хороший
85351,Хороший
85352,Обычный
85353,Обычный
85354,Обычный
85355,Обычный
85356,Обычный
85357,Обычный
85358,Обычный
85359,Обычный
85368,Обычный
85369,Плохой
85370,Обычный
85371,Плохой
85372,Плохой
85373,Плохой
85374,Плохой
85375,Плохой
85392,Плохой
85393,Плохой
85394,Плохой
85395,Плохой
85396,Плохой
85397,Плохой
85398,Плохой
85399,Плохой
85424,Обычный
85425,Обычный
85426,Обычный
85427,Обычный
85428,Обычный
85429,Обычный
85430,Обычный
85431,Обычный
85432,Хороший
85433,Хороший
85434,Хороший
85435,Хороший
85436,Хороший
85437,Хороший
85438,Хороший
85439,Хороший
85448,Плохой
85449,Плохой
85450,Плохой
85451,Плохой
85452,Плохой
85453,Плохой
85454,Плохой
85455,Плохой
85464,Обычный
85465,Обычный
85466,Обычный
85467,Обычный
85468,Обычный
85469,Обычный
85470,Обычный
85471,Обычный
85504,Обычный
85505,Обычный
85506,Обычный
85507,Обычный
85508,Обычный
85509,Обычный
85510,Обычный
85511,Обычный
85528,Обычный
85529,Обычный
85530,Плохой
85531,Плохой
85532,Плохой
85533,Обычный
85534,Обычный
85535,Плохой
85576,Плохой
85577,Плохой
85578,Плохой
85579,Плохой
85580,Плохой
85581,Плохой
85582,Плохой
85583,Плохой
85600,Обычный
85601,Обычный
85602,Обычный
85603,Обычный
85604,Обычный
85605,Обычный
85606,Обычный
85607,Обычный
85648,Обычный
85649,Обычный
85650,Обычный
85651,Обычный
85652,Обычный
85653,Обычный
85654,Обычный
85655,Обычный
85664,Обычный
85665,Обычный
85666,Обычный
85667,Обычный
85668,Обычный
85669,Обычный
85670,Обычный
85671,Обычный
85672,Обычный
85673,Обычный
85674,Обычный
85675,Обычный
85676,Обычный
85677,Обычный
85678,Обычный
85679,Обычный
85704,Обычный
85705,Обычный
85706,Обычный
85707,Обычный
85708,Обычный
85709,Обычный
85710,Обычный
85711,Обычный
85776,Хороший
85777,Хороший
85778,Хороший
85779,Хороший
85780,Обычный
85781,Хороший
85782,Обычный
85783,Обычный
85784,Обычный
85785,Плохой
85786,Плохой
85787,Плохой
85788,Плохой
85789,Плохой
85790,Плохой
85791,Плохой
85792,Плохой
85793,Плохой
85794,Плохой
85795,Плохой
85796,Плохой
85797,Плохой
85798,Плохой
85799,Плохой
85808,Обычный
85809,Обычный
85810,Обычный
85811,Обычный
85812,Обычный
85813,Обычный
85814,Обычный
85815,Обычный
85832,Плохой
85833,Плохой
85834,Плохой
85835,Плохой
85836,Плохой
85837,Плохой
85838,Плохой
85839,Плохой
85848,Хороший
85849,Хороший
85850,Обычный
85851,Хороший
85852,Обычный
85853,Хороший
85854,Хороший
85855,Хороший
85880,Хороший
85881,Хороший
85882,Обычный
85883,Хороший
85884,Хороший
85885,Обычный
85886,Хороший
85887,Хороший
85888,Хороший
85889,Хороший
85890,Обычный
85891,Обычный
85892,Хороший
85893,Обычный
85894,Хороший
85895,Хороший
85904,Обычный
85905,Обычный
85906,Обычный
85907,Обычный
85908,Обычный
85909,Обычный
85910,Обычный
85911,Обычный
85920,Обычный
85921,Обычный
85922,Обычный
85923,Обычный
85924,Обычный
85925,Обычный
85926,Обычный
85927,Обычный
85944,Плохой
85945,Плохой
85946,Плохой
85947,Плохой
85948,Плохой
85949,Плохой
85950,Плохой
85951,Плохой
85952,Обычный
85953,Плохой
85954,Обычный
85955,Плохой
85956,Обычный
85957,Обычный
85958,Обычный
85959,Обычный
86040,Плохой
86041,Плохой
86042,Плохой
86043,Плохой
86044,Плохой
86045,Плохой
86046,Плохой
86047,Плохой
86064,Плохой
86065,Плохой
86066,Плохой
86067,Плохой
86068,Плохой
86069,Плохой
86070,Плохой
86071,Плохой
86072,Обычный
86073,Плохой
86074,Плохой
86075,Плохой
86076,Плохой
86077,Обычный
86078,Обычный
86079,Плохой
86128,Обычный
86129,Обычный
86130,Обычный
86131,Обычный
86132,Плохой
86133,Обычный
86134,Плохой
86135,Обычный
86144,Хороший
86145,Хороший
86146,Хороший
86147,Плохой
86148,Хороший
86149,Хороший
86150,Хороший
86151,Хороший
86168,Хороший
86169,Хороший
86170,Хороший
86171,Хороший
86172,Хороший
86173,Хороший
86174,Хороший
86175,Хороший
86176,Плохой
86177,Плохой
86178,Плохой
86179,Плохой
86180,Плохой
86181,Плохой
86182,Плохой
86183,Плохой
86184,Обычный
86185,Обычный
86186,Обычный
86187,Обычный
86188,Обычный
86189,Обычный
86190,Обычный
86191,Обычный
86224,Обычный
86225,Обычный
86226,Обычный
86227,Обычный
86228,Обычный
86229,Обычный
86230,Обычный
86231,Обычный
86232,Обычный
86233,Обычный
86234,Плохой
86235,Обычный
86236,Обычный
86237,Обычный
86238,Плохой
86239,Плохой
86256,Обычный
86257,Обычный
86258,Обычный
86259,Обычный
86260,Обычный
86261,Обычный
86262,Обычный
86263,Обычный
86272,Обычный
86273,Обычный
86274,Обычный
86275,Обычный
86276,Обычный
86277,Обычный
86278,Обычный
86279,Обычный
86296,Обычный
86297,Обычный
86298,Обычный
86299,Обычный
86300,Обычный
86301,Обычный
86302,Обычный
86303,Обычный
86320,Обычный
86321,Обычный
86322,Обычный
86323,Хороший
86324,Обычный
86325,Хороший
86326,Обычный
86327,Хороший
86360,Плохой
86361,Плохой
86362,Плохой
86363,Плохой
86364,Плохой
86365,Плохой
86366,Плохой
86367,Плохой
86368,Обычный
86369,Обычный
86370,Обычный
86371,Обычный
86372,Обычный
86373,Обычный
86374,Обычный
86375,Обычный
86400,Плохой
86401,Плохой
86402,Плохой
86403,Плохой
86404,Плохой
86405,Плохой
86406,Плохой
86407,Плохой
86416,Обычный
86417,Обычный
86418,Обычный
86419,Обычный
86420,Обычный
86421,Обычный
86422,Обычный
86423,Обычный
86424,Хороший
86425,Обычный
86426,Хороший
86427,Хороший
86428,Хороший
86429,Хороший
86430,Хороший
86431,Хороший
86448,Обычный
86449,Обычный
86450,Обычный
86451,Обычный
86452,Обычный
86453,Обычный
86454,Обычный
86455,Обычный
86456,Плохой
86457,Плохой
86458,Плохой
86459,Обычный
86460,Обычный
86461,Плохой
86462,Плохой
86463,Плохой
86464,Обычный
86465,Хороший
86466,Хороший
86467,Хороший
86468,Хороший
86469,Хороший
86470,Хороший
86471,Хороший
86488,Хороший
86489,Обычный
86490,Хороший
86491,Хороший
86492,Хороший
86493,Хороший
86494,Хороший
86495,Хороший
86496,Обычный
86497,Обычный
86498,Плохой
86499,Обычный
86500,Обычный
86501,Обычный
86502,Обычный
86503,Обычный
86512,Обычный
86513,Обычный
86514,Обычный
86515,Обычный
86516,Обычный
86517,Обычный
86518,Обычный
86519,Обычный
86520,Обычный
86521,Обычный
86522,Обычный
86523,Обычный
86524,Обычный
86525,Обычный
86526,Обычный
86527,Обычный
86536,Хороший
86537,Хороший
86538,Хороший
86539,Хороший
86540,Хороший
86541,Хороший
86542,Хороший
86543,Хороший
86544,Плохой
86545,Плохой
86546,Плохой
86547,Плохой
86548,Плохой
86549,Плохой
86550,Плохой
86551,Плохой
86552,Обычный
86553,Плохой
86554,Обычный
86555,Плохой
86556,Обычный
86557,Плохой
86558,Обычный
86559,Обычный
86560,Плохой
86561,Плохой
86562,Плохой
86563,Плохой
86564,Плохой
86565,Плохой
86566,Плохой
86567,Плохой
86568,Обычный
86569,Обычный
86570,Обычный
86571,Обычный
86572,Обычный
86573,Обычный
86574,Обычный
86575,Обычный
86576,Хороший
86577,Хороший
86578,Хороший
86579,Хороший
86580,Хороший
86581,Хороший
86582,Хороший
86583,Обычный
86592,Обычный
86593,Обычный
86594,Обычный
86595,Обычный
86596,Обычный
86597,Обычный
86598,Обычный
86599,Обычный
86600,Обычный
86601,Обычный
86602,Обычный
86603,Обычный
86604,Обычный
86605,Обычный
86606,Обычный
86607,Обычный
86672,Обычный
86673,Плохой
86674,Обычный
86675,Плохой
86676,Плохой
86677,Обычный
86678,Обычный
86679,Обычный
86720,Плохой
86721,Плохой
86722,Плохой
86723,Плохой
86724,Хороший
86725,Плохой
86726,Плохой
86727,Плохой
86760,Плохой
86761,Плохой
86762,Плохой
86763,Плохой
86764,Плохой
86765,Плохой
86766,Плохой
86767,Плохой
86784,Плохой
86785,Плохой
86786,Плохой
86787,Плохой
86788,Плохой
86789,Плохой
86790,Плохой
86791,Плохой
86792,Обычный
86793,Обычный
86794,Обычный
86795,Обычный
86796,Обычный
86797,Обычный
86798,Обычный
86799,Обычный
86800,Обычный
86801,Обычный
86802,Обычный
86803,Обычный
86804,Обычный
86805,Обычный
86806,Обычный
86807,Обычный
86840,Хороший
86841,Хороший
86842,Хороший
86843,Хороший
86844,Хороший
86845,Обычный
86846,Хороший
86847,Хороший
86864,Плохой
86865,Плохой
86866,Плохой
86867,Плохой
86868,Плохой
86869,Плохой
86870,Плохой
86871,Плохой
86872,Хороший
86873,Хороший
86874,Хороший
86875,Хороший
86876,Хороший
86877,Хороший
86878,Хороший
86879,Хороший
86880,Обычный
86881,Обычный
86882,Обычный
86883,Обычный
86884,Обычный
86885,Обычный
86886,Обычный
86887,Обычный
86888,Плохой
86889,Плохой
86890,Плохой
86891,Обычный
86892,Обычный
86893,Плохой
86894,Обычный
86895,Плохой
86896,Обычный
86897,Хороший
86898,Хороший
86899,Хороший
86900,Хороший
86901,Хороший
86902,Хороший
86903,Хороший
86904,Обычный
86905,Обычный
86906,Обычный
86907,Обычный
86908,Обычный
86909,Обычный
86910,Обычный
86911,Обычный
86920,Обычный
86921,Плохой
86922,Плохой
86923,Плохой
86924,Обычный
86925,Обычный
86926,Обычный
86927,Плохой
86928,Обычный
86929,Обычный
86930,Обычный
86931,Обычный
86932,Обычный
86933,Обычный
86934,Обычный
86935,Обычный
86960,Хороший
86961,Хороший
86962,Хороший
86963,Хороший
86964,Хороший
86965,Хороший
86966,Хороший
86967,Хороший
87000,Обычный
87001,Обычный
87002,Обычный
87003,Обычный
87004,Обычный
87005,Обычный
87006,Обычный
87007,Обычный
87032,Обычный
87033,Обычный
87034,Обычный
87035,Обычный
87036,Обычный
87037,Обычный
87038,Обычный
87039,Обычный
87048,Обычный
87049,Обычный
87050,Обычный
87051,Обычный
87052,Обычный
87053,Обычный
87054,Обычный
87055,Обычный
87112,Обычный
87113,Обычный
87114,Обычный
87115,Обычный
87116,Обычный
87117,Обычный
87118,Обычный
87119,Обычный
87160,Хороший
87161,Хороший
87162,Хороший
87163,Хороший
87164,Хороший
87165,Хороший
87166,Хороший
87167,Хороший
87168,Обычный
87169,Обычный
87170,Обычный
87171,Обычный
87172,Обычный
87173,Обычный
87174,Обычный
87175,Обычный
87176,Обычный
87177,Обычный
87178,Обычный
87179,Обычный
87180,Обычный
87181,Обычный
87182,Обычный
87183,Обычный
87192,Обычный
87193,Обычный
87194,Обычный
87195,Обычный
87196,Обычный
87197,Обычный
87198,Обычный
87199,Обычный
87208,Хороший
87209,Обычный
87210,Обычный
87211,Обычный
87212,Обычный
87213,Обычный
87214,Обычный
87215,Обычный
87264,Обычный
87265,Обычный
87266,Обычный
87267,Обычный
87268,Обычный
87269,Обычный
87270,Обычный
87271,Обычный
87296,Обычный
87297,Плохой
87298,Обычный
87299,Плохой
87300,Плохой
87301,Плохой
87302,Плохой
87303,Обычный
87304,Обычный
87305,Обычный
87306,Обычный
87307,Обычный
87308,Обычный
87309,Обычный
87310,Обычный
87311,Обычный
87328,Обычный
87329,Обычный
87330,Обычный
87331,Обычный
87332,Обычный
87333,Обычный
87334,Обычный
87335,Обычный
87344,Хороший
87345,Обычный
87346,Обычный
87347,Хороший
87348,Обычный
87349,Хороший
87350,Обычный
87351,Обычный
87368,Плохой
87369,Плохой
87370,Плохой
87371,Плохой
87372,Плохой
87373,Плохой
87374,Плохой
87375,Плохой
87376,Обычный
87377,Обычный
87378,Обычный
87379,Обычный
87380,Обычный
87381,Обычный
87382,Обычный
87383,Обычный
87448,Обычный
87449,Обычный
87450,Обычный
87451,Обычный
87452,Обычный
87453,Обычный
87454,Обычный
87455,Обычный
87480,Обычный
87481,Обычный
87482,Обычный
87483,Обычный
87484,Обычный
87485,Обычный
87486,Обычный
87487,Обычный
87552,Обычный
87553,Обычный
87554,Обычный
87555,Обычный
87556,Обычный
87557,Обычный
87558,Обычный
87559,Обычный
87576,Обычный
87577,Обычный
87578,Обычный
87579,Обычный
87580,Обычный
87581,Обычный
87582,Обычный
87583,Обычный
87584,Обычный
87585,Хороший
87586,Обычный
87587,Обычный
87588,Обычный
87589,Обычный
87590,Хороший
87591,Обычный
87616,Плохой
87617,Плохой
87618,Плохой
87619,Плохой
87620,Плохой
87621,Плохой
87622,Плохой
87623,Плохой
87624,Обычный
87625,Обычный
87626,Обычный
87627,Обычный
87628,Обычный
87629,Обычный
87630,Обычный
87631,Обычный
87664,Хороший
87665,Плохой
87666,Хороший
87667,Хороший
87668,Хороший
87669,Хороший
87670,Хороший
87671,Хороший
87680,Обычный
87681,Обычный
87682,Обычный
87683,Обычный
87684,Обычный
87685,Обычный
87686,Обычный
87687,Обычный
87688,Обычный
87689,Обычный
87690,Обычный
87691,Обычный
87692,Обычный
87693,Обычный
87694,Обычный
87695,Обычный
87736,Хороший
87737,Хороший
87738,Обычный
87739,Хороший
87740,Обычный
87741,Хороший
87742,Хороший
87743,Хороший
87776,Обычный
87777,Обычный
87778,Обычный
87779,Обычный
87780,Обычный
87781,Обычный
87782,Обычный
87783,Обычный
87800,Обычный
87801,Обычный
87802,Обычный
87803,Обычный
87804,Обычный
87805,Обычный
87806,Обычный
87807,Обычный
87880,Обычный
87881,Обычный
87882,Обычный
87883,Обычный
87884,Обычный
87885,Обычный
87886,Обычный
87887,Обычный
87888,Обычный
87889,Обычный
87890,Обычный
87891,Обычный
87892,Обычный
87893,Обычный
87894,Обычный
87895,Обычный
87896,Хороший
87897,Обычный
87898,Хороший
87899,Хороший
87900,Хороший
87901,Хороший
87902,Обычный
87903,Хороший
87904,Хороший
87905,Хороший
87906,Хороший
87907,Хороший
87908,Хороший
87909,Хороший
87910,Хороший
87911,Хороший
87936,Хороший
87937,Хороший
87938,Хороший
87939,Обычный
87940,Хороший
87941,Хороший
87942,Хороший
87943,Хороший
87944,Обычный
87945,Обычный
87946,Обычный
87947,Обычный
87948,Обычный
87949,Обычный
87950,Обычный
87951,Обычный
87960,Обычный
87961,Обычный
87962,Обычный
87963,Обычный
87964,Обычный
87965,Обычный
87966,Обычный
87967,Обычный
88032,Плохой
88033,Плохой
88034,Плохой
88035,Плохой
88036,Плохой
88037,Плохой
88038,Плохой
88039,Плохой
88056,Хороший
88057,Хороший
88058,Обычный
88059,Хороший
88060,Хороший
88061,Хороший
88062,Хороший
88063,Хороший
88064,Обычный
88065,Обычный
88066,Обычный
88067,Обычный
88068,Обычный
88069,Обычный
88070,Обычный
88071,Обычный
88072,Обычный
88073,Обычный
88074,Обычный
88075,Обычный
88076,Обычный
88077,Обычный
88078,Обычный
88079,Обычный
88080,Плохой
88081,Плохой
88082,Плохой
88083,Плохой
88084,Плохой
88085,Плохой
88086,Плохой
88087,Плохой
88096,Обычный
88097,Обычный
88098,Обычный
88099,Обычный
88100,Обычный
88101,Обычный
88102,Обычный
88103,Обычный
88104,Обычный
88105,Обычный
88106,Обычный
88107,Обычный
88108,Плохой
88109,Обычный
88110,Обычный
88111,Обычный
88128,Обычный
88129,Хороший
88130,Хороший
88131,Хороший
88132,Хороший
88133,Обычный
88134,Хороший
88135,Хороший
88152,Обычный
88153,Обычный
88154,Обычный
88155,Обычный
88156,Обычный
88157,Обычный
88158,Обычный
88159,Обычный
88168,Обычный
88169,Обычный
88170,Плохой
88171,Плохой
88172,Плохой
88173,Обычный
88174,Обычный
88175,Плохой
88200,Обычный
88201,Обычный
88202,Обычный
88203,Плохой
88204,Плохой
88205,Плохой
88206,Плохой
88207,Плохой
88208,Обычный
88209,Обычный
88210,Плохой
88211,Обычный
88212,Обычный
88213,Обычный
88214,Обычный
88215,Обычный
88224,Обычный
88225,Обычный
88226,Плохой
88227,Плохой
88228,Плохой
88229,Обычный
88230,Плохой
88231,Плохой
88232,Плохой
88233,Плохой
88234,Плохой
88235,Плохой
88236,Плохой
88237,Плохой
88238,Плохой
88239,Плохой
88248,Обычный
88249,Обычный
88250,Хороший
88251,Обычный
88252,Обычный
88253,Обычный
88254,Хороший
88255,Обычный
88264,Обычный
88265,Плохой
88266,Плохой
88267,Плохой
88268,Обычный
88269,Плохой
88270,Плохой
88271,Обычный
88288,Хороший
88289,Хороший
88290,Хороший
88291,Хороший
88292,Хороший
88293,Хороший
88294,Хороший
88295,Хороший
88312,Плохой
88313,Плохой
88314,Плохой
88315,Плохой
88316,Плохой
88317,Плохой
88318,Плохой
88319,Плохой
88320,Обычный
88321,Обычный
88322,Обычный
88323,Обычный
88324,Обычный
88325,Обычный
88326,Обычный
88327,Обычный
88336,Плохой
88337,Плохой
88338,Обычный
88339,Плохой
88340,Плохой
88341,Обычный
88342,Плохой
88343,Обычный
88376,Обычный
88377,Обычный
88378,Обычный
88379,Обычный
88380,Обычный
88381,Обычный
88382,Обычный
88383,Обычный
88384,Хороший
88385,Хороший
88386,Хороший
88387,Хороший
88388,Хороший
88389,Хороший
88390,Хороший
88391,Хороший
88416,Плохой
88417,Плохой
88418,Плохой
88419,Плохой
88420,Плохой
88421,Плохой
88422,Плохой
88423,Плохой
88432,Хороший
88433,Хороший
88434,Хороший
88435,Хороший
88436,Хороший
88437,Хороший
88438,Хороший
88439,Хороший
88440,Хороший
88441,Хороший
88442,Хороший
88443,Обычный
88444,Хороший
88445,Хороший
88446,Хороший
88447,Хороший
88488,Плохой
88489,Плохой
88490,Плохой
88491,Плохой
88492,Плохой
88493,Плохой
88494,Плохой
88495,Плохой
88512,Плохой
88513,Плохой
88514,Плохой
88515,Плохой
88516,Плохой
88517,Плохой
88518,Плохой
88519,Плохой
88528,Обычный
88529,Обычный
88530,Обычный
88531,Обычный
88532,Обычный
88533,Обычный
88534,Обычный
88535,Обычный
88584,Обычный
88585,Обычный
88586,Обычный
88587,Обычный
88588,Обычный
88589,Обычный
88590,Обычный
88591,Обычный
88632,Хороший
88633,Хороший
88634,Хороший
88635,Хороший
88636,Хороший
88637,Хороший
88638,Хороший
88639,Хороший
88656,Плохой
88657,Плохой
88658,Плохой
88659,Плохой
88660,Плохой
88661,Плохой
88662,Плохой
88663,Плохой
88672,Хороший
88673,Хороший
88674,Хороший
88675,Хороший
88676,Хороший
88677,Хороший
88678,Хороший
88679,Хороший
88680,Обычный
88681,Обычный
88682,Обычный
88683,Обычный
88684,Обычный
88685,Обычный
88686,Обычный
88687,Обычный
88688,Обычный
88689,Обычный
88690,Обычный
88691,Обычный
88692,Обычный
88693,Обычный
88694,Обычный
88695,Обычный
88712,Плохой
88713,Плохой
88714,Плохой
88715,Плохой
88716,Плохой
88717,Плохой
88718,Плохой
88719,Плохой
88728,Хороший
88729,Обычный
88730,Обычный
88731,Хороший
88732,Хороший
88733,Хороший
88734,Хороший
88735,Обычный
88752,Хороший
88753,Хороший
88754,Обычный
88755,Хороший
88756,Обычный
88757,Хороший
88758,Обычный
88759,Обычный
88760,Хороший
88761,Хороший
88762,Хороший
88763,Хороший
88764,Хороший
88765,Хороший
88766,Хороший
88767,Хороший
88784,Плохой
88785,Плохой
88786,Плохой
88787,Плохой
88788,Плохой
88789,Плохой
88790,Плохой
88791,Плохой
88808,Обычный
88809,Обычный
88810,Обычный
88811,Обычный
88812,Обычный
88813,Плохой
88814,Обычный
88815,Обычный
88816,Хороший
88817,Хороший
88818,Хороший
88819,Хороший
88820,Хороший
88821,Хороший
88822,Хороший
88823,Обычный
88888,Обычный
88889,Обычный
88890,Обычный
88891,Хороший
88892,Хороший
88893,Обычный
88894,Обычный
88895,Обычный
88896,Обычный
88897,Обычный
88898,Обычный
88899,Обычный
88900,Обычный
88901,Обычный
88902,Обычный
88903,Обычный
88904,Обычный
88905,Обычный
88906,Обычный
88907,Обычный
88908,Обычный
88909,Обычный
88910,Обычный
88911,Обычный
88920,Плохой
88921,Плохой
88922,Плохой
88923,Плохой
88924,Плохой
88925,Плохой
88926,Плохой
88927,Плохой
88928,Обычный
88929,Обычный
88930,Обычный
88931,Обычный
88932,Обычный
88933,Обычный
88934,Обычный
88935,Обычный
88936,Обычный
88937,Обычный
88938,Обычный
88939,Обычный
88940,Обычный
88941,Обычный
88942,Обычный
88943,Обычный
88944,Хороший
88945,Хороший
88946,Хороший
88947,Хороший
88948,Хороший
88949,Хороший
88950,Хороший
88951,Хороший
88952,Плохой
88953,Плохой
88954,Плохой
88955,Плохой
88956,Плохой
88957,Плохой
88958,Плохой
88959,Плохой
88984,Обычный
88985,Обычный
88986,Обычный
88987,Обычный
88988,Обычный
88989,Обычный
88990,Обычный
88991,Обычный
89008,Плохой
89009,Плохой
89010,Плохой
89011,Плохой
89012,Плохой
89013,Плохой
89014,Плохой
89015,Плохой
89048,Плохой
89049,Плохой
89050,Плохой
89051,Плохой
89052,Обычный
89053,Плохой
89054,Плохой
89055,Плохой
89056,Обычный
89057,Обычный
89058,Обычный
89059,Обычный
89060,Обычный
89061,Обычный
89062,Обычный
89063,Обычный
89080,Обычный
89081,Обычный
89082,Плохой
89083,Плохой
89084,Обычный
89085,Обычный
89086,Обычный
89087,Обычный
89104,Плохой
89105,Плохой
89106,Плохой
89107,Плохой
89108,Плохой
89109,Плохой
89110,Плохой
89111,Плохой
89152,Обычный
89153,Обычный
89154,Обычный
89155,Обычный
89156,Обычный
89157,Обычный
89158,Обычный
89159,Обычный
89160,Обычный
89161,Обычный
89162,Обычный
89163,Обычный
89164,Обычный
89165,Обычный
89166,Обычный
89167,Обычный
89248,Плохой
89249,Плохой
89250,Плохой
89251,Плохой
89252,Плохой
89253,Плохой
89254,Плохой
89255,Плохой
89256,Плохой
89257,Плохой
89258,Плохой
89259,Плохой
89260,Плохой
89261,Плохой
89262,Плохой
89263,Плохой
89288,Обычный
89289,Обычный
89290,Обычный
89291,Обычный
89292,Обычный
89293,Обычный
89294,Обычный
89295,Обычный
89312,Обычный
89313,Обычный
89314,Обычный
89315,Обычный
89316,Обычный
89317,Обычный
89318,Обычный
89319,Обычный
89320,Обычный
89321,Обычный
89322,Обычный
89323,Обычный
89324,Обычный
89325,Обычный
89326,Обычный
89327,Обычный
89336,Обычный
89337,Обычный
89338,Обычный
89339,Обычный
89340,Обычный
89341,Обычный
89342,Обычный
89343,Плохой
89392,Обычный
89393,Обычный
89394,Обычный
89395,Обычный
89396,Обычный
89397,Обычный
89398,Обычный
89399,Обычный
89400,Обычный
89401,Обычный
89402,Обычный
89403,Обычный
89404,Обычный
89405,Обычный
89406,Обычный
89407,Обычный
89416,Обычный
89417,Обычный
89418,Обычный
89419,Обычный
89420,Обычный
89421,Обычный
89422,Обычный
89423,Обычный
89424,Хороший
89425,Хороший
89426,Хороший
89427,Хороший
89428,Хороший
89429,Хороший
89430,Хороший
89431,Хороший
89432,Обычный
89433,Обычный
89434,Обычный
89435,Обычный
89436,Обычный
89437,Обычный
89438,Обычный
89439,Обычный
89440,Хороший
89441,Хороший
89442,Хороший
89443,Хороший
89444,Хороший
89445,Хороший
89446,Хороший
89447,Хороший
89456,Хороший
89457,Хороший
89458,Обычный
89459,Хороший
89460,Обычный
89461,Хороший
89462,Обычный
89463,Хороший
89480,Обычный
89481,Обычный
89482,Обычный
89483,Обычный
89484,Обычный
89485,Обычный
89486,Обычный
89487,Обычный
89496,Обычный
89497,Обычный
89498,Обычный
89499,Обычный
89500,Обычный
89501,Обычный
89502,Обычный
89503,Обычный
89512,Обычный
89513,Обычный
89514,Обычный
89515,Обычный
89516,Обычный
89517,Обычный
89518,Обычный
89519,Обычный
89520,Обычный
89521,Обычный
89522,Обычный
89523,Обычный
89524,Обычный
89525,Обычный
89526,Обычный
89527,Обычный
89528,Обычный
89529,Обычный
89530,Обычный
89531,Обычный
89532,Обычный
89533,Обычный
89534,Обычный
89535,Обычный
89536,Обычный
89537,Плохой
89538,Обычный
89539,Обычный
89540,Обычный
89541,Плохой
89542,Обычный
89543,Плохой
89568,Обычный
89569,Обычный
89570,Обычный
89571,Обычный
89572,Обычный
89573,Обычный
89574,Обычный
89575,Обычный
89608,Хороший
89609,Хороший
89610,Хороший
89611,Хороший
89612,Хороший
89613,Хороший
89614,Хороший
89615,Хороший
89616,Обычный
89617,Обычный
89618,Обычный
89619,Обычный
89620,Обычный
89621,Обычный
89622,Обычный
89623,Обычный
89632,Хороший
89633,Хороший
89634,Хороший
89635,Хороший
89636,Хороший
89637,Хороший
89638,Хороший
89639,Хороший
89664,Обычный
89665,Обычный
89666,Обычный
89667,Обычный
89668,Обычный
89669,Обычный
89670,Хороший
89671,Обычный
89688,Обычный
89689,Обычный
89690,Обычный
89691,Обычный
89692,Обычный
89693,Обычный
89694,Обычный
89695,Обычный
89712,Хороший
89713,Хороший
89714,Хороший
89715,Хороший
89716,Хороший
89717,Хороший
89718,Хороший
89719,Хороший
89720,Хороший
89721,Хороший
89722,Хороший
89723,Обычный
89724,Хороший
89725,Хороший
89726,Хороший
89727,Хороший
89736,Обычный
89737,Обычный
89738,Обычный
89739,Обычный
89740,Обычный
89741,Обычный
89742,Обычный
89743,Обычный
89768,Плохой
89769,Плохой
89770,Обычный
89771,Обычный
89772,Плохой
89773,Плохой
89774,Плохой
89775,Обычный
89776,Обычный
89777,Обычный
89778,Обычный
89779,Обычный
89780,Плохой
89781,Обычный
89782,Обычный
89783,Плохой
89792,Обычный
89793,Обычный
89794,Обычный
89795,Обычный
89796,Обычный
89797,Обычный
89798,Обычный
89799,Обычный
89808,Обычный
89809,Обычный
89810,Обычный
89811,Обычный
89812,Обычный
89813,Обычный
89814,Обычный
89815,Плохой
89824,Обычный
89825,Обычный
89826,Обычный
89827,Обычный
89828,Обычный
89829,Обычный
89830,Обычный
89831,Обычный
89840,Плохой
89841,Плохой
89842,Плохой
89843,Плохой
89844,Плохой
89845,Плохой
89846,Плохой
89847,Плохой
89848,Хороший
89849,Хороший
89850,Хороший
89851,Хороший
89852,Хороший
89853,Хороший
89854,Хороший
89855,Хороший
89856,Плохой
89857,Плохой
89858,Плохой
89859,Плохой
89860,Плохой
89861,Обычный
89862,Плохой
89863,Плохой
89864,Обычный
89865,Плохой
89866,Плохой
89867,Обычный
89868,Плохой
89869,Обычный
89870,Обычный
89871,Обычный
89872,Обычный
89873,Обычный
89874,Обычный
89875,Обычный
89876,Обычный
89877,Обычный
89878,Обычный
89879,Обычный
89896,Обычный
89897,Обычный
89898,Обычный
89899,Обычный
89900,Обычный
89901,Обычный
89902,Обычный
89903,Обычный
89912,Обычный
89913,Обычный
89914,Обычный
89915,Обычный
89916,Обычный
89917,Обычный
89918,Обычный
89919,Обычный
89920,Обычный
89921,Обычный
89922,Обычный
89923,Обычный
89924,Обычный
89925,Обычный
89926,Обычный
89927,Обычный
89928,Плохой
89929,Обычный
89930,Плохой
89931,Обычный
89932,Плохой
89933,Плохой
89934,Плохой
89935,Плохой
89952,Плохой
89953,Обычный
89954,Плохой
89955,Плохой
89956,Плохой
89957,Плохой
89958,Плохой
89959,Плохой
89984,Хороший
89985,Обычный
89986,Хороший
89987,Хороший
89988,Хороший
89989,Хороший
89990,Хороший
89991,Хороший
90024,Хороший
90025,Обычный
90026,Хороший
90027,Хороший
90028,Хороший
90029,Хороший
90030,Хороший
90031,Хороший
90032,Обычный
90033,Обычный
90034,Обычный
90035,Плохой
90036,Обычный
90037,Обычный
90038,Плохой
90039,Плохой
90048,Обычный
90049,Обычный
90050,Обычный
90051,Обычный
90052,Обычный
90053,Обычный
90054,Обычный
90055,Обычный
90064,Обычный
90065,Плохой
90066,Обычный
90067,Обычный
90068,Плохой
90069,Плохой
90070,Обычный
90071,Плохой
90080,Обычный
90081,Обычный
90082,Обычный
90083,Обычный
90084,Обычный
90085,Обычный
90086,Обычный
90087,Обычный
90088,Обычный
90089,Обычный
90090,Обычный
90091,Обычный
90092,Обычный
90093,Обычный
90094,Обычный
90095,Обычный
90144,Плохой
90145,Плохой
90146,Плохой
90147,Плохой
90148,Плохой
90149,Плохой
90150,Плохой
90151,Плохой
90152,Обычный
90153,Обычный
90154,Обычный
90155,Обычный
90156,Обычный
90157,Обычный
90158,Обычный
90159,Обычный
90192,Обычный
90193,Обычный
90194,Обычный
90195,Обычный
90196,Обычный
90197,Обычный
90198,Обычный
90199,Обычный
90208,Обычный
90209,Обычный
90210,Обычный
90211,Обычный
90212,Обычный
90213,Обычный
90214,Обычный
90215,Обычный
90216,Хороший
90217,Хороший
90218,Хороший
90219,Хороший
90220,Хороший
90221,Хороший
90222,Хороший
90223,Хороший
90264,Хороший
90265,Обычный
90266,Обычный
90267,Хороший
90268,Хороший
90269,Обычный
90270,Хороший
90271,Обычный
90272,Обычный
90273,Обычный
90274,Обычный
90275,Обычный
90276,Обычный
90277,Плохой
90278,Обычный
90279,Плохой
90280,Обычный
90281,Обычный
90282,Обычный
90283,Обычный
90284,Обычный
90285,Обычный
90286,Обычный
90287,Обычный
90288,Обычный
90289,Обычный
90290,Обычный
90291,Обычный
90292,Обычный
90293,Обычный
90294,Обычный
90295,Обычный
90312,Хороший
90313,Хороший
90314,Хороший
90315,Обычный
90316,Хороший
90317,Хороший
90318,Обычный
90319,Хороший
90336,Обычный
90337,Обычный
90338,Плохой
90339,Обычный
90340,Плохой
90341,Обычный
90342,Плохой
90343,Обычный
90384,Хороший
90385,Хороший
90386,Хороший
90387,Хороший
90388,Хороший
90389,Хороший
90390,Хороший
90391,Хороший
90392,Плохой
90393,Плохой
90394,Плохой
90395,Плохой
90396,Плохой
90397,Плохой
90398,Плохой
90399,Плохой
90408,Плохой
90409,Плохой
90410,Обычный
90411,Обычный
90412,Плохой
90413,Обычный
90414,Плохой
90415,Плохой
90440,Обычный
90441,Обычный
90442,Обычный
90443,Хороший
90444,Обычный
90445,Обычный
90446,Обычный
90447,Обычный
90448,Обычный
90449,Обычный
90450,Обычный
90451,Обычный
90452,Обычный
90453,Обычный
90454,Обычный
90455,Обычный
90472,Обычный
90473,Обычный
90474,Обычный
90475,Обычный
90476,Обычный
90477,Обычный
90478,Обычный
90479,Обычный
90504,Плохой
90505,Плохой
90506,Плохой
90507,Плохой
90508,Плохой
90509,Плохой
90510,Плохой
90511,Плохой
90528,Обычный
90529,Обычный
90530,Обычный
90531,Обычный
90532,Обычный
90533,Обычный
90534,Обычный
90535,Обычный
90576,Обычный
90577,Обычный
90578,Обычный
90579,Обычный
90580,Хороший
90581,Обычный
90582,Обычный
90583,Обычный
90608,Плохой
90609,Плохой
90610,Плохой
90611,Плохой
90612,Плохой
90613,Плохой
90614,Плохой
90615,Плохой
90624,Обычный
90625,Обычный
90626,Обычный
90627,Обычный
90628,Обычный
90629,Обычный
90630,Обычный
90631,Обычный
90672,Обычный
90673,Обычный
90674,Обычный
90675,Обычный
90676,Обычный
90677,Обычный
90678,Обычный
90679,Обычный
90696,Обычный
90697,Обычный
90698,Обычный
90699,Обычный
90700,Обычный
90701,Обычный
90702,Обычный
90703,Обычный
90704,Обычный
90705,Обычный
90706,Обычный
90707,Обычный
90708,Обычный
90709,Обычный
90710,Обычный
90711,Обычный
90728,Обычный
90729,Обычный
90730,Обычный
90731,Обычный
90732,Обычный
90733,Обычный
90734,Обычный
90735,Обычный
90776,Обычный
90777,Обычный
90778,Обычный
90779,Обычный
90780,Обычный
90781,Обычный
90782,Хороший
90783,Хороший
90800,Обычный
90801,Обычный
90802,Обычный
90803,Обычный
90804,Обычный
90805,Обычный
90806,Обычный
90807,Обычный
90808,Плохой
90809,Плохой
90810,Плохой
90811,Плохой
90812,Плохой
90813,Плохой
90814,Плохой
90815,Плохой
90856,Хороший
90857,Хороший
90858,Хороший
90859,Хороший
90860,Хороший
90861,Хороший
90862,Хороший
90863,Хороший
90880,Плохой
90881,Плохой
90882,Плохой
90883,Обычный
90884,Обычный
90885,Плохой
90886,Плохой
90887,Плохой
90936,Хороший
90937,Хороший
90938,Хороший
90939,Хороший
90940,Хороший
90941,Хороший
90942,Плохой
90943,Хороший
90976,Обычный
90977,Обычный
90978,Обычный
90979,Обычный
90980,Обычный
90981,Обычный
90982,Обычный
90983,Обычный
90984,Обычный
90985,Обычный
90986,Обычный
90987,Обычный
90988,Обычный
90989,Обычный
90990,Обычный
90991,Обычный
90992,Обычный
90993,Обычный
90994,Обычный
90995,Обычный
90996,Обычный
90997,Обычный
90998,Обычный
90999,Обычный
91000,Плохой
91001,Плохой
91002,Плохой
91003,Обычный
91004,Плохой
91005,Плохой
91006,Плохой
91007,Плохой
91008,Обычный
91009,Обычный
91010,Обычный
91011,Обычный
91012,Обычный
91013,Обычный
91014,Обычный
91015,Обычный
91032,Обычный
91033,Обычный
91034,Обычный
91035,Обычный
91036,Обычный
91037,Обычный
91038,Обычный
91039,Обычный
91056,Хороший
91057,Хороший
91058,Хороший
91059,Обычный
91060,Хороший
91061,Хороший
91062,Хороший
91063,Хороший
91064,Хороший
91065,Хороший
91066,Хороший
91067,Хороший
91068,Хороший
91069,Хороший
91070,Хороший
91071,Хороший
91072,Обычный
91073,Обычный
91074,Обычный
91075,Обычный
91076,Обычный
91077,Обычный
91078,Обычный
91079,Обычный
91088,Хороший
91089,Хороший
91090,Хороший
91091,Хороший
91092,Хороший
91093,Хороший
91094,Хороший
91095,Хороший
91104,Обычный
91105,Обычный
91106,Обычный
91107,Обычный
91108,Обычный
91109,Обычный
91110,Обычный
91111,Обычный
91144,Обычный
91145,Обычный
91146,Обычный
91147,Обычный
91148,Обычный
91149,Обычный
91150,Обычный
91151,Обычный
91184,Хороший
91185,Хороший
91186,Обычный
91187,Хороший
91188,Обычный
91189,Обычный
91190,Обычный
91191,Хороший
91232,Обычный
91233,Обычный
91234,Обычный
91235,Обычный
91236,Обычный
91237,Обычный
91238,Обычный
91239,Обычный
91240,Плохой
91241,Плохой
91242,Плохой
91243,Плохой
91244,Плохой
91245,Плохой
91246,Плохой
91247,Плохой
91248,Обычный
91249,Обычный
91250,Обычный
91251,Обычный
91252,Обычный
91253,Обычный
91254,Обычный
91255,Обычный
91264,Обычный
91265,Обычный
91266,Обычный
91267,Обычный
91268,Обычный
91269,Обычный
91270,Обычный
91271,Обычный
91352,Хороший
91353,Хороший
91354,Хороший
91355,Хороший
91356,Хороший
91357,Хороший
91358,Хороший
91359,Хороший
91360,Плохой
91361,Плохой
91362,Плохой
91363,Плохой
91364,Плохой
91365,Плохой
91366,Плохой
91367,Плохой
91384,Хороший
91385,Хороший
91386,Хороший
91387,Хороший
91388,Хороший
91389,Хороший
91390,Хороший
91391,Хороший
91392,Плохой
91393,Плохой
91394,Плохой
91395,Плохой
91396,Плохой
91397,Плохой
91398,Плохой
91399,Плохой
91408,Обычный
91409,Обычный
91410,Обычный
91411,Обычный
91412,Обычный
91413,Обычный
91414,Обычный
91415,Обычный
91432,Хороший
91433,Хороший
91434,Хороший
91435,Хороший
91436,Хороший
91437,Хороший
91438,Хороший
91439,Хороший
91456,Обычный
91457,Обычный
91458,Хороший
91459,Обычный
91460,Обычный
91461,Обычный
91462,Обычный
91463,Обычный
91464,Хороший
91465,Хороший
91466,Хороший
91467,Хороший
91468,Хороший
91469,Хороший
91470,Хороший
91471,Хороший
91472,Плохой
91473,Плохой
91474,Плохой
91475,Плохой
91476,Плохой
91477,Плохой
91478,Обычный
91479,Обычный
91520,Хороший
91521,Хороший
91522,Хороший
91523,Хороший
91524,Хороший
91525,Хороший
91526,Обычный
91527,Хороший
91528,Хороший
91529,Хороший
91530,Хороший
91531,Хороший
91532,Хороший
91533,Хороший
91534,Хороший
91535,Хороший
91536,Обычный
91537,Обычный
91538,Обычный
91539,Обычный
91540,Обычный
91541,Обычный
91542,Обычный
91543,Обычный
91544,Обычный
91545,Обычный
91546,Обычный
91547,Обычный
91548,Обычный
91549,Обычный
91550,Обычный
91551,Обычный
91568,Обычный
91569,Обычный
91570,Обычный
91571,Обычный
91572,Обычный
91573,Обычный
91574,Обычный
91575,Обычный
91600,Обычный
91601,Обычный
91602,Обычный
91603,Обычный
91604,Обычный
91605,Обычный
91606,Обычный
91607,Обычный
91608,Обычный
91609,Обычный
91610,Обычный
91611,Обычный
91612,Обычный
91613,Обычный
91614,Обычный
91615,Обычный
91616,Обычный
91617,Обычный
91618,Плохой
91619,Обычный
91620,Плохой
91621,Обычный
91622,Плохой
91623,Плохой
91624,Обычный
91625,Обычный
91626,Обычный
91627,Обычный
91628,Обычный
91629,Обычный
91630,Обычный
91631,Обычный
91632,Обычный
91633,Обычный
91634,Обычный
91635,Обычный
91636,Обычный
91637,Обычный
91638,Обычный
91639,Обычный
91688,Хороший
91689,Хороший
91690,Обычный
91691,Обычный
91692,Обычный
91693,Хороший
91694,Обычный
91695,Обычный
91696,Хороший
91697,Хороший
91698,Хороший
91699,Хороший
91700,Хороший
91701,Хороший
91702,Хороший
91703,Хороший
91704,Хороший
91705,Хороший
91706,Хороший
91707,Хороший
91708,Хороший
91709,Хороший
91710,Хороший
91711,Хороший
91712,Обычный
91713,Обычный
91714,Обычный
91715,Обычный
91716,Обычный
91717,Обычный
91718,Обычный
91719,Обычный
91720,Хороший
91721,Хороший
91722,Хороший
91723,Хороший
91724,Хороший
91725,Хороший
91726,Хороший
91727,Хороший
91736,Обычный
91737,Обычный
91738,Обычный
91739,Обычный
91740,Обычный
91741,Обычный
91742,Обычный
91743,Обычный
91744,Хороший
91745,Хороший
91746,Хороший
91747,Обычный
91748,Хороший
91749,Хороший
91750,Обычный
91751,Хороший
91768,Обычный
91769,Обычный
91770,Обычный
91771,Обычный
91772,Обычный
91773,Обычный
91774,Обычный
91775,Обычный
91800,Обычный
91801,Обычный
91802,Обычный
91803,Обычный
91804,Обычный
91805,Обычный
91806,Обычный
91807,Обычный
91824,Хороший
91825,Обычный
91826,Обычный
91827,Обычный
91828,Обычный
91829,Обычный
91830,Обычный
91831,Обычный
91832,Плохой
91833,Обычный
91834,Плохой
91835,Плохой
91836,Обычный
91837,Плохой
91838,Обычный
91839,Обычный
91848,Хороший
91849,Хороший
91850,Хороший
91851,Хороший
91852,Обычный
91853,Хороший
91854,Хороший
91855,Хороший
91872,Плохой
91873,Плохой
91874,Плохой
91875,Плохой
91876,Плохой
91877,Обычный
91878,Плохой
91879,Плохой
91896,Плохой
91897,Плохой
91898,Плохой
91899,Плохой
91900,Плохой
91901,Плохой
91902,Плохой
91903,Плохой
91904,Обычный
91905,Обычный
91906,Хороший
91907,Обычный
91908,Обычный
91909,Обычный
91910,Хороший
91911,Хороший
91912,Обычный
91913,Обычный
91914,Обычный
91915,Обычный
91916,Обычный
91917,Обычный
91918,Обычный
91919,Обычный
91936,Плохой
91937,Плохой
91938,Плохой
91939,Плохой
91940,Плохой
91941,Плохой
91942,Плохой
91943,Плохой
91968,Плохой
91969,Плохой
91970,Плохой
91971,Плохой
91972,Плохой
91973,Плохой
91974,Плохой
91975,Плохой
91992,Обычный
91993,Обычный
91994,Обычный
91995,Обычный
91996,Обычный
91997,Обычный
91998,Обычный
91999,Обычный
92000,Обычный
92001,Обычный
92002,Обычный
92003,Обычный
92004,Обычный
92005,Обычный
92006,Обычный
92007,Обычный
92024,Хороший
92025,Хороший
92026,Хороший
92027,Хороший
92028,Хороший
92029,Хороший
92030,Хороший
92031,Хороший
92048,Плохой
92049,Плохой
92050,Плохой
92051,Плохой
92052,Плохой
92053,Плохой
92054,Плохой
92055,Плохой
92088,Плохой
92089,Плохой
92090,Плохой
92091,Плохой
92092,Плохой
92093,Плохой
92094,Плохой
92095,Плохой
92104,Хороший
92105,Хороший
92106,Хороший
92107,Хороший
92108,Хороший
92109,Хороший
92110,Хороший
92111,Хороший
92112,Плохой
92113,Плохой
92114,Плохой
92115,Плохой
92116,Плохой
92117,Плохой
92118,Плохой
92119,Плохой
92152,Обычный
92153,Обычный
92154,Обычный
92155,Обычный
92156,Хороший
92157,Обычный
92158,Хороший
92159,Обычный
92184,Плохой
92185,Плохой
92186,Плохой
92187,Плохой
92188,Плохой
92189,Плохой
92190,Плохой
92191,Плохой
92208,Хороший
92209,Хороший
92210,Хороший
92211,Хороший
92212,Хороший
92213,Хороший
92214,Хороший
92215,Хороший
92216,Обычный
92217,Обычный
92218,Обычный
92219,Обычный
92220,Обычный
92221,Обычный
92222,Обычный
92223,Обычный
92232,Обычный
92233,Обычный
92234,Обычный
92235,Обычный
92236,Обычный
92237,Обычный
92238,Обычный
92239,Обычный
92256,Обычный
92257,Обычный
92258,Обычный
92259,Обычный
92260,Обычный
92261,Обычный
92262,Обычный
92263,Обычный
92264,Обычный
92265,Обычный
92266,Обычный
92267,Обычный
92268,Обычный
92269,Обычный
92270,Обычный
92271,Обычный
92304,Обычный
92305,Обычный
92306,Обычный
92307,Обычный
92308,Обычный
92309,Обычный
92310,Обычный
92311,Обычный
92312,Обычный
92313,Обычный
92314,Обычный
92315,Обычный
92316,Обычный
92317,Обычный
92318,Обычный
92319,Обычный
92352,Плохой
92353,Плохой
92354,Обычный
92355,Обычный
92356,Плохой
92357,Обычный
92358,Плохой
92359,Обычный
92384,Плохой
92385,Плохой
92386,Плохой
92387,Плохой
92388,Плохой
92389,Плохой
92390,Плохой
92391,Обычный
92408,Хороший
92409,Хороший
92410,Хороший
92411,Хороший
92412,Хороший
92413,Хороший
92414,Хороший
92415,Хороший
92416,Хороший
92417,Хороший
92418,Хороший
92419,Хороший
92420,Хороший
92421,Хороший
92422,Хороший
92423,Хороший
92424,Хороший
92425,Хороший
92426,Хороший
92427,Хороший
92428,Хороший
92429,Хороший
92430,Хороший
92431,Хороший
92440,Плохой
92441,Плохой
92442,Плохой
92443,Плохой
92444,Плохой
92445,Плохой
92446,Плохой
92447,Плохой
92512,Обычный
92513,Обычный
92514,Обычный
92515,Обычный
92516,Обычный
92517,Обычный
92518,Обычный
92519,Обычный
92544,Плохой
92545,Плохой
92546,Плохой
92547,Плохой
92548,Плохой
92549,Плохой
92550,Плохой
92551,Плохой
92576,Обычный
92577,Обычный
92578,Обычный
92579,Обычный
92580,Обычный
92581,Обычный
92582,Обычный
92583,Обычный
92592,Плохой
92593,Плохой
92594,Обычный
92595,Плохой
92596,Обычный
92597,Плохой
92598,Плохой
92599,Плохой
92616,Плохой
92617,Плохой
92618,Плохой
92619,Плохой
92620,Плохой
92621,Плохой
92622,Плохой
92623,Плохой
92624,Обычный
92625,Обычный
92626,Обычный
92627,Плохой
92628,Обычный
92629,Обычный
92630,Плохой
92631,Плохой
92632,Обычный
92633,Обычный
92634,Обычный
92635,Обычный
92636,Обычный
92637,Обычный
92638,Обычный
92639,Обычный
92656,Хороший
92657,Хороший
92658,Хороший
92659,Хороший
92660,Хороший
92661,Хороший
92662,Хороший
92663,Хороший
92704,Обычный
92705,Обычный
92706,Обычный
92707,Обычный
92708,Обычный
92709,Обычный
92710,Обычный
92711,Обычный
92728,Плохой
92729,Плохой
92730,Плохой
92731,Плохой
92732,Плохой
92733,Плохой
92734,Плохой
92735,Плохой
92784,Обычный
92785,Обычный
92786,Обычный
92787,Обычный
92788,Обычный
92789,Обычный
92790,Обычный
92791,Обычный
92800,Обычный
92801,Обычный
92802,Хороший
92803,Обычный
92804,Хороший
92805,Обычный
92806,Хороший
92807,Хороший
92824,Плохой
92825,Плохой
92826,Плохой
92827,Плохой
92828,Плохой
92829,Плохой
92830,Плохой
92831,Плохой
92840,Обычный
92841,Обычный
92842,Обычный
92843,Обычный
92844,Обычный
92845,Обычный
92846,Обычный
92847,Обычный
92864,Обычный
92865,Обычный
92866,Обычный
92867,Обычный
92868,Обычный
92869,Обычный
92870,Обычный
92871,Плохой
92936,Обычный
92937,Обычный
92938,Обычный
92939,Обычный
92940,Обычный
92941,Обычный
92942,Обычный
92943,Обычный
92968,Хороший
92969,Хороший
92970,Хороший
92971,Хороший
92972,Хороший
92973,Хороший
92974,Хороший
92975,Хороший
92976,Обычный
92977,Обычный
92978,Обычный
92979,Обычный
92980,Плохой
92981,Обычный
92982,Плохой
92983,Плохой
93000,Обычный
93001,Обычный
93002,Обычный
93003,Обычный
93004,Обычный
93005,Обычный
93006,Обычный
93007,Обычный
93072,Хороший
93073,Хороший
93074,Хороший
93075,Хороший
93076,Хороший
93077,Хороший
93078,Хороший
93079,Хороший
93080,Плохой
93081,Обычный
93082,Обычный
93083,Обычный
93084,Обычный
93085,Плохой
93086,Обычный
93087,Обычный
93104,Хороший
93105,Хороший
93106,Хороший
93107,Хороший
93108,Хороший
93109,Хороший
93110,Хороший
93111,Хороший
93152,Обычный
93153,Обычный
93154,Обычный
93155,Обычный
93156,Обычный
93157,Обычный
93158,Обычный
93159,Обычный
93160,Обычный
93161,Обычный
93162,Обычный
93163,Обычный
93164,Обычный
93165,Обычный
93166,Обычный
93167,Обычный
93176,Обычный
93177,Обычный
93178,Обычный
93179,Обычный
93180,Обычный
93181,Обычный
93182,Обычный
93183,Обычный
93184,Обычный
93185,Плохой
93186,Обычный
93187,Обычный
93188,Плохой
93189,Обычный
93190,Обычный
93191,Обычный
93192,Плохой
93193,Плохой
93194,Плохой
93195,Плохой
93196,Плохой
93197,Плохой
93198,Плохой
93199,Плохой
93224,Хороший
93225,Хороший
93226,Хороший
93227,Хороший
93228,Хороший
93229,Хороший
93230,Хороший
93231,Хороший
93248,Обычный
93249,Плохой
93250,Обычный
93251,Обычный
93252,Обычный
93253,Обычный
93254,Плохой
93255,Обычный
93264,Обычный
93265,Обычный
93266,Обычный
93267,Обычный
93268,Обычный
93269,Обычный
93270,Обычный
93271,Обычный
93288,Плохой
93289,Плохой
93290,Плохой
93291,Плохой
93292,Плохой
93293,Плохой
93294,Плохой
93295,Плохой
93312,Обычный
93313,Обычный
93314,Обычный
93315,Обычный
93316,Обычный
93317,Плохой
93318,Плохой
93319,Обычный
93352,Обычный
93353,Обычный
93354,Обычный
93355,Обычный
93356,Обычный
93357,Обычный
93358,Обычный
93359,Обычный
93368,Хороший
93369,Хороший
93370,Хороший
93371,Хороший
93372,Хороший
93373,Хороший
93374,Хороший
93375,Хороший
93384,Плохой
93385,Обычный
93386,Обычный
93387,Обычный
93388,Обычный
93389,Обычный
93390,Плохой
93391,Обычный
93392,Хороший
93393,Хороший
93394,Обычный
93395,Обычный
93396,Плохой
93397,Обычный
93398,Обычный
93399,Плохой
93400,Обычный
93401,Обычный
93402,Обычный
93403,Обычный
93404,Обычный
93405,Обычный
93406,Обычный
93407,Обычный
93408,Плохой
93409,Плохой
93410,Плохой
93411,Плохой
93412,Плохой
93413,Плохой
93414,Плохой
93415,Плохой
93432,Плохой
93433,Плохой
93434,Плохой
93435,Плохой
93436,Плохой
93437,Плохой
93438,Плохой
93439,Плохой
93464,Обычный
93465,Обычный
93466,Обычный
93467,Обычный
93468,Обычный
93469,Обычный
93470,Обычный
93471,Обычный
93496,Обычный
93497,Обычный
93498,Обычный
93499,Обычный
93500,Обычный
93501,Обычный
93502,Обычный
93503,Обычный
93504,Плохой
93505,Плохой
93506,Плохой
93507,Плохой
93508,Плохой
93509,Плохой
93510,Плохой
93511,Плохой
93536,Хороший
93537,Хороший
93538,Хороший
93539,Хороший
93540,Хороший
93541,Хороший
93542,Хороший
93543,Хороший
93544,Плохой
93545,Плохой
93546,Плохой
93547,Плохой
93548,Плохой
93549,Плохой
93550,Плохой
93551,Плохой
93568,Хороший
93569,Обычный
93570,Обычный
93571,Обычный
93572,Обычный
93573,Обычный
93574,Обычный
93575,Обычный
93608,Обычный
93609,Обычный
93610,Обычный
93611,Обычный
93612,Обычный
93613,Обычный
93614,Обычный
93615,Обычный
93640,Обычный
93641,Обычный
93642,Обычный
93643,Обычный
93644,Обычный
93645,Обычный
93646,Обычный
93647,Обычный
93656,Обычный
93657,Обычный
93658,Обычный
93659,Обычный
93660,Обычный
93661,Обычный
93662,Обычный
93663,Обычный
93688,Обычный
93689,Обычный
93690,Обычный
93691,Обычный
93692,Обычный
93693,Обычный
93694,Обычный
93695,Обычный
93712,Плохой
93713,Плохой
93714,Плохой
93715,Плохой
93716,Плохой
93717,Плохой
93718,Плохой
93719,Плохой
93720,Плохой
93721,Плохой
93722,Обычный
93723,Плохой
93724,Обычный
93725,Обычный
93726,Обычный
93727,Плохой
93728,Плохой
93729,Плохой
93730,Плохой
93731,Плохой
93732,Плохой
93733,Плохой
93734,Плохой
93735,Плохой
93744,Хороший
93745,Хороший
93746,Хороший
93747,Хороший
93748,Хороший
93749,Хороший
93750,Хороший
93751,Хороший
93768,Обычный
93769,Обычный
93770,Обычный
93771,Обычный
93772,Обычный
93773,Обычный
93774,Обычный
93775,Обычный
93808,Обычный
93809,Обычный
93810,Обычный
93811,Обычный
93812,Обычный
93813,Обычный
93814,Обычный
93815,Обычный
93856,Обычный
93857,Обычный
93858,Обычный
93859,Обычный
93860,Обычный
93861,Обычный
93862,Обычный
93863,Обычный
93936,Плохой
93937,Плохой
93938,Плохой
93939,Плохой
93940,Плохой
93941,Плохой
93942,Плохой
93943,Плохой
93984,Обычный
93985,Обычный
93986,Обычный
93987,Обычный
93988,Обычный
93989,Обычный
93990,Обычный
93991,Обычный
93992,Обычный
93993,Обычный
93994,Обычный
93995,Обычный
93996,Обычный
93997,Обычный
93998,Обычный
93999,Обычный
94008,Обычный
94009,Обычный
94010,Обычный
94011,Обычный
94012,Обычный
94013,Обычный
94014,Обычный
94015,Обычный
94016,Плохой
94017,Плохой
94018,Обычный
94019,Плохой
94020,Плохой
94021,Плохой
94022,Плохой
94023,Плохой
94064,Обычный
94065,Обычный
94066,Обычный
94067,Обычный
94068,Обычный
94069,Обычный
94070,Обычный
94071,Обычный
94096,Плохой
94097,Плохой
94098,Плохой
94099,Плохой
94100,Плохой
94101,Плохой
94102,Плохой
94103,Плохой
94152,Плохой
94153,Плохой
94154,Плохой
94155,Плохой
94156,Плохой
94157,Плохой
94158,Плохой
94159,Плохой
94168,Хороший
94169,Хороший
94170,Хороший
94171,Хороший
94172,Хороший
94173,Хороший
94174,Хороший
94175,Хороший
94200,Хороший
94201,Хороший
94202,Хороший
94203,Хороший
94204,Хороший
94205,Обычный
94206,Хороший
94207,Обычный
94208,Обычный
94209,Обычный
94210,Обычный
94211,Обычный
94212,Обычный
94213,Обычный
94214,Обычный
94215,Обычный
94224,Обычный
94225,Обычный
94226,Обычный
94227,Обычный
94228,Обычный
94229,Обычный
94230,Обычный
94231,Обычный
94240,Хороший
94241,Хороший
94242,Хороший
94243,Хороший
94244,Хороший
94245,Хороший
94246,Хороший
94247,Хороший
94248,Плохой
94249,Плохой
94250,Плохой
94251,Плохой
94252,Плохой
94253,Плохой
94254,Плохой
94255,Плохой
94272,Хороший
94273,Хороший
94274,Хороший
94275,Хороший
94276,Хороший
94277,Хороший
94278,Хороший
94279,Хороший
94376,Обычный
94377,Обычный
94378,Обычный
94379,Обычный
94380,Обычный
94381,Обычный
94382,Обычный
94383,Обычный
94392,Плохой
94393,Плохой
94394,Плохой
94395,Плохой
94396,Плохой
94397,Плохой
94398,Плохой
94399,Плохой
94408,Обычный
94409,Обычный
94410,Обычный
94411,Обычный
94412,Обычный
94413,Обычный
94414,Обычный
94415,Обычный
94424,Плохой
94425,Плохой
94426,Плохой
94427,Плохой
94428,Плохой
94429,Плохой
94430,Плохой
94431,Плохой
94440,Плохой
94441,Плохой
94442,Плохой
94443,Плохой
94444,Плохой
94445,Плохой
94446,Плохой
94447,Плохой
94472,Обычный
94473,Обычный
94474,Обычный
94475,Обычный
94476,Обычный
94477,Обычный
94478,Обычный
94479,Обычный
94480,Обычный
94481,Обычный
94482,Обычный
94483,Обычный
94484,Обычный
94485,Обычный
94486,Обычный
94487,Обычный
94488,Плохой
94489,Плохой
94490,Плохой
94491,Плохой
94492,Плохой
94493,Плохой
94494,Плохой
94495,Плохой
94512,Обычный
94513,Обычный
94514,Обычный
94515,Обычный
94516,Обычный
94517,Обычный
94518,Обычный
94519,Обычный
94520,Обычный
94521,Плохой
94522,Обычный
94523,Плохой
94524,Плохой
94525,Обычный
94526,Плохой
94527,Обычный
94536,Хороший
94537,Хороший
94538,Хороший
94539,Хороший
94540,Хороший
94541,Хороший
94542,Хороший
94543,Хороший
94544,Обычный
94545,Обычный
94546,Обычный
94547,Обычный
94548,Обычный
94549,Обычный
94550,Обычный
94551,Обычный
94576,Обычный
94577,Обычный
94578,Обычный
94579,Обычный
94580,Обычный
94581,Обычный
94582,Обычный
94583,Обычный
94632,Плохой
94633,Плохой
94634,Плохой
94635,Плохой
94636,Плохой
94637,Плохой
94638,Плохой
94639,Плохой
94664,Плохой
94665,Плохой
94666,Плохой
94667,Плохой
94668,Плохой
94669,Плохой
94670,Плохой
94671,Плохой
94680,Обычный
94681,Обычный
94682,Обычный
94683,Обычный
94684,Плохой
94685,Хороший
94686,Обычный
94687,Обычный
94752,Обычный
94753,Обычный
94754,Обычный
94755,Обычный
94756,Обычный
94757,Обычный
94758,Обычный
94759,Обычный
94768,Обычный
94769,Обычный
94770,Обычный
94771,Обычный
94772,Обычный
94773,Обычный
94774,Обычный
94775,Обычный
94848,Обычный
94849,Обычный
94850,Обычный
94851,Обычный
94852,Обычный
94853,Обычный
94854,Обычный
94855,Обычный
94872,Плохой
94873,Плохой
94874,Плохой
94875,Плохой
94876,Плохой
94877,Плохой
94878,Плохой
94879,Плохой
94928,Обычный
94929,Обычный
94930,Обычный
94931,Обычный
94932,Обычный
94933,Обычный
94934,Обычный
94935,Обычный
95000,Хороший
95001,Хороший
95002,Хороший
95003,Хороший
95004,Хороший
95005,Хороший
95006,Хороший
95007,Хороший
95008,Обычный
95009,Хороший
95010,Хороший
95011,Хороший
95012,Хороший
95013,Хороший
95014,Обычный
95015,Хороший
95016,Обычный
95017,Обычный
95018,Обычный
95019,Обычный
95020,Обычный
95021,Хороший
95022,Обычный
95023,Обычный
95056,Обычный
95057,Обычный
95058,Обычный
95059,Обычный
95060,Обычный
95061,Обычный
95062,Обычный
95063,Обычный
95104,Плохой
95105,Плохой
95106,Плохой
95107,Плохой
95108,Плохой
95109,Плохой
95110,Обычный
95111,Плохой
95112,Хороший
95113,Хороший
95114,Обычный
95115,Обычный
95116,Обычный
95117,Обычный
95118,Обычный
95119,Обычный
95144,Обычный
95145,Обычный
95146,Обычный
95147,Обычный
95148,Обычный
95149,Обычный
95150,Обычный
95151,Обычный
95184,Обычный
95185,Обычный
95186,Обычный
95187,Обычный
95188,Обычный
95189,Обычный
95190,Обычный
95191,Обычный
95200,Обычный
95201,Обычный
95202,Обычный
95203,Обычный
95204,Обычный
95205,Обычный
95206,Обычный
95207,Обычный
95208,Обычный
95209,Обычный
95210,Обычный
95211,Обычный
95212,Обычный
95213,Обычный
95214,Обычный
95215,Обычный
95216,Обычный
95217,Обычный
95218,Обычный
95219,Хороший
95220,Обычный
95221,Хороший
95222,Обычный
95223,Обычный
95232,Плохой
95233,Плохой
95234,Плохой
95235,Плохой
95236,Плохой
95237,Плохой
95238,Плохой
95239,Плохой
95280,Плохой
95281,Обычный
95282,Обычный
95283,Обычный
95284,Обычный
95285,Обычный
95286,Обычный
95287,Обычный
95344,Обычный
95345,Обычный
95346,Обычный
95347,Обычный
95348,Обычный
95349,Обычный
95350,Обычный
95351,Обычный
95352,Плохой
95353,Плохой
95354,Плохой
95355,Плохой
95356,Плохой
95357,Плохой
95358,Плохой
95359,Плохой
95368,Обычный
95369,Обычный
95370,Обычный
95371,Обычный
95372,Обычный
95373,Обычный
95374,Обычный
95375,Обычный
95384,Обычный
95385,Обычный
95386,Обычный
95387,Обычный
95388,Обычный
95389,Обычный
95390,Обычный
95391,Обычный
95464,Хороший
95465,Хороший
95466,Хороший
95467,Хороший
95468,Хороший
95469,Хороший
95470,Хороший
95471,Хороший
95496,Плохой
95497,Плохой
95498,Плохой
95499,Плохой
95500,Плохой
95501,Плохой
95502,Плохой
95503,Плохой
95544,Обычный
95545,Обычный
95546,Обычный
95547,Обычный
95548,Обычный
95549,Обычный
95550,Обычный
95551,Обычный
95568,Плохой
95569,Плохой
95570,Плохой
95571,Плохой
95572,Плохой
95573,Плохой
95574,Плохой
95575,Плохой
95600,Плохой
95601,Плохой
95602,Обычный
95603,Плохой
95604,Плохой
95605,Плохой
95606,Плохой
95607,Плохой
95608,Плохой
95609,Плохой
95610,Плохой
95611,Плохой
95612,Плохой
95613,Плохой
95614,Плохой
95615,Плохой
95624,Обычный
95625,Обычный
95626,Обычный
95627,Обычный
95628,Обычный
95629,Обычный
95630,Обычный
95631,Обычный
95632,Обычный
95633,Хороший
95634,Обычный
95635,Обычный
95636,Хороший
95637,Хороший
95638,Обычный
95639,Обычный
95640,Плохой
95641,Плохой
95642,Плохой
95643,Плохой
95644,Плохой
95645,Плохой
95646,Плохой
95647,Плохой
95648,Обычный
95649,Плохой
95650,Обычный
95651,Обычный
95652,Обычный
95653,Плохой
95654,Обычный
95655,Плохой
95672,Обычный
95673,Обычный
95674,Обычный
95675,Обычный
95676,Обычный
95677,Обычный
95678,Обычный
95679,Обычный
95704,Плохой
95705,Плохой
95706,Плохой
95707,Плохой
95708,Плохой
95709,Плохой
95710,Плохой
95711,Плохой
95712,Обычный
95713,Обычный
95714,Обычный
95715,Обычный
95716,Обычный
95717,Обычный
95718,Обычный
95719,Обычный
95736,Хороший
95737,Хороший
95738,Хороший
95739,Хороший
95740,Хороший
95741,Хороший
95742,Хороший
95743,Хороший
95760,Обычный
95761,Обычный
95762,Обычный
95763,Обычный
95764,Обычный
95765,Обычный
95766,Обычный
95767,Обычный
95768,Обычный
95769,Обычный
95770,Обычный
95771,Обычный
95772,Обычный
95773,Обычный
95774,Обычный
95775,Обычный
95776,Плохой
95777,Обычный
95778,Обычный
95779,Обычный
95780,Плохой
95781,Плохой
95782,Плохой
95783,Обычный
95792,Обычный
95793,Плохой
95794,Плохой
95795,Обычный
95796,Обычный
95797,Обычный
95798,Плохой
95799,Плохой
95800,Плохой
95801,Обычный
95802,Обычный
95803,Обычный
95804,Обычный
95805,Плохой
95806,Обычный
95807,Обычный
95808,Обычный
95809,Обычный
95810,Обычный
95811,Обычный
95812,Обычный
95813,Обычный
95814,Хороший
95815,Обычный
95816,Плохой
95817,Обычный
95818,Плохой
95819,Плохой
95820,Плохой
95821,Плохой
95822,Плохой
95823,Плохой
95840,Обычный
95841,Обычный
95842,Обычный
95843,Обычный
95844,Обычный
95845,Обычный
95846,Обычный
95847,Обычный
95872,Плохой
95873,Плохой
95874,Плохой
95875,Плохой
95876,Плохой
95877,Плохой
95878,Плохой
95879,Плохой
95880,Обычный
95881,Обычный
95882,Обычный
95883,Обычный
95884,Обычный
95885,Обычный
95886,Обычный
95887,Обычный
95896,Обычный
95897,Плохой
95898,Обычный
95899,Плохой
95900,Плохой
95901,Обычный
95902,Обычный
95903,Плохой
95904,Плохой
95905,Плохой
95906,Плохой
95907,Плохой
95908,Плохой
95909,Плохой
95910,Плохой
95911,Плохой
95912,Обычный
95913,Обычный
95914,Обычный
95915,Обычный
95916,Обычный
95917,Обычный
95918,Обычный
95919,Обычный
95920,Обычный
95921,Обычный
95922,Обычный
95923,Обычный
95924,Обычный
95925,Обычный
95926,Обычный
95927,Обычный
95944,Обычный
95945,Обычный
95946,Обычный
95947,Плохой
95948,Плохой
95949,Плохой
95950,Плохой
95951,Плохой
95960,Обычный
95961,Обычный
95962,Обычный
95963,Обычный
95964,Обычный
95965,Обычный
95966,Плохой
95967,Плохой
95968,Обычный
95969,Хороший
95970,Хороший
95971,Хороший
95972,Хороший
95973,Хороший
95974,Обычный
95975,Хороший
96024,Плохой
96025,Плохой
96026,Плохой
96027,Плохой
96028,Плохой
96029,Плохой
96030,Плохой
96031,Плохой
96048,Обычный
96049,Обычный
96050,Обычный
96051,Обычный
96052,Обычный
96053,Обычный
96054,Обычный
96055,Обычный
96088,Плохой
96089,Обычный
96090,Плохой
96091,Обычный
96092,Обычный
96093,Обычный
96094,Обычный
96095,Плохой
96104,Обычный
96105,Обычный
96106,Обычный
96107,Обычный
96108,Обычный
96109,Плохой
96110,Обычный
96111,Обычный
96112,Обычный
96113,Обычный
96114,Обычный
96115,Обычный
96116,Обычный
96117,Обычный
96118,Обычный
96119,Обычный
96152,Хороший
96153,Хороший
96154,Хороший
96155,Хороший
96156,Хороший
96157,Хороший
96158,Хороший
96159,Хороший
96176,Обычный
96177,Обычный
96178,Обычный
96179,Обычный
96180,Обычный
96181,Обычный
96182,Обычный
96183,Обычный
96200,Плохой
96201,Плохой
96202,Плохой
96203,Плохой
96204,Плохой
96205,Плохой
96206,Плохой
96207,Плохой
96208,Обычный
96209,Обычный
96210,Обычный
96211,Обычный
96212,Обычный
96213,Обычный
96214,Обычный
96215,Обычный
96224,Хороший
96225,Хороший
96226,Хороший
96227,Хороший
96228,Хороший
96229,Хороший
96230,Хороший
96231,Обычный
96232,Хороший
96233,Хороший
96234,Хороший
96235,Хороший
96236,Хороший
96237,Хороший
96238,Хороший
96239,Хороший
96304,Хороший
96305,Хороший
96306,Хороший
96307,Хороший
96308,Хороший
96309,Хороший
96310,Хороший
96311,Хороший
96384,Обычный
96385,Обычный
96386,Обычный
96387,Обычный
96388,Обычный
96389,Обычный
96390,Обычный
96391,Обычный
96392,Обычный
96393,Обычный
96394,Обычный
96395,Обычный
96396,Обычный
96397,Обычный
96398,Обычный
96399,Обычный
96456,Обычный
96457,Обычный
96458,Обычный
96459,Обычный
96460,Обычный
96461,Плохой
96462,Обычный
96463,Обычный
96520,Плохой
96521,Плохой
96522,Плохой
96523,Плохой
96524,Плохой
96525,Плохой
96526,Плохой
96527,Плохой
96528,Плохой
96529,Плохой
96530,Плохой
96531,Плохой
96532,Плохой
96533,Плохой
96534,Плохой
96535,Плохой
96536,Хороший
96537,Хороший
96538,Хороший
96539,Хороший
96540,Обычный
96541,Обычный
96542,Хороший
96543,Хороший
96560,Обычный
96561,Обычный
96562,Обычный
96563,Обычный
96564,Обычный
96565,Обычный
96566,Обычный
96567,Обычный
96600,Хороший
96601,Хороший
96602,Обычный
96603,Обычный
96604,Хороший
96605,Хороший
96606,Хороший
96607,Плохой
96624,Обычный
96625,Обычный
96626,Обычный
96627,Обычный
96628,Обычный
96629,Обычный
96630,Обычный
96631,Обычный
96672,Плохой
96673,Обычный
96674,Обычный
96675,Обычный
96676,Обычный
96677,Обычный
96678,Обычный
96679,Обычный
96752,Хороший
96753,Хороший
96754,Хороший
96755,Хороший
96756,Хороший
96757,Хороший
96758,Хороший
96759,Хороший
96768,Обычный
96769,Обычный
96770,Обычный
96771,Обычный
96772,Обычный
96773,Обычный
96774,Обычный
96775,Обычный
96808,Обычный
96809,Обычный
96810,Обычный
96811,Обычный
96812,Обычный
96813,Обычный
96814,Обычный
96815,Обычный
96824,Обычный
96825,Обычный
96826,Обычный
96827,Обычный
96828,Обычный
96829,Обычный
96830,Обычный
96831,Обычный
96880,Обычный
96881,Обычный
96882,Обычный
96883,Обычный
96884,Обычный
96885,Обычный
96886,Обычный
96887,Обычный
96896,Обычный
96897,Плохой
96898,Плохой
96899,Плохой
96900,Обычный
96901,Плохой
96902,Обычный
96903,Плохой
96904,Хороший
96905,Хороший
96906,Хороший
96907,Хороший
96908,Хороший
96909,Хороший
96910,Хороший
96911,Хороший
96912,Обычный
96913,Обычный
96914,Обычный
96915,Обычный
96916,Обычный
96917,Обычный
96918,Обычный
96919,Обычный
96952,Хороший
96953,Хороший
96954,Хороший
96955,Хороший
96956,Хороший
96957,Хороший
96958,Хороший
96959,Хороший
97048,Плохой
97049,Плохой
97050,Плохой
97051,Плохой
97052,Плохой
97053,Плохой
97054,Плохой
97055,Плохой
97080,Обычный
97081,Обычный
97082,Обычный
97083,Обычный
97084,Обычный
97085,Обычный
97086,Обычный
97087,Обычный
97088,Обычный
97089,Обычный
97090,Обычный
97091,Обычный
97092,Обычный
97093,Обычный
97094,Обычный
97095,Обычный
97096,Обычный
97097,Обычный
97098,Обычный
97099,Обычный
97100,Обычный
97101,Плохой
97102,Обычный
97103,Обычный
97104,Обычный
97105,Обычный
97106,Обычный
97107,Обычный
97108,Обычный
97109,Обычный
97110,Обычный
97111,Обычный
97112,Обычный
97113,Обычный
97114,Обычный
97115,Обычный
97116,Обычный
97117,Обычный
97118,Обычный
97119,Обычный
97152,Обычный
97153,Обычный
97154,Обычный
97155,Обычный
97156,Обычный
97157,Обычный
97158,Обычный
97159,Обычный
97160,Обычный
97161,Обычный
97162,Обычный
97163,Обычный
97164,Обычный
97165,Обычный
97166,Обычный
97167,Обычный
97168,Обычный
97169,Обычный
97170,Обычный
97171,Обычный
97172,Обычный
97173,Обычный
97174,Обычный
97175,Обычный
97192,Хороший
97193,Хороший
97194,Хороший
97195,Хороший
97196,Хороший
97197,Хороший
97198,Хороший
97199,Хороший
97200,Плохой
97201,Обычный
97202,Плохой
97203,Плохой
97204,Плохой
97205,Плохой
97206,Плохой
97207,Плохой
97216,Обычный
97217,Обычный
97218,Обычный
97219,Обычный
97220,Обычный
97221,Обычный
97222,Обычный
97223,Обычный
97248,Обычный
97249,Обычный
97250,Плохой
97251,Плохой
97252,Плохой
97253,Плохой
97254,Плохой
97255,Обычный
97256,Обычный
97257,Плохой
97258,Плохой
97259,Обычный
97260,Обычный
97261,Плохой
97262,Обычный
97263,Плохой
97304,Плохой
97305,Плохой
97306,Плохой
97307,Плохой
97308,Плохой
97309,Плохой
97310,Плохой
97311,Плохой
97328,Плохой
97329,Плохой
97330,Плохой
97331,Плохой
97332,Плохой
97333,Плохой
97334,Плохой
97335,Плохой
97336,Обычный
97337,Обычный
97338,Обычный
97339,Обычный
97340,Обычный
97341,Обычный
97342,Обычный
97343,Обычный
97344,Плохой
97345,Плохой
97346,Плохой
97347,Плохой
97348,Плохой
97349,Плохой
97350,Плохой
97351,Плохой
97352,Плохой
97353,Плохой
97354,Плохой
97355,Плохой
97356,Плохой
97357,Плохой
97358,Плохой
97359,Плохой
97408,Плохой
97409,Плохой
97410,Плохой
97411,Плохой
97412,Плохой
97413,Плохой
97414,Плохой
97415,Плохой
97424,Плохой
97425,Обычный
97426,Обычный
97427,Плохой
97428,Обычный
97429,Плохой
97430,Обычный
97431,Плохой
97440,Плохой
97441,Плохой
97442,Плохой
97443,Плохой
97444,Плохой
97445,Плохой
97446,Плохой
97447,Плохой
97448,Обычный
97449,Обычный
97450,Обычный
97451,Обычный
97452,Обычный
97453,Обычный
97454,Обычный
97455,Обычный
97456,Обычный
97457,Обычный
97458,Обычный
97459,Хороший
97460,Хороший
97461,Хороший
97462,Хороший
97463,Обычный
97464,Обычный
97465,Обычный
97466,Обычный
97467,Обычный
97468,Обычный
97469,Обычный
97470,Обычный
97471,Обычный
97472,Плохой
97473,Плохой
97474,Плохой
97475,Плохой
97476,Плохой
97477,Плохой
97478,Плохой
97479,Плохой
97480,Плохой
97481,Плохой
97482,Плохой
97483,Плохой
97484,Плохой
97485,Плохой
97486,Плохой
97487,Плохой
97496,Хороший
97497,Хороший
97498,Хороший
97499,Хороший
97500,Обычный
97501,Хороший
97502,Хороший
97503,Хороший
97624,Обычный
97625,Обычный
97626,Обычный
97627,Обычный
97628,Обычный
97629,Обычный
97630,Обычный
97631,Обычный
97664,Обычный
97665,Обычный
97666,Обычный
97667,Обычный
97668,Обычный
97669,Обычный
97670,Обычный
97671,Обычный
97688,Хороший
97689,Обычный
97690,Обычный
97691,Обычный
97692,Обычный
97693,Обычный
97694,Обычный
97695,Обычный
97696,Плохой
97697,Обычный
97698,Обычный
97699,Обычный
97700,Обычный
97701,Плохой
97702,Обычный
97703,Плохой
97736,Обычный
97737,Обычный
97738,Обычный
97739,Обычный
97740,Обычный
97741,Обычный
97742,Обычный
97743,Обычный
97752,Обычный
97753,Обычный
97754,Обычный
97755,Обычный
97756,Обычный
97757,Обычный
97758,Обычный
97759,Обычный
97768,Плохой
97769,Плохой
97770,Обычный
97771,Плохой
97772,Обычный
97773,Плохой
97774,Плохой
97775,Обычный
97776,Обычный
97777,Обычный
97778,Обычный
97779,Обычный
97780,Обычный
97781,Обычный
97782,Обычный
97783,Обычный
97784,Хороший
97785,Хороший
97786,Хороший
97787,Хороший
97788,Хороший
97789,Хороший
97790,Хороший
97791,Хороший
97816,Обычный
97817,Хороший
97818,Обычный
97819,Обычный
97820,Обычный
97821,Обычный
97822,Обычный
97823,Обычный
97824,Плохой
97825,Плохой
97826,Плохой
97827,Плохой
97828,Плохой
97829,Плохой
97830,Плохой
97831,Плохой
97832,Обычный
97833,Обычный
97834,Обычный
97835,Обычный
97836,Обычный
97837,Обычный
97838,Обычный
97839,Обычный
97856,Обычный
97857,Обычный
97858,Обычный
97859,Обычный
97860,Обычный
97861,Обычный
97862,Обычный
97863,Обычный
97864,Хороший
97865,Хороший
97866,Хороший
97867,Хороший
97868,Хороший
97869,Хороший
97870,Хороший
97871,Хороший
97920,Плохой
97921,Плохой
97922,Плохой
97923,Плохой
97924,Плохой
97925,Плохой
97926,Плохой
97927,Плохой
97928,Хороший
97929,Хороший
97930,Хороший
97931,Хороший
97932,Хороший
97933,Хороший
97934,Обычный
97935,Хороший
97952,Обычный
97953,Обычный
97954,Обычный
97955,Обычный
97956,Обычный
97957,Обычный
97958,Обычный
97959,Обычный
97960,Обычный
97961,Обычный
97962,Обычный
97963,Обычный
97964,Обычный
97965,Обычный
97966,Обычный
97967,Хороший
97976,Обычный
97977,Обычный
97978,Обычный
97979,Обычный
97980,Обычный
97981,Обычный
97982,Обычный
97983,Обычный
98024,Обычный
98025,Обычный
98026,Обычный
98027,Обычный
98028,Обычный
98029,Обычный
98030,Обычный
98031,Обычный
98072,Обычный
98073,Обычный
98074,Обычный
98075,Обычный
98076,Обычный
98077,Обычный
98078,Обычный
98079,Обычный
98120,Обычный
98121,Обычный
98122,Обычный
98123,Обычный
98124,Обычный
98125,Обычный
98126,Обычный
98127,Обычный
98184,Хороший
98185,Хороший
98186,Хороший
98187,Хороший
98188,Хороший
98189,Хороший
98190,Хороший
98191,Хороший
98192,Плохой
98193,Плохой
98194,Плохой
98195,Плохой
98196,Плохой
98197,Плохой
98198,Плохой
98199,Плохой
98216,Обычный
98217,Обычный
98218,Обычный
98219,Обычный
98220,Обычный
98221,Обычный
98222,Обычный
98223,Обычный
98224,Хороший
98225,Обычный
98226,Хороший
98227,Хороший
98228,Хороший
98229,Хороший
98230,Хороший
98231,Хороший
98256,Хороший
98257,Хороший
98258,Хороший
98259,Хороший
98260,Хороший
98261,Хороший
98262,Хороший
98263,Хороший
98264,Хороший
98265,Хороший
98266,Хороший
98267,Хороший
98268,Хороший
98269,Хороший
98270,Хороший
98271,Хороший
98288,Хороший
98289,Хороший
98290,Плохой
98291,Хороший
98292,Хороший
98293,Хороший
98294,Хороший
98295,Хороший
98296,Хороший
98297,Хороший
98298,Хороший
98299,Хороший
98300,Хороший
98301,Хороший
98302,Хороший
98303,Хороший
98336,Обычный
98337,Обычный
98338,Обычный
98339,Обычный
98340,Обычный
98341,Обычный
98342,Обычный
98343,Обычный
98344,Хороший
98345,Хороший
98346,Хороший
98347,Хороший
98348,Обычный
98349,Хороший
98350,Хороший
98351,Хороший
98360,Обычный
98361,Обычный
98362,Обычный
98363,Обычный
98364,Обычный
98365,Обычный
98366,Обычный
98367,Обычный
98392,Обычный
98393,Хороший
98394,Обычный
98395,Обычный
98396,Обычный
98397,Обычный
98398,Обычный
98399,Хороший
98408,Обычный
98409,Обычный
98410,Обычный
98411,Обычный
98412,Обычный
98413,Обычный
98414,Обычный
98415,Обычный
98416,Плохой
98417,Плохой
98418,Плохой
98419,Плохой
98420,Плохой
98421,Плохой
98422,Плохой
98423,Плохой
98432,Плохой
98433,Плохой
98434,Плохой
98435,Плохой
98436,Плохой
98437,Плохой
98438,Плохой
98439,Плохой
98448,Плохой
98449,Плохой
98450,Плохой
98451,Плохой
98452,Плохой
98453,Плохой
98454,Плохой
98455,Плохой
98472,Обычный
98473,Обычный
98474,Обычный
98475,Обычный
98476,Обычный
98477,Обычный
98478,Обычный
98479,Обычный
98480,Обычный
98481,Обычный
98482,Обычный
98483,Обычный
98484,Обычный
98485,Обычный
98486,Обычный
98487,Обычный
98504,Обычный
98505,Обычный
98506,Обычный
98507,Обычный
98508,Обычный
98509,Обычный
98510,Обычный
98511,Обычный
98528,Обычный
98529,Обычный
98530,Обычный
98531,Обычный
98532,Обычный
98533,Обычный
98534,Обычный
98535,Обычный
98560,Плохой
98561,Плохой
98562,Плохой
98563,Обычный
98564,Обычный
98565,Обычный
98566,Обычный
98567,Обычный
98592,Обычный
98593,Обычный
98594,Обычный
98595,Обычный
98596,Обычный
98597,Обычный
98598,Обычный
98599,Обычный
98656,Обычный
98657,Обычный
98658,Плохой
98659,Обычный
98660,Обычный
98661,Обычный
98662,Обычный
98663,Плохой
98704,Обычный
98705,Обычный
98706,Обычный
98707,Обычный
98708,Обычный
98709,Обычный
98710,Обычный
98711,Обычный
98744,Плохой
98745,Обычный
98746,Обычный
98747,Обычный
98748,Плохой
98749,Плохой
98750,Плохой
98751,Плохой
98752,Плохой
98753,Плохой
98754,Плохой
98755,Плохой
98756,Плохой
98757,Плохой
98758,Плохой
98759,Плохой
98760,Обычный
98761,Обычный
98762,Обычный
98763,Обычный
98764,Обычный
98765,Обычный
98766,Обычный
98767,Обычный
98768,Обычный
98769,Обычный
98770,Обычный
98771,Обычный
98772,Обычный
98773,Обычный
98774,Обычный
98775,Обычный
98776,Обычный
98777,Обычный
98778,Обычный
98779,Обычный
98780,Обычный
98781,Хороший
98782,Обычный
98783,Обычный
98784,Хороший
98785,Обычный
98786,Плохой
98787,Обычный
98788,Обычный
98789,Плохой
98790,Обычный
98791,Обычный
98816,Обычный
98817,Обычный
98818,Обычный
98819,Обычный
98820,Обычный
98821,Обычный
98822,Обычный
98823,Обычный
98824,Плохой
98825,Плохой
98826,Плохой
98827,Плохой
98828,Плохой
98829,Плохой
98830,Плохой
98831,Плохой
98864,Обычный
98865,Хороший
98866,Обычный
98867,Обычный
98868,Обычный
98869,Обычный
98870,Хороший
98871,Обычный
98872,Обычный
98873,Обычный
98874,Обычный
98875,Обычный
98876,Обычный
98877,Обычный
98878,Обычный
98879,Обычный
98912,Обычный
98913,Обычный
98914,Обычный
98915,Обычный
98916,Обычный
98917,Обычный
98918,Обычный
98919,Обычный
98920,Обычный
98921,Обычный
98922,Плохой
98923,Плохой
98924,Обычный
98925,Плохой
98926,Обычный
98927,Обычный
98944,Обычный
98945,Обычный
98946,Обычный
98947,Обычный
98948,Обычный
98949,Обычный
98950,Обычный
98951,Обычный
98984,Хороший
98985,Хороший
98986,Хороший
98987,Хороший
98988,Хороший
98989,Хороший
98990,Хороший
98991,Хороший
99008,Плохой
99009,Плохой
99010,Плохой
99011,Плохой
99012,Плохой
99013,Плохой
99014,Плохой
99015,Плохой
99016,Обычный
99017,Обычный
99018,Обычный
99019,Обычный
99020,Обычный
99021,Обычный
99022,Обычный
99023,Обычный
99064,Плохой
99065,Плохой
99066,Плохой
99067,Плохой
99068,Плохой
99069,Плохой
99070,Плохой
99071,Плохой
99096,Обычный
99097,Обычный
99098,Обычный
99099,Обычный
99100,Обычный
99101,Обычный
99102,Обычный
99103,Обычный
99112,Обычный
99113,Обычный
99114,Обычный
99115,Обычный
99116,Обычный
99117,Обычный
99118,Обычный
99119,Обычный
99120,Плохой
99121,Плохой
99122,Плохой
99123,Плохой
99124,Плохой
99125,Плохой
99126,Обычный
99127,Плохой
99136,Обычный
99137,Обычный
99138,Обычный
99139,Обычный
99140,Обычный
99141,Обычный
99142,Обычный
99143,Обычный
99160,Плохой
99161,Плохой
99162,Плохой
99163,Плохой
99164,Плохой
99165,Плохой
99166,Плохой
99167,Плохой
99168,Обычный
99169,Обычный
99170,Обычный
99171,Обычный
99172,Обычный
99173,Обычный
99174,Обычный
99175,Обычный
99176,Обычный
99177,Обычный
99178,Обычный
99179,Обычный
99180,Обычный
99181,Обычный
99182,Обычный
99183,Плохой
99192,Хороший
99193,Хороший
99194,Хороший
99195,Хороший
99196,Хороший
99197,Хороший
99198,Хороший
99199,Хороший
99200,Обычный
99201,Обычный
99202,Обычный
99203,Обычный
99204,Обычный
99205,Обычный
99206,Обычный
99207,Обычный
99248,Обычный
99249,Обычный
99250,Обычный
99251,Обычный
99252,Обычный
99253,Обычный
99254,Обычный
99255,Обычный
99304,Хороший
99305,Хороший
99306,Хороший
99307,Хороший
99308,Хороший
99309,Хороший
99310,Хороший
99311,Хороший
99328,Обычный
99329,Обычный
99330,Обычный
99331,Обычный
99332,Обычный
99333,Обычный
99334,Обычный
99335,Обычный
99336,Обычный
99337,Обычный
99338,Обычный
99339,Обычный
99340,Обычный
99341,Обычный
99342,Обычный
99343,Обычный
99344,Хороший
99345,Обычный
99346,Обычный
99347,Обычный
99348,Хороший
99349,Обычный
99350,Обычный
99351,Обычный
99360,Обычный
99361,Обычный
99362,Обычный
99363,Обычный
99364,Обычный
99365,Обычный
99366,Обычный
99367,Обычный
99368,Хороший
99369,Хороший
99370,Хороший
99371,Хороший
99372,Хороший
99373,Хороший
99374,Хороший
99375,Хороший
99400,Плохой
99401,Плохой
99402,Плохой
99403,Плохой
99404,Плохой
99405,Плохой
99406,Плохой
99407,Плохой
99408,Плохой
99409,Плохой
99410,Плохой
99411,Плохой
99412,Плохой
99413,Плохой
99414,Плохой
99415,Плохой
99424,Плохой
99425,Плохой
99426,Плохой
99427,Плохой
99428,Плохой
99429,Плохой
99430,Плохой
99431,Плохой
99432,Плохой
99433,Плохой
99434,Плохой
99435,Плохой
99436,Плохой
99437,Плохой
99438,Плохой
99439,Плохой
99440,Обычный
99441,Обычный
99442,Обычный
99443,Обычный
99444,Обычный
99445,Обычный
99446,Обычный
99447,Обычный
99456,Обычный
99457,Хороший
99458,Хороший
99459,Хороший
99460,Хороший
99461,Хороший
99462,Хороший
99463,Хороший
99464,Плохой
99465,Плохой
99466,Плохой
99467,Плохой
99468,Плохой
99469,Плохой
99470,Плохой
99471,Плохой
99488,Плохой
99489,Плохой
99490,Плохой
99491,Плохой
99492,Плохой
99493,Плохой
99494,Плохой
99495,Плохой
99504,Обычный
99505,Обычный
99506,Обычный
99507,Обычный
99508,Обычный
99509,Обычный
99510,Обычный
99511,Обычный
99528,Плохой
99529,Плохой
99530,Плохой
99531,Плохой
99532,Плохой
99533,Плохой
99534,Плохой
99535,Плохой
99608,Обычный
99609,Обычный
99610,Обычный
99611,Обычный
99612,Обычный
99613,Обычный
99614,Обычный
99615,Обычный
99632,Хороший
99633,Хороший
99634,Хороший
99635,Хороший
99636,Хороший
99637,Хороший
99638,Хороший
99639,Хороший
99672,Обычный
99673,Обычный
99674,Обычный
99675,Обычный
99676,Обычный
99677,Обычный
99678,Обычный
99679,Обычный
99688,Обычный
99689,Обычный
99690,Обычный
99691,Обычный
99692,Обычный
99693,Обычный
99694,Обычный
99695,Обычный
99704,Обычный
99705,Обычный
99706,Обычный
99707,Обычный
99708,Обычный
99709,Обычный
99710,Обычный
99711,Обычный
99736,Плохой
99737,Плохой
99738,Плохой
99739,Плохой
99740,Плохой
99741,Плохой
99742,Плохой
99743,Плохой
99744,Обычный
99745,Обычный
99746,Обычный
99747,Обычный
99748,Обычный
99749,Обычный
99750,Обычный
99751,Обычный
99760,Обычный
99761,Обычный
99762,Обычный
99763,Обычный
99764,Обычный
99765,Обычный
99766,Обычный
99767,Обычный
99784,Хороший
99785,Хороший
99786,Хороший
99787,Хороший
99788,Хороший
99789,Хороший
99790,Хороший
99791,Хороший
99808,Обычный
99809,Обычный
99810,Обычный
99811,Обычный
99812,Обычный
99813,Обычный
99814,Обычный
99815,Обычный
99840,Обычный
99841,Обычный
99842,Обычный
99843,Обычный
99844,Обычный
99845,Обычный
99846,Обычный
99847,Обычный
99856,Обычный
99857,Обычный
99858,Обычный
99859,Обычный
99860,Обычный
99861,Обычный
99862,Обычный
99863,Обычный
99912,Обычный
99913,Обычный
99914,Обычный
99915,Обычный
99916,Обычный
99917,Обычный
99918,Обычный
99919,Обычный
99976,Обычный
99977,Хороший
99978,Обычный
99979,Обычный
99980,Хороший
99981,Обычный
99982,Обычный
99983,Хороший
99984,Плохой
99985,Плохой
99986,Плохой
99987,Обычный
99988,Плохой
99989,Плохой
99990,Обычный
99991,Обычный
99992,Обычный
99993,Обычный
99994,Обычный
99995,Обычный
99996,Обычный
99997,Обычный
99998,Обычный
99999,Обычный
